target_motor,method,seed,alpha,threshold,adaptation_blocks,calibration_blocks,healthy_test_blocks,fault_test_blocks,fault_records,false_alarms,false_alarm_rate,detected_fault_blocks,detection_rate,fault_record_macro_detection_rate,fault_records_with_any_alarm,fault_record_any_alarm_rate,block_auroc,block_auprc,estimator_kind,training_scope,training_rows,training_rows_by_motor,fit_warning_count,fit_warnings,input_features,retained_features,dropped_rank_redundant_features,covariance_rank,covariance_dimension,covariance_condition_number,raw_support_rows,final_support_rows
1kW,target_ocsvm_rbf,20260820,0.05,0.31663657443742177,4,20,14,560,14,0,0.0,560,1.0,1.0,14,1.0,1.0,1.0,ocsvm,target,60,{'1kW': 60},0,[],27,27,[],,,,,
1kW,source_target_ocsvm_rbf,20260820,0.05,0.6372183159190621,4,20,14,560,14,0,0.0,560,1.0,1.0,14,1.0,1.0,1.0,ocsvm,source_target_balanced,180,"{'1.5kW': 60, '1kW': 60, '3kW': 60}",0,[],27,27,[],,,,,
1kW,target_isolation_forest,20260820,0.05,0.5804002379732346,4,20,14,560,14,0,0.0,560,1.0,1.0,14,1.0,1.0,1.0,isolation_forest,target,60,{'1kW': 60},0,[],27,27,[],,,,,
1kW,source_target_isolation_forest,20260820,0.05,0.5772488393073238,4,20,14,560,14,0,0.0,560,1.0,1.0,14,1.0,1.0,1.0,isolation_forest,source_target_balanced,180,"{'1.5kW': 60, '1kW': 60, '3kW': 60}",0,[],27,27,[],,,,,
1kW,target_min_cov_det,20260820,0.05,301.31989770382665,4,20,14,560,14,2,0.14285714285714285,555,0.9910714285714286,0.9910714285714286,14,1.0,0.9971938775510205,0.9999294491864213,min_cov_det,target,60,{'1kW': 60},0,[],27,25,"['fundamental_hz', 'rms_ratio_b']",25.0,25.0,10452.401260155775,43.0,45.0
1kW,source_target_min_cov_det,20260820,0.05,1388.810434594403,4,20,14,560,14,1,0.07142857142857142,560,1.0,1.0,14,1.0,1.0,0.9999999999999999,min_cov_det,source_target_balanced,180,"{'1.5kW': 60, '1kW': 60, '3kW': 60}",0,[],27,26,['fundamental_hz'],26.0,26.0,4281.926398915026,104.0,105.0
1.5kW,target_ocsvm_rbf,20260820,0.05,0.3842977227252733,4,20,14,560,14,0,0.0,401,0.7160714285714286,0.7160714285714287,13,0.9285714285714286,0.9903061224489795,0.999754186694615,ocsvm,target,60,{'1.5kW': 60},0,[],27,27,[],,,,,
1.5kW,source_target_ocsvm_rbf,20260820,0.05,0.6645951804937069,4,20,14,560,14,0,0.0,468,0.8357142857142857,0.8357142857142856,13,0.9285714285714286,0.9905612244897959,0.9997626431984663,ocsvm,source_target_balanced,180,"{'1.5kW': 60, '1kW': 60, '3kW': 60}",0,[],27,27,[],,,,,
1.5kW,target_isolation_forest,20260820,0.05,0.5627659060647916,4,20,14,560,14,4,0.2857142857142857,511,0.9125,0.9124999999999999,14,1.0,0.9286989795918368,0.9979489934945044,isolation_forest,target,60,{'1.5kW': 60},0,[],27,27,[],,,,,
1.5kW,source_target_isolation_forest,20260820,0.05,0.5774204675342552,4,20,14,560,14,0,0.0,430,0.7678571428571429,0.767857142857143,14,1.0,0.9553571428571429,0.9988045585729912,isolation_forest,source_target_balanced,180,"{'1.5kW': 60, '1kW': 60, '3kW': 60}",0,[],27,27,[],,,,,
1.5kW,target_min_cov_det,20260820,0.05,671.8433259113564,4,20,14,560,14,0,0.0,406,0.725,0.725,12,0.8571428571428571,0.969515306122449,0.9992015276792262,min_cov_det,target,60,{'1.5kW': 60},0,[],27,25,"['fundamental_hz', 'rms_ratio_a']",25.0,25.0,22061.195130945027,43.0,44.0
1.5kW,source_target_min_cov_det,20260820,0.05,285.24290586698737,4,20,14,560,14,0,0.0,414,0.7392857142857143,0.7392857142857142,14,1.0,0.9911989795918367,0.9997777468283018,min_cov_det,source_target_balanced,180,"{'1.5kW': 60, '1kW': 60, '3kW': 60}",0,[],27,26,['fundamental_hz'],26.0,26.0,1190.5746053230798,104.0,103.0
3kW,target_ocsvm_rbf,20260820,0.05,0.40189818352023293,4,20,14,560,14,0,0.0,478,0.8535714285714285,0.8535714285714285,14,1.0,0.9961734693877551,0.9999041188104345,ocsvm,target,60,{'3kW': 60},0,[],27,27,[],,,,,
3kW,source_target_ocsvm_rbf,20260820,0.05,0.714253005125732,4,20,14,560,14,0,0.0,478,0.8535714285714285,0.8535714285714285,14,1.0,0.9951530612244898,0.9998788416823947,ocsvm,source_target_balanced,180,"{'1.5kW': 60, '1kW': 60, '3kW': 60}",0,[],27,27,[],,,,,
3kW,target_isolation_forest,20260820,0.05,0.5746255810040224,4,20,14,560,14,1,0.07142857142857142,550,0.9821428571428571,0.9821428571428571,14,1.0,0.9957908163265305,0.9998947989112577,isolation_forest,target,60,{'3kW': 60},0,[],27,27,[],,,,,
3kW,source_target_isolation_forest,20260820,0.05,0.5669234786805977,4,20,14,560,14,1,0.07142857142857142,547,0.9767857142857143,0.9767857142857143,14,1.0,0.9955357142857143,0.9998886575047041,isolation_forest,source_target_balanced,180,"{'1.5kW': 60, '1kW': 60, '3kW': 60}",0,[],27,27,[],,,,,
3kW,target_min_cov_det,20260820,0.05,1481.6859673266163,4,20,14,560,14,0,0.0,494,0.8821428571428571,0.8821428571428571,14,1.0,0.9793367346938775,0.9994762066751546,min_cov_det,target,60,{'3kW': 60},0,[],27,25,"['fundamental_hz', 'rms_ratio_a']",25.0,25.0,1988446.0679288977,43.0,43.0
3kW,source_target_min_cov_det,20260820,0.05,209.66430877424773,4,20,14,560,14,0,0.0,536,0.9571428571428572,0.9571428571428572,14,1.0,0.9878826530612245,0.9996958104850655,min_cov_det,source_target_balanced,180,"{'1.5kW': 60, '1kW': 60, '3kW': 60}",0,[],27,26,['fundamental_hz'],26.0,26.0,813.5142532017845,104.0,106.0
