motor_id,record_id,fault_family,severity_percent,is_healthy,method,seed,blocks,alarms,block_alarm_rate,mean_score,max_score,target_motor
1kW,1kW_coil_current_0p68pct,intercoil,0.68,False,target_ocsvm_rbf,20260820,40,40,1.0,0.4545505766817193,0.4545505766817193,1kW
1kW,1kW_coil_current_0p81pct,intercoil,0.81,False,target_ocsvm_rbf,20260820,40,40,1.0,0.4545505766817193,0.4545505766817193,1kW
1kW,1kW_coil_current_0pct,intercoil,0.0,True,target_ocsvm_rbf,20260820,14,0,0.0,0.1754876143373503,0.2992902676170724,1kW
1kW,1kW_coil_current_1p01pct,intercoil,1.01,False,target_ocsvm_rbf,20260820,40,40,1.0,0.4391312220497451,0.4524550468820086,1kW
1kW,1kW_coil_current_1p34pct,intercoil,1.34,False,target_ocsvm_rbf,20260820,40,40,1.0,0.4545505766817193,0.4545505766817193,1kW
1kW,1kW_coil_current_2pct,intercoil,2.0,False,target_ocsvm_rbf,20260820,40,40,1.0,0.4545505766817193,0.4545505766817193,1kW
1kW,1kW_coil_current_3p93pct,intercoil,3.93,False,target_ocsvm_rbf,20260820,40,40,1.0,0.4545505766817193,0.4545505766817193,1kW
1kW,1kW_coil_current_7p56pct,intercoil,7.56,False,target_ocsvm_rbf,20260820,40,40,1.0,0.4531949977557239,0.4542556094161309,1kW
1kW,1kW_turn_current_12p17pct,interturn,12.17,False,target_ocsvm_rbf,20260820,40,40,1.0,0.4545505766817193,0.4545505766817193,1kW
1kW,1kW_turn_current_21p69pct,interturn,21.69,False,target_ocsvm_rbf,20260820,40,40,1.0,0.4545505766817193,0.4545505766817193,1kW
1kW,1kW_turn_current_2p26pct,interturn,2.26,False,target_ocsvm_rbf,20260820,40,40,1.0,0.4545505766817193,0.4545505766817193,1kW
1kW,1kW_turn_current_2p7pct,interturn,2.7,False,target_ocsvm_rbf,20260820,40,40,1.0,0.4545505766817193,0.4545505766817193,1kW
1kW,1kW_turn_current_3p35pct,interturn,3.35,False,target_ocsvm_rbf,20260820,40,40,1.0,0.4545505766817193,0.4545505766817193,1kW
1kW,1kW_turn_current_4p41pct,interturn,4.41,False,target_ocsvm_rbf,20260820,40,40,1.0,0.4545505766817193,0.4545505766817193,1kW
1kW,1kW_turn_current_6p48pct,interturn,6.48,False,target_ocsvm_rbf,20260820,40,40,1.0,0.4545505766817193,0.4545505766817193,1kW
1kW,1kW_coil_current_0p68pct,intercoil,0.68,False,source_target_ocsvm_rbf,20260820,40,40,1.0,0.7963511464985531,0.7963511464985531,1kW
1kW,1kW_coil_current_0p81pct,intercoil,0.81,False,source_target_ocsvm_rbf,20260820,40,40,1.0,0.7963511464985531,0.7963511464985531,1kW
1kW,1kW_coil_current_0pct,intercoil,0.0,True,source_target_ocsvm_rbf,20260820,14,0,0.0,0.3081429723249629,0.5501716966527139,1kW
1kW,1kW_coil_current_1p01pct,intercoil,1.01,False,source_target_ocsvm_rbf,20260820,40,40,1.0,0.7776280358526202,0.7940626617568435,1kW
1kW,1kW_coil_current_1p34pct,intercoil,1.34,False,source_target_ocsvm_rbf,20260820,40,40,1.0,0.7963511464985531,0.7963511464985531,1kW
1kW,1kW_coil_current_2pct,intercoil,2.0,False,source_target_ocsvm_rbf,20260820,40,40,1.0,0.7963511464985531,0.7963511464985531,1kW
1kW,1kW_coil_current_3p93pct,intercoil,3.93,False,source_target_ocsvm_rbf,20260820,40,40,1.0,0.7963511464985531,0.7963511464985531,1kW
1kW,1kW_coil_current_7p56pct,intercoil,7.56,False,source_target_ocsvm_rbf,20260820,40,40,1.0,0.7953905096524687,0.7961944235402905,1kW
1kW,1kW_turn_current_12p17pct,interturn,12.17,False,source_target_ocsvm_rbf,20260820,40,40,1.0,0.7963511464985531,0.7963511464985531,1kW
1kW,1kW_turn_current_21p69pct,interturn,21.69,False,source_target_ocsvm_rbf,20260820,40,40,1.0,0.7963511464985531,0.7963511464985531,1kW
1kW,1kW_turn_current_2p26pct,interturn,2.26,False,source_target_ocsvm_rbf,20260820,40,40,1.0,0.7963511464985531,0.7963511464985531,1kW
1kW,1kW_turn_current_2p7pct,interturn,2.7,False,source_target_ocsvm_rbf,20260820,40,40,1.0,0.7963511464985531,0.7963511464985531,1kW
1kW,1kW_turn_current_3p35pct,interturn,3.35,False,source_target_ocsvm_rbf,20260820,40,40,1.0,0.7963511464985531,0.7963511464985531,1kW
1kW,1kW_turn_current_4p41pct,interturn,4.41,False,source_target_ocsvm_rbf,20260820,40,40,1.0,0.7963511464985531,0.7963511464985531,1kW
1kW,1kW_turn_current_6p48pct,interturn,6.48,False,source_target_ocsvm_rbf,20260820,40,40,1.0,0.7963511464985531,0.7963511464985531,1kW
1kW,1kW_coil_current_0p68pct,intercoil,0.68,False,target_isolation_forest,20260820,40,40,1.0,0.6675068410342679,0.6728761674840901,1kW
1kW,1kW_coil_current_0p81pct,intercoil,0.81,False,target_isolation_forest,20260820,40,40,1.0,0.6708448915115569,0.6777996407379177,1kW
1kW,1kW_coil_current_0pct,intercoil,0.0,True,target_isolation_forest,20260820,14,0,0.0,0.528804621966783,0.5655120759233955,1kW
1kW,1kW_coil_current_1p01pct,intercoil,1.01,False,target_isolation_forest,20260820,40,40,1.0,0.6154204625422102,0.6429017230967045,1kW
1kW,1kW_coil_current_1p34pct,intercoil,1.34,False,target_isolation_forest,20260820,40,40,1.0,0.6688542474053369,0.6764255500524973,1kW
1kW,1kW_coil_current_2pct,intercoil,2.0,False,target_isolation_forest,20260820,40,40,1.0,0.6619306732071301,0.6724554489692458,1kW
1kW,1kW_coil_current_3p93pct,intercoil,3.93,False,target_isolation_forest,20260820,40,40,1.0,0.6674518422602393,0.674728466444339,1kW
1kW,1kW_coil_current_7p56pct,intercoil,7.56,False,target_isolation_forest,20260820,40,40,1.0,0.6203098677704728,0.6391128162785682,1kW
1kW,1kW_turn_current_12p17pct,interturn,12.17,False,target_isolation_forest,20260820,40,40,1.0,0.665952297497189,0.6733141549741442,1kW
1kW,1kW_turn_current_21p69pct,interturn,21.69,False,target_isolation_forest,20260820,40,40,1.0,0.6646512539393215,0.6719554597868616,1kW
1kW,1kW_turn_current_2p26pct,interturn,2.26,False,target_isolation_forest,20260820,40,40,1.0,0.6683437837274998,0.6808266809312884,1kW
1kW,1kW_turn_current_2p7pct,interturn,2.7,False,target_isolation_forest,20260820,40,40,1.0,0.6697941294958079,0.675043490583735,1kW
1kW,1kW_turn_current_3p35pct,interturn,3.35,False,target_isolation_forest,20260820,40,40,1.0,0.6510671027137419,0.6659901244640234,1kW
1kW,1kW_turn_current_4p41pct,interturn,4.41,False,target_isolation_forest,20260820,40,40,1.0,0.6655616858971622,0.6722731594035596,1kW
1kW,1kW_turn_current_6p48pct,interturn,6.48,False,target_isolation_forest,20260820,40,40,1.0,0.6565936387205482,0.6698423639286204,1kW
1kW,1kW_coil_current_0p68pct,intercoil,0.68,False,source_target_isolation_forest,20260820,40,40,1.0,0.7161826166203935,0.7256756847391141,1kW
1kW,1kW_coil_current_0p81pct,intercoil,0.81,False,source_target_isolation_forest,20260820,40,40,1.0,0.7221274100052552,0.725514684191631,1kW
1kW,1kW_coil_current_0pct,intercoil,0.0,True,source_target_isolation_forest,20260820,14,0,0.0,0.5120493209094448,0.5470557660527291,1kW
1kW,1kW_coil_current_1p01pct,intercoil,1.01,False,source_target_isolation_forest,20260820,40,40,1.0,0.6221468005166986,0.6551253499640167,1kW
1kW,1kW_coil_current_1p34pct,intercoil,1.34,False,source_target_isolation_forest,20260820,40,40,1.0,0.7147499753927351,0.7256756847391141,1kW
1kW,1kW_coil_current_2pct,intercoil,2.0,False,source_target_isolation_forest,20260820,40,40,1.0,0.7001714562465421,0.7162323058281778,1kW
1kW,1kW_coil_current_3p93pct,intercoil,3.93,False,source_target_isolation_forest,20260820,40,40,1.0,0.7161480980464354,0.7271626039107374,1kW
1kW,1kW_coil_current_7p56pct,intercoil,7.56,False,source_target_isolation_forest,20260820,40,40,1.0,0.6398653013549886,0.6589344447517904,1kW
1kW,1kW_turn_current_12p17pct,interturn,12.17,False,source_target_isolation_forest,20260820,40,40,1.0,0.7129553604307473,0.725514684191631,1kW
1kW,1kW_turn_current_21p69pct,interturn,21.69,False,source_target_isolation_forest,20260820,40,40,1.0,0.706664709939335,0.7196370525961416,1kW
1kW,1kW_turn_current_2p26pct,interturn,2.26,False,source_target_isolation_forest,20260820,40,40,1.0,0.7191232246146951,0.7277479326444501,1kW
1kW,1kW_turn_current_2p7pct,interturn,2.7,False,source_target_isolation_forest,20260820,40,40,1.0,0.7189593232960477,0.7256756847391141,1kW
1kW,1kW_turn_current_3p35pct,interturn,3.35,False,source_target_isolation_forest,20260820,40,40,1.0,0.6859070769717811,0.7020788267272545,1kW
1kW,1kW_turn_current_4p41pct,interturn,4.41,False,source_target_isolation_forest,20260820,40,40,1.0,0.7122949011728781,0.7223576212792183,1kW
1kW,1kW_turn_current_6p48pct,interturn,6.48,False,source_target_isolation_forest,20260820,40,40,1.0,0.6930647140714382,0.7079932904907726,1kW
1kW,1kW_coil_current_0p68pct,intercoil,0.68,False,target_min_cov_det,20260820,40,40,1.0,28236887.278446957,35500470.681603655,1kW
1kW,1kW_coil_current_0p81pct,intercoil,0.81,False,target_min_cov_det,20260820,40,40,1.0,28106298.24894113,34319904.891006,1kW
1kW,1kW_coil_current_0pct,intercoil,0.0,True,target_min_cov_det,20260820,14,1,0.0714285714285714,153.95405667081104,292.92282306567006,1kW
1kW,1kW_coil_current_1p01pct,intercoil,1.01,False,target_min_cov_det,20260820,40,40,1.0,409.6292374122542,635.637222904182,1kW
1kW,1kW_coil_current_1p34pct,intercoil,1.34,False,target_min_cov_det,20260820,40,40,1.0,26594049.13004729,34040096.52062699,1kW
1kW,1kW_coil_current_2pct,intercoil,2.0,False,target_min_cov_det,20260820,40,40,1.0,66308.94956902898,108709.57808243996,1kW
1kW,1kW_coil_current_3p93pct,intercoil,3.93,False,target_min_cov_det,20260820,40,40,1.0,27075389.594402622,34593051.434336945,1kW
1kW,1kW_coil_current_7p56pct,intercoil,7.56,False,target_min_cov_det,20260820,40,40,1.0,800.1383136780869,1162.4353033551893,1kW
1kW,1kW_turn_current_12p17pct,interturn,12.17,False,target_min_cov_det,20260820,40,40,1.0,10827786.978718182,13431128.912137378,1kW
1kW,1kW_turn_current_21p69pct,interturn,21.69,False,target_min_cov_det,20260820,40,40,1.0,51437.910766392975,113923.50663036834,1kW
1kW,1kW_turn_current_2p26pct,interturn,2.26,False,target_min_cov_det,20260820,40,40,1.0,25710084.588581268,32844586.38967469,1kW
1kW,1kW_turn_current_2p7pct,interturn,2.7,False,target_min_cov_det,20260820,40,40,1.0,21628897.62899284,34173239.96764244,1kW
1kW,1kW_turn_current_3p35pct,interturn,3.35,False,target_min_cov_det,20260820,40,40,1.0,54448.81249869933,80558.27004572134,1kW
1kW,1kW_turn_current_4p41pct,interturn,4.41,False,target_min_cov_det,20260820,40,40,1.0,17997931.475868654,22970131.21775375,1kW
1kW,1kW_turn_current_6p48pct,interturn,6.48,False,target_min_cov_det,20260820,40,40,1.0,37600.60588810197,98282.18362539644,1kW
1kW,1kW_coil_current_0p68pct,intercoil,0.68,False,source_target_min_cov_det,20260820,40,40,1.0,27842555.72995479,34866389.82564659,1kW
1kW,1kW_coil_current_0p81pct,intercoil,0.81,False,source_target_min_cov_det,20260820,40,40,1.0,28406943.40641532,33044272.75307613,1kW
1kW,1kW_coil_current_0pct,intercoil,0.0,True,source_target_min_cov_det,20260820,14,1,0.0714285714285714,460.6563427607903,1124.9707254906716,1kW
1kW,1kW_coil_current_1p01pct,intercoil,1.01,False,source_target_min_cov_det,20260820,40,40,1.0,2687.9422514782045,3937.727132404808,1kW
1kW,1kW_coil_current_1p34pct,intercoil,1.34,False,source_target_min_cov_det,20260820,40,40,1.0,26669747.413613405,33620564.05076584,1kW
1kW,1kW_coil_current_2pct,intercoil,2.0,False,source_target_min_cov_det,20260820,40,40,1.0,21146.711898062105,67283.39912386754,1kW
1kW,1kW_coil_current_3p93pct,intercoil,3.93,False,source_target_min_cov_det,20260820,40,40,1.0,27523375.618826944,36410708.3317986,1kW
1kW,1kW_coil_current_7p56pct,intercoil,7.56,False,source_target_min_cov_det,20260820,40,40,1.0,1563.2161381681512,1911.40126464629,1kW
1kW,1kW_turn_current_12p17pct,interturn,12.17,False,source_target_min_cov_det,20260820,40,40,1.0,9993798.931051204,12486667.87308255,1kW
1kW,1kW_turn_current_21p69pct,interturn,21.69,False,source_target_min_cov_det,20260820,40,40,1.0,126458.24790912692,241297.8987805681,1kW
1kW,1kW_turn_current_2p26pct,interturn,2.26,False,source_target_min_cov_det,20260820,40,40,1.0,24526403.424616028,31644579.20802928,1kW
1kW,1kW_turn_current_2p7pct,interturn,2.7,False,source_target_min_cov_det,20260820,40,40,1.0,21262632.17227133,27841633.544499423,1kW
1kW,1kW_turn_current_3p35pct,interturn,3.35,False,source_target_min_cov_det,20260820,40,40,1.0,21389.617402311625,26529.571401155365,1kW
1kW,1kW_turn_current_4p41pct,interturn,4.41,False,source_target_min_cov_det,20260820,40,40,1.0,16694211.434633922,21280356.150912546,1kW
1kW,1kW_turn_current_6p48pct,interturn,6.48,False,source_target_min_cov_det,20260820,40,40,1.0,17101.259706882447,42925.6843080485,1kW
1.5kW,1.5kW_coil_current_0pct,intercoil,0.0,True,target_ocsvm_rbf,20260820,14,0,0.0,0.2489032556231622,0.3119737099660379,1.5kW
1.5kW,1.5kW_coil_current_13p12pct,intercoil,13.12,False,target_ocsvm_rbf,20260820,40,29,0.725,0.3847535131232218,0.3894312213270549,1.5kW
1.5kW,1.5kW_coil_current_23p2pct,intercoil,23.2,False,target_ocsvm_rbf,20260820,40,40,1.0,0.3894634072434749,0.3894634072434755,1.5kW
1.5kW,1.5kW_coil_current_37p66pct,intercoil,37.66,False,target_ocsvm_rbf,20260820,40,37,0.925,0.3888636648153885,0.3894545375957971,1.5kW
1.5kW,1.5kW_coil_current_4p79pct,intercoil,4.79,False,target_ocsvm_rbf,20260820,40,40,1.0,0.3894634072434754,0.3894634072434755,1.5kW
1.5kW,1.5kW_coil_current_5p7pct,intercoil,5.7,False,target_ocsvm_rbf,20260820,40,40,1.0,0.3894634072434754,0.3894634072434755,1.5kW
1.5kW,1.5kW_coil_current_7p02pct,intercoil,7.02,False,target_ocsvm_rbf,20260820,40,24,0.6,0.3805267970543076,0.3892037600503963,1.5kW
1.5kW,1.5kW_coil_current_9p15pct,intercoil,9.15,False,target_ocsvm_rbf,20260820,40,40,1.0,0.3894634072434752,0.3894634072434755,1.5kW
1.5kW,1.5kW_turn_current_16p08pct,interturn,16.08,False,target_ocsvm_rbf,20260820,40,40,1.0,0.3894634072426633,0.3894634072434748,1.5kW
1.5kW,1.5kW_turn_current_1p57pct,interturn,1.57,False,target_ocsvm_rbf,20260820,40,40,1.0,0.3894634072432898,0.3894634072434687,1.5kW
1.5kW,1.5kW_turn_current_1p88pct,interturn,1.88,False,target_ocsvm_rbf,20260820,40,40,1.0,0.3894634072434749,0.3894634072434755,1.5kW
1.5kW,1.5kW_turn_current_2p34pct,interturn,2.34,False,target_ocsvm_rbf,20260820,40,1,0.025,0.3469476848967326,0.3892435469870436,1.5kW
1.5kW,1.5kW_turn_current_3p1pct,interturn,3.1,False,target_ocsvm_rbf,20260820,40,40,1.0,0.3894634072434755,0.3894634072434755,1.5kW
1.5kW,1.5kW_turn_current_4p57pct,interturn,4.57,False,target_ocsvm_rbf,20260820,40,33,0.825,0.3869328274399999,0.3894434463129467,1.5kW
1.5kW,1.5kW_turn_current_8p74pct,interturn,8.74,False,target_ocsvm_rbf,20260820,40,40,1.0,0.3894634072434755,0.3894634072434755,1.5kW
1.5kW,1.5kW_coil_current_0pct,intercoil,0.0,True,source_target_ocsvm_rbf,20260820,14,0,0.0,0.3318758433486666,0.5226797173114204,1.5kW
1.5kW,1.5kW_coil_current_13p12pct,intercoil,13.12,False,source_target_ocsvm_rbf,20260820,40,34,0.85,0.7123034223177698,0.7350127713299038,1.5kW
1.5kW,1.5kW_coil_current_23p2pct,intercoil,23.2,False,source_target_ocsvm_rbf,20260820,40,40,1.0,0.7357123395594891,0.7357123396639648,1.5kW
1.5kW,1.5kW_coil_current_37p66pct,intercoil,37.66,False,source_target_ocsvm_rbf,20260820,40,40,1.0,0.7322789265619972,0.7355487285400645,1.5kW
1.5kW,1.5kW_coil_current_4p79pct,intercoil,4.79,False,source_target_ocsvm_rbf,20260820,40,40,1.0,0.7357123396379108,0.7357123396652836,1.5kW
1.5kW,1.5kW_coil_current_5p7pct,intercoil,5.7,False,source_target_ocsvm_rbf,20260820,40,40,1.0,0.7357123396525413,0.7357123396649237,1.5kW
1.5kW,1.5kW_coil_current_7p02pct,intercoil,7.02,False,source_target_ocsvm_rbf,20260820,40,29,0.725,0.7002516669362155,0.7320893653835245,1.5kW
1.5kW,1.5kW_coil_current_9p15pct,intercoil,9.15,False,source_target_ocsvm_rbf,20260820,40,40,1.0,0.7357123396242253,0.7357123396621915,1.5kW
1.5kW,1.5kW_turn_current_16p08pct,interturn,16.08,False,source_target_ocsvm_rbf,20260820,40,40,1.0,0.7357123269078316,0.7357123395714585,1.5kW
1.5kW,1.5kW_turn_current_1p57pct,interturn,1.57,False,source_target_ocsvm_rbf,20260820,40,40,1.0,0.7357123393330173,0.7357123396484555,1.5kW
1.5kW,1.5kW_turn_current_1p88pct,interturn,1.88,False,source_target_ocsvm_rbf,20260820,40,40,1.0,0.735712339660425,0.7357123396654297,1.5kW
1.5kW,1.5kW_turn_current_2p34pct,interturn,2.34,False,source_target_ocsvm_rbf,20260820,40,6,0.15,0.5917047154527376,0.727521704989003,1.5kW
1.5kW,1.5kW_turn_current_3p1pct,interturn,3.1,False,source_target_ocsvm_rbf,20260820,40,40,1.0,0.7357123396654146,0.7357123396654613,1.5kW
1.5kW,1.5kW_turn_current_4p57pct,interturn,4.57,False,source_target_ocsvm_rbf,20260820,40,40,1.0,0.7139357381211623,0.7342142972048922,1.5kW
1.5kW,1.5kW_turn_current_8p74pct,interturn,8.74,False,source_target_ocsvm_rbf,20260820,40,40,1.0,0.7357123396654616,0.7357123396654616,1.5kW
1.5kW,1.5kW_coil_current_0pct,intercoil,0.0,True,target_isolation_forest,20260820,14,1,0.0714285714285714,0.5408467203024089,0.5704130342622545,1.5kW
1.5kW,1.5kW_coil_current_13p12pct,intercoil,13.12,False,target_isolation_forest,20260820,40,40,1.0,0.6140531092054093,0.6499959448168668,1.5kW
1.5kW,1.5kW_coil_current_23p2pct,intercoil,23.2,False,target_isolation_forest,20260820,40,40,1.0,0.6349807388113997,0.65959582639817,1.5kW
1.5kW,1.5kW_coil_current_37p66pct,intercoil,37.66,False,target_isolation_forest,20260820,40,40,1.0,0.6223276982974257,0.640873382821339,1.5kW
1.5kW,1.5kW_coil_current_4p79pct,intercoil,4.79,False,target_isolation_forest,20260820,40,40,1.0,0.6454977887422702,0.6642533515343001,1.5kW
1.5kW,1.5kW_coil_current_5p7pct,intercoil,5.7,False,target_isolation_forest,20260820,40,40,1.0,0.6415902231856864,0.6766200073397656,1.5kW
1.5kW,1.5kW_coil_current_7p02pct,intercoil,7.02,False,target_isolation_forest,20260820,40,40,1.0,0.5969042815052699,0.6236259488751098,1.5kW
1.5kW,1.5kW_coil_current_9p15pct,intercoil,9.15,False,target_isolation_forest,20260820,40,40,1.0,0.6282803633232892,0.646894167655473,1.5kW
1.5kW,1.5kW_turn_current_16p08pct,interturn,16.08,False,target_isolation_forest,20260820,40,40,1.0,0.6438785678926717,0.6543293840931249,1.5kW
1.5kW,1.5kW_turn_current_1p57pct,interturn,1.57,False,target_isolation_forest,20260820,40,40,1.0,0.5962060830917122,0.6082680456131658,1.5kW
1.5kW,1.5kW_turn_current_1p88pct,interturn,1.88,False,target_isolation_forest,20260820,40,40,1.0,0.5915559150498246,0.6253956472252539,1.5kW
1.5kW,1.5kW_turn_current_2p34pct,interturn,2.34,False,target_isolation_forest,20260820,40,14,0.35,0.5542575034740785,0.587631581698978,1.5kW
1.5kW,1.5kW_turn_current_3p1pct,interturn,3.1,False,target_isolation_forest,20260820,40,40,1.0,0.5872141589581695,0.6143769897085568,1.5kW
1.5kW,1.5kW_turn_current_4p57pct,interturn,4.57,False,target_isolation_forest,20260820,40,40,1.0,0.5912269220620912,0.6213360145229309,1.5kW
1.5kW,1.5kW_turn_current_8p74pct,interturn,8.74,False,target_isolation_forest,20260820,40,40,1.0,0.610769447821575,0.6225527689908796,1.5kW
1.5kW,1.5kW_coil_current_0pct,intercoil,0.0,True,source_target_isolation_forest,20260820,14,0,0.0,0.5095346629506939,0.5321944940427742,1.5kW
1.5kW,1.5kW_coil_current_13p12pct,intercoil,13.12,False,source_target_isolation_forest,20260820,40,39,0.975,0.6020758317718646,0.6500479987448233,1.5kW
1.5kW,1.5kW_coil_current_23p2pct,intercoil,23.2,False,source_target_isolation_forest,20260820,40,40,1.0,0.639091856115494,0.6666863923957985,1.5kW
1.5kW,1.5kW_coil_current_37p66pct,intercoil,37.66,False,source_target_isolation_forest,20260820,40,40,1.0,0.6195521122900509,0.6409761584138493,1.5kW
1.5kW,1.5kW_coil_current_4p79pct,intercoil,4.79,False,source_target_isolation_forest,20260820,40,40,1.0,0.6507582297809955,0.6696299050132474,1.5kW
1.5kW,1.5kW_coil_current_5p7pct,intercoil,5.7,False,source_target_isolation_forest,20260820,40,40,1.0,0.6460733873050561,0.683624923807034,1.5kW
1.5kW,1.5kW_coil_current_7p02pct,intercoil,7.02,False,source_target_isolation_forest,20260820,40,38,0.95,0.5857069257646632,0.6132421633323112,1.5kW
1.5kW,1.5kW_coil_current_9p15pct,intercoil,9.15,False,source_target_isolation_forest,20260820,40,40,1.0,0.6313285712910371,0.6721399056964713,1.5kW
1.5kW,1.5kW_turn_current_16p08pct,interturn,16.08,False,source_target_isolation_forest,20260820,40,40,1.0,0.6673629037144315,0.6769433399504451,1.5kW
1.5kW,1.5kW_turn_current_1p57pct,interturn,1.57,False,source_target_isolation_forest,20260820,40,40,1.0,0.6114838077647182,0.6298711042845369,1.5kW
1.5kW,1.5kW_turn_current_1p88pct,interturn,1.88,False,source_target_isolation_forest,20260820,40,40,1.0,0.605523805206601,0.6379902223623953,1.5kW
1.5kW,1.5kW_turn_current_2p34pct,interturn,2.34,False,source_target_isolation_forest,20260820,40,1,0.025,0.5321998583789513,0.5689351806831765,1.5kW
1.5kW,1.5kW_turn_current_3p1pct,interturn,3.1,False,source_target_isolation_forest,20260820,40,40,1.0,0.6035539006236216,0.6286547985636737,1.5kW
1.5kW,1.5kW_turn_current_4p57pct,interturn,4.57,False,source_target_isolation_forest,20260820,40,30,0.75,0.5765698580160048,0.6054154002446699,1.5kW
1.5kW,1.5kW_turn_current_8p74pct,interturn,8.74,False,source_target_isolation_forest,20260820,40,40,1.0,0.6402765838248714,0.6549281267179877,1.5kW
1.5kW,1.5kW_coil_current_0pct,intercoil,0.0,True,target_min_cov_det,20260820,14,0,0.0,185.042161200593,279.0901936964666,1.5kW
1.5kW,1.5kW_coil_current_13p12pct,intercoil,13.12,False,target_min_cov_det,20260820,40,25,0.625,653.0934388367575,1080.143748701632,1.5kW
1.5kW,1.5kW_coil_current_23p2pct,intercoil,23.2,False,target_min_cov_det,20260820,40,40,1.0,5093.582568394515,8083.645778992576,1.5kW
1.5kW,1.5kW_coil_current_37p66pct,intercoil,37.66,False,target_min_cov_det,20260820,40,36,0.9,845.0405910172361,1321.938881706383,1.5kW
1.5kW,1.5kW_coil_current_4p79pct,intercoil,4.79,False,target_min_cov_det,20260820,40,40,1.0,5396.897549580013,11272.731324436634,1.5kW
1.5kW,1.5kW_coil_current_5p7pct,intercoil,5.7,False,target_min_cov_det,20260820,40,40,1.0,5964.103893738191,9196.050424359652,1.5kW
1.5kW,1.5kW_coil_current_7p02pct,intercoil,7.02,False,target_min_cov_det,20260820,40,30,0.75,802.471399368312,1413.8342225792385,1.5kW
1.5kW,1.5kW_coil_current_9p15pct,intercoil,9.15,False,target_min_cov_det,20260820,40,40,1.0,4698.951840470682,6659.914869697215,1.5kW
1.5kW,1.5kW_turn_current_16p08pct,interturn,16.08,False,target_min_cov_det,20260820,40,40,1.0,1221.468516198489,1484.6873342347153,1.5kW
1.5kW,1.5kW_turn_current_1p57pct,interturn,1.57,False,target_min_cov_det,20260820,40,40,1.0,2207.3772413926954,2709.3907930308683,1.5kW
1.5kW,1.5kW_turn_current_1p88pct,interturn,1.88,False,target_min_cov_det,20260820,40,40,1.0,2651.171603591104,3255.8238576823887,1.5kW
1.5kW,1.5kW_turn_current_2p34pct,interturn,2.34,False,target_min_cov_det,20260820,40,4,0.1,425.31813526851374,989.0425861543536,1.5kW
1.5kW,1.5kW_turn_current_3p1pct,interturn,3.1,False,target_min_cov_det,20260820,40,40,1.0,2796.1531141037863,3147.7864478288147,1.5kW
1.5kW,1.5kW_turn_current_4p57pct,interturn,4.57,False,target_min_cov_det,20260820,40,23,0.575,595.578848829742,829.5563794299667,1.5kW
1.5kW,1.5kW_turn_current_8p74pct,interturn,8.74,False,target_min_cov_det,20260820,40,40,1.0,3786.268038967769,4274.111013534433,1.5kW
1.5kW,1.5kW_coil_current_0pct,intercoil,0.0,True,source_target_min_cov_det,20260820,14,0,0.0,99.54389952685148,163.6880248539494,1.5kW
1.5kW,1.5kW_coil_current_13p12pct,intercoil,13.12,False,source_target_min_cov_det,20260820,40,22,0.55,268.3481940899354,502.7110220001744,1.5kW
1.5kW,1.5kW_coil_current_23p2pct,intercoil,23.2,False,source_target_min_cov_det,20260820,40,40,1.0,1373.453610688853,1667.4116642575646,1.5kW
1.5kW,1.5kW_coil_current_37p66pct,intercoil,37.66,False,source_target_min_cov_det,20260820,40,29,0.725,298.16155611447147,426.005596270464,1.5kW
1.5kW,1.5kW_coil_current_4p79pct,intercoil,4.79,False,source_target_min_cov_det,20260820,40,40,1.0,1579.6491987771765,1852.3304081023268,1.5kW
1.5kW,1.5kW_coil_current_5p7pct,intercoil,5.7,False,source_target_min_cov_det,20260820,40,40,1.0,1787.032152169364,2183.5717627935537,1.5kW
1.5kW,1.5kW_coil_current_7p02pct,intercoil,7.02,False,source_target_min_cov_det,20260820,40,31,0.775,358.09524485674075,594.905501528022,1.5kW
1.5kW,1.5kW_coil_current_9p15pct,intercoil,9.15,False,source_target_min_cov_det,20260820,40,40,1.0,1238.9511734891832,1516.2796704469836,1.5kW
1.5kW,1.5kW_turn_current_16p08pct,interturn,16.08,False,source_target_min_cov_det,20260820,40,40,1.0,862.395971564242,986.4222067488076,1.5kW
1.5kW,1.5kW_turn_current_1p57pct,interturn,1.57,False,source_target_min_cov_det,20260820,40,40,1.0,606.0508660226344,680.5077743449215,1.5kW
1.5kW,1.5kW_turn_current_1p88pct,interturn,1.88,False,source_target_min_cov_det,20260820,40,40,1.0,755.255894458483,934.0056673642398,1.5kW
1.5kW,1.5kW_turn_current_2p34pct,interturn,2.34,False,source_target_min_cov_det,20260820,40,7,0.175,217.90799687434816,389.7801907940252,1.5kW
1.5kW,1.5kW_turn_current_3p1pct,interturn,3.1,False,source_target_min_cov_det,20260820,40,40,1.0,849.9773397798017,934.6045679470776,1.5kW
1.5kW,1.5kW_turn_current_4p57pct,interturn,4.57,False,source_target_min_cov_det,20260820,40,40,1.0,324.52737564703864,382.6278308105488,1.5kW
1.5kW,1.5kW_turn_current_8p74pct,interturn,8.74,False,source_target_min_cov_det,20260820,40,40,1.0,1275.0718859021767,1405.5442506619484,1.5kW
3kW,3kW_coil_current_0pct,intercoil,0.0,True,target_ocsvm_rbf,20260820,14,0,0.0,0.212126631776708,0.3272470858653171,3kW
3kW,3kW_coil_current_13p3pct,intercoil,13.3,False,target_ocsvm_rbf,20260820,40,40,1.0,0.4516450501109154,0.4516450501109154,3kW
3kW,3kW_coil_current_23p48pct,intercoil,23.48,False,target_ocsvm_rbf,20260820,40,40,1.0,0.4516450501109154,0.4516450501109154,3kW
3kW,3kW_coil_current_2p49pct,intercoil,2.49,False,target_ocsvm_rbf,20260820,40,40,1.0,0.4516450501109154,0.4516450501109154,3kW
3kW,3kW_coil_current_2p98pct,intercoil,2.98,False,target_ocsvm_rbf,20260820,40,40,1.0,0.4516450501109154,0.4516450501109154,3kW
3kW,3kW_coil_current_3p69pct,intercoil,3.69,False,target_ocsvm_rbf,20260820,40,40,1.0,0.4516450501109154,0.4516450501109154,3kW
3kW,3kW_coil_current_4p86pct,intercoil,4.86,False,target_ocsvm_rbf,20260820,40,40,1.0,0.4516450501109154,0.4516450501109154,3kW
3kW,3kW_coil_current_7p12pct,intercoil,7.12,False,target_ocsvm_rbf,20260820,40,40,1.0,0.4516450501109154,0.4516450501109154,3kW
3kW,3kW_turn_current_17p86pct,interturn,17.86,False,target_ocsvm_rbf,20260820,40,11,0.275,0.3827946106107008,0.4516450501109154,3kW
3kW,3kW_turn_current_1p78pct,interturn,1.78,False,target_ocsvm_rbf,20260820,40,40,1.0,0.4516432086799641,0.4516445739443427,3kW
3kW,3kW_turn_current_2p13pct,interturn,2.13,False,target_ocsvm_rbf,20260820,40,40,1.0,0.4516446381654329,0.4516450443281826,3kW
3kW,3kW_turn_current_2p65pct,interturn,2.65,False,target_ocsvm_rbf,20260820,40,6,0.15,0.3773048060708899,0.4320409544471711,3kW
3kW,3kW_turn_current_3p5pct,interturn,3.5,False,target_ocsvm_rbf,20260820,40,40,1.0,0.4516432926980096,0.4516450423517136,3kW
3kW,3kW_turn_current_5p16pct,interturn,5.16,False,target_ocsvm_rbf,20260820,40,6,0.15,0.3419949936841207,0.4450940255737533,3kW
3kW,3kW_turn_current_9p81pct,interturn,9.81,False,target_ocsvm_rbf,20260820,40,40,1.0,0.4516440477615289,0.4516446961493333,3kW
3kW,3kW_coil_current_0pct,intercoil,0.0,True,source_target_ocsvm_rbf,20260820,14,0,0.0,0.4008322325601564,0.631039440903496,3kW
3kW,3kW_coil_current_13p3pct,intercoil,13.3,False,source_target_ocsvm_rbf,20260820,40,40,1.0,0.8051249809243602,0.8051249809243602,3kW
3kW,3kW_coil_current_23p48pct,intercoil,23.48,False,source_target_ocsvm_rbf,20260820,40,40,1.0,0.8051249809243602,0.8051249809243602,3kW
3kW,3kW_coil_current_2p49pct,intercoil,2.49,False,source_target_ocsvm_rbf,20260820,40,40,1.0,0.8051249809243602,0.8051249809243602,3kW
3kW,3kW_coil_current_2p98pct,intercoil,2.98,False,source_target_ocsvm_rbf,20260820,40,40,1.0,0.8051249809243602,0.8051249809243602,3kW
3kW,3kW_coil_current_3p69pct,intercoil,3.69,False,source_target_ocsvm_rbf,20260820,40,40,1.0,0.8051249809243602,0.8051249809243602,3kW
3kW,3kW_coil_current_4p86pct,intercoil,4.86,False,source_target_ocsvm_rbf,20260820,40,40,1.0,0.8051249809243602,0.8051249809243602,3kW
3kW,3kW_coil_current_7p12pct,intercoil,7.12,False,source_target_ocsvm_rbf,20260820,40,40,1.0,0.8051249809243602,0.8051249809243602,3kW
3kW,3kW_turn_current_17p86pct,interturn,17.86,False,source_target_ocsvm_rbf,20260820,40,12,0.3,0.6908339179380637,0.8051249809243602,3kW
3kW,3kW_turn_current_1p78pct,interturn,1.78,False,source_target_ocsvm_rbf,20260820,40,40,1.0,0.8051226581501985,0.8051247025913947,3kW
3kW,3kW_turn_current_2p13pct,interturn,2.13,False,source_target_ocsvm_rbf,20260820,40,40,1.0,0.8051247521901759,0.8051249786978288,3kW
3kW,3kW_turn_current_2p65pct,interturn,2.65,False,source_target_ocsvm_rbf,20260820,40,7,0.175,0.685953300810801,0.7860934324709115,3kW
3kW,3kW_turn_current_3p5pct,interturn,3.5,False,source_target_ocsvm_rbf,20260820,40,40,1.0,0.8051227038854277,0.8051249800585352,3kW
3kW,3kW_turn_current_5p16pct,interturn,5.16,False,source_target_ocsvm_rbf,20260820,40,5,0.125,0.642408340146164,0.7985344050765337,3kW
3kW,3kW_turn_current_9p81pct,interturn,9.81,False,source_target_ocsvm_rbf,20260820,40,40,1.0,0.8051239124187483,0.8051248596327565,3kW
3kW,3kW_coil_current_0pct,intercoil,0.0,True,target_isolation_forest,20260820,14,0,0.0,0.5441342256075751,0.564733526262511,3kW
3kW,3kW_coil_current_13p3pct,intercoil,13.3,False,target_isolation_forest,20260820,40,40,1.0,0.6447376178438664,0.6518573854998337,3kW
3kW,3kW_coil_current_23p48pct,intercoil,23.48,False,target_isolation_forest,20260820,40,40,1.0,0.6460914765940854,0.6513769771457311,3kW
3kW,3kW_coil_current_2p49pct,intercoil,2.49,False,target_isolation_forest,20260820,40,40,1.0,0.6379437188605026,0.6431826460143235,3kW
3kW,3kW_coil_current_2p98pct,intercoil,2.98,False,target_isolation_forest,20260820,40,40,1.0,0.6398636139499156,0.6478474771526123,3kW
3kW,3kW_coil_current_3p69pct,intercoil,3.69,False,target_isolation_forest,20260820,40,40,1.0,0.6432597394376777,0.6496530115417647,3kW
3kW,3kW_coil_current_4p86pct,intercoil,4.86,False,target_isolation_forest,20260820,40,40,1.0,0.6424671789775716,0.6504221344201909,3kW
3kW,3kW_coil_current_7p12pct,intercoil,7.12,False,target_isolation_forest,20260820,40,40,1.0,0.645132015422793,0.651214143817221,3kW
3kW,3kW_turn_current_17p86pct,interturn,17.86,False,target_isolation_forest,20260820,40,40,1.0,0.6071152427438677,0.6725593539407984,3kW
3kW,3kW_turn_current_1p78pct,interturn,1.78,False,target_isolation_forest,20260820,40,40,1.0,0.6017836809471999,0.6220604417013985,3kW
3kW,3kW_turn_current_2p13pct,interturn,2.13,False,target_isolation_forest,20260820,40,40,1.0,0.6246422859107368,0.643509469579408,3kW
3kW,3kW_turn_current_2p65pct,interturn,2.65,False,target_isolation_forest,20260820,40,39,0.975,0.5876752313932792,0.6059766865155036,3kW
3kW,3kW_turn_current_3p5pct,interturn,3.5,False,target_isolation_forest,20260820,40,40,1.0,0.6063961495197833,0.6302881717953237,3kW
3kW,3kW_turn_current_5p16pct,interturn,5.16,False,target_isolation_forest,20260820,40,26,0.65,0.5734560734781757,0.6042282757925821,3kW
3kW,3kW_turn_current_9p81pct,interturn,9.81,False,target_isolation_forest,20260820,40,40,1.0,0.5924850244091588,0.6196392110172574,3kW
3kW,3kW_coil_current_0pct,intercoil,0.0,True,source_target_isolation_forest,20260820,14,0,0.0,0.5232877884697317,0.5468507805285353,3kW
3kW,3kW_coil_current_13p3pct,intercoil,13.3,False,source_target_isolation_forest,20260820,40,40,1.0,0.6763804685380376,0.6851684876010025,3kW
3kW,3kW_coil_current_23p48pct,intercoil,23.48,False,source_target_isolation_forest,20260820,40,40,1.0,0.6742445255282525,0.6821910071419806,3kW
3kW,3kW_coil_current_2p49pct,intercoil,2.49,False,source_target_isolation_forest,20260820,40,40,1.0,0.6612636529132366,0.6716469698637926,3kW
3kW,3kW_coil_current_2p98pct,intercoil,2.98,False,source_target_isolation_forest,20260820,40,40,1.0,0.6739864607599092,0.6803475205069273,3kW
3kW,3kW_coil_current_3p69pct,intercoil,3.69,False,source_target_isolation_forest,20260820,40,40,1.0,0.6751398059364198,0.6834102550749858,3kW
3kW,3kW_coil_current_4p86pct,intercoil,4.86,False,source_target_isolation_forest,20260820,40,40,1.0,0.6754136257779926,0.6834900518284209,3kW
3kW,3kW_coil_current_7p12pct,intercoil,7.12,False,source_target_isolation_forest,20260820,40,40,1.0,0.6758642041032484,0.6840861538143408,3kW
3kW,3kW_turn_current_17p86pct,interturn,17.86,False,source_target_isolation_forest,20260820,40,39,0.975,0.6071398159567888,0.7060447869093177,3kW
3kW,3kW_turn_current_1p78pct,interturn,1.78,False,source_target_isolation_forest,20260820,40,40,1.0,0.6173513956291915,0.6443621586797788,3kW
3kW,3kW_turn_current_2p13pct,interturn,2.13,False,source_target_isolation_forest,20260820,40,40,1.0,0.6538230155765015,0.6744816211479989,3kW
3kW,3kW_turn_current_2p65pct,interturn,2.65,False,source_target_isolation_forest,20260820,40,38,0.95,0.5755810370056719,0.5958949925563104,3kW
3kW,3kW_turn_current_3p5pct,interturn,3.5,False,source_target_isolation_forest,20260820,40,40,1.0,0.6266134558543016,0.6618307301662656,3kW
3kW,3kW_turn_current_5p16pct,interturn,5.16,False,source_target_isolation_forest,20260820,40,29,0.725,0.5685753941421429,0.610899211037147,3kW
3kW,3kW_turn_current_9p81pct,interturn,9.81,False,source_target_isolation_forest,20260820,40,40,1.0,0.6111506658003363,0.6521065208882387,3kW
3kW,3kW_coil_current_0pct,intercoil,0.0,True,target_min_cov_det,20260820,14,0,0.0,317.4258044102967,533.364243489942,3kW
3kW,3kW_coil_current_13p3pct,intercoil,13.3,False,target_min_cov_det,20260820,40,40,1.0,4162034.813805421,4224944.056089319,3kW
3kW,3kW_coil_current_23p48pct,intercoil,23.48,False,target_min_cov_det,20260820,40,40,1.0,4270150.066936211,4359414.547171856,3kW
3kW,3kW_coil_current_2p49pct,intercoil,2.49,False,target_min_cov_det,20260820,40,40,1.0,3903766.553792154,3958274.7169141257,3kW
3kW,3kW_coil_current_2p98pct,intercoil,2.98,False,target_min_cov_det,20260820,40,40,1.0,4164514.7295271554,4254196.319511404,3kW
3kW,3kW_coil_current_3p69pct,intercoil,3.69,False,target_min_cov_det,20260820,40,40,1.0,4129870.932013989,4213627.67116571,3kW
3kW,3kW_coil_current_4p86pct,intercoil,4.86,False,target_min_cov_det,20260820,40,40,1.0,4134440.372814941,4225174.991641855,3kW
3kW,3kW_coil_current_7p12pct,intercoil,7.12,False,target_min_cov_det,20260820,40,40,1.0,4143340.953904775,4240328.169186791,3kW
3kW,3kW_turn_current_17p86pct,interturn,17.86,False,target_min_cov_det,20260820,40,21,0.525,245246.16226072243,1238289.3164634046,3kW
3kW,3kW_turn_current_1p78pct,interturn,1.78,False,target_min_cov_det,20260820,40,40,1.0,2272.825029744613,4510.109489956765,3kW
3kW,3kW_turn_current_2p13pct,interturn,2.13,False,target_min_cov_det,20260820,40,40,1.0,1731.783089768155,2665.305693525458,3kW
3kW,3kW_turn_current_2p65pct,interturn,2.65,False,target_min_cov_det,20260820,40,2,0.05,637.426966970189,1319.2349103392237,3kW
3kW,3kW_turn_current_3p5pct,interturn,3.5,False,target_min_cov_det,20260820,40,40,1.0,1889.8314535946256,3155.9772908286377,3kW
3kW,3kW_turn_current_5p16pct,interturn,5.16,False,target_min_cov_det,20260820,40,8,0.2,632.174779885904,1750.139673862964,3kW
3kW,3kW_turn_current_9p81pct,interturn,9.81,False,target_min_cov_det,20260820,40,40,1.0,2482.0966977626604,4170.348337496464,3kW
3kW,3kW_coil_current_0pct,intercoil,0.0,True,source_target_min_cov_det,20260820,14,0,0.0,139.3566879965887,202.5917889933112,3kW
3kW,3kW_coil_current_13p3pct,intercoil,13.3,False,source_target_min_cov_det,20260820,40,40,1.0,483573.1611859791,489005.9365010544,3kW
3kW,3kW_coil_current_23p48pct,intercoil,23.48,False,source_target_min_cov_det,20260820,40,40,1.0,484029.2210903092,490261.5246007574,3kW
3kW,3kW_coil_current_2p49pct,intercoil,2.49,False,source_target_min_cov_det,20260820,40,40,1.0,458748.5644107151,462939.7629970714,3kW
3kW,3kW_coil_current_2p98pct,intercoil,2.98,False,source_target_min_cov_det,20260820,40,40,1.0,483357.6887101635,491366.5001585451,3kW
3kW,3kW_coil_current_3p69pct,intercoil,3.69,False,source_target_min_cov_det,20260820,40,40,1.0,482048.8450125948,488287.3753928004,3kW
3kW,3kW_coil_current_4p86pct,intercoil,4.86,False,source_target_min_cov_det,20260820,40,40,1.0,483202.7580971361,489445.6113545277,3kW
3kW,3kW_coil_current_7p12pct,intercoil,7.12,False,source_target_min_cov_det,20260820,40,40,1.0,482325.24559529376,489307.145655931,3kW
3kW,3kW_turn_current_17p86pct,interturn,17.86,False,source_target_min_cov_det,20260820,40,25,0.625,3522.796964792933,14379.229349267318,3kW
3kW,3kW_turn_current_1p78pct,interturn,1.78,False,source_target_min_cov_det,20260820,40,40,1.0,932.1193898866428,1114.615445867675,3kW
3kW,3kW_turn_current_2p13pct,interturn,2.13,False,source_target_min_cov_det,20260820,40,40,1.0,909.643700895375,1256.305864685757,3kW
3kW,3kW_turn_current_2p65pct,interturn,2.65,False,source_target_min_cov_det,20260820,40,19,0.475,211.2270981615456,308.64941170899607,3kW
3kW,3kW_turn_current_3p5pct,interturn,3.5,False,source_target_min_cov_det,20260820,40,40,1.0,938.3830662028832,1247.8350266796865,3kW
3kW,3kW_turn_current_5p16pct,interturn,5.16,False,source_target_min_cov_det,20260820,40,18,0.45,199.398751698735,289.92175970473687,3kW
3kW,3kW_turn_current_9p81pct,interturn,9.81,False,source_target_min_cov_det,20260820,40,40,1.0,988.4142440035384,1121.696088184279,3kW
