method,seed,false_alarms,healthy_test_blocks,pooled_block_false_alarm_rate,fault_record_macro_detection_rate,mean_fold_detection_rate,worst_motor_detection_rate
source_target_isolation_forest,1201,2,42,0.047619047619047616,0.9601190476190476,0.9601190476190476,0.8857142857142857
source_target_isolation_forest,2402,0,42,0.0,0.9625000000000001,0.9625,0.9196428571428571
source_target_isolation_forest,3603,0,42,0.0,0.9684523809523811,0.968452380952381,0.9303571428571429
source_target_isolation_forest,4804,0,42,0.0,0.9630952380952381,0.9630952380952381,0.9303571428571429
source_target_isolation_forest,20260820,0,42,0.0,0.9607142857142857,0.9607142857142857,0.9071428571428571
source_target_min_cov_det,1201,0,42,0.0,0.844642857142857,0.8446428571428571,0.7107142857142857
source_target_min_cov_det,2402,3,42,0.07142857142857142,0.9261904761904761,0.9261904761904761,0.8517857142857143
source_target_min_cov_det,3603,4,42,0.09523809523809523,0.8851190476190476,0.8851190476190477,0.8357142857142857
source_target_min_cov_det,4804,2,42,0.047619047619047616,0.9226190476190477,0.9226190476190476,0.8732142857142857
source_target_min_cov_det,20260820,1,42,0.023809523809523808,0.9232142857142859,0.9232142857142858,0.8732142857142857
target_isolation_forest,1201,1,42,0.023809523809523808,0.9738095238095238,0.9738095238095238,0.9375
target_isolation_forest,2402,0,42,0.0,0.9648809523809524,0.9648809523809524,0.9428571428571428
target_isolation_forest,3603,0,42,0.0,0.9678571428571429,0.9678571428571429,0.9357142857142857
target_isolation_forest,4804,0,42,0.0,0.9708333333333334,0.9708333333333333,0.9482142857142857
target_isolation_forest,20260820,1,42,0.023809523809523808,0.9755952380952382,0.9755952380952381,0.9535714285714286
target_min_cov_det,1201,1,42,0.023809523809523808,0.9386904761904763,0.9386904761904762,0.8517857142857143
target_min_cov_det,2402,0,42,0.0,0.9196428571428571,0.9196428571428571,0.8035714285714286
target_min_cov_det,3603,2,42,0.047619047619047616,0.9392857142857142,0.9392857142857144,0.9196428571428571
target_min_cov_det,4804,6,42,0.14285714285714285,0.9690476190476192,0.969047619047619,0.9232142857142858
target_min_cov_det,20260820,1,42,0.023809523809523808,0.898214285714286,0.8982142857142857,0.8410714285714286
