motor_id,record_id,block_id,window_id,is_healthy
1.5kW,1.5kW_coil_current_0pct,0,0,True
1.5kW,1.5kW_coil_current_0pct,0,1,True
1.5kW,1.5kW_coil_current_0pct,0,2,True
1.5kW,1.5kW_coil_current_0pct,0,3,True
1.5kW,1.5kW_coil_current_0pct,0,4,True
1.5kW,1.5kW_coil_current_0pct,0,5,True
1.5kW,1.5kW_coil_current_0pct,0,6,True
1.5kW,1.5kW_coil_current_0pct,0,7,True
1.5kW,1.5kW_coil_current_0pct,0,8,True
1.5kW,1.5kW_coil_current_0pct,0,9,True
1.5kW,1.5kW_coil_current_0pct,0,10,True
1.5kW,1.5kW_coil_current_0pct,0,11,True
1.5kW,1.5kW_coil_current_0pct,0,12,True
1.5kW,1.5kW_coil_current_0pct,0,13,True
1.5kW,1.5kW_coil_current_0pct,0,14,True
1.5kW,1.5kW_coil_current_0pct,1,15,True
1.5kW,1.5kW_coil_current_0pct,1,16,True
1.5kW,1.5kW_coil_current_0pct,1,17,True
1.5kW,1.5kW_coil_current_0pct,1,18,True
1.5kW,1.5kW_coil_current_0pct,1,19,True
1.5kW,1.5kW_coil_current_0pct,1,20,True
1.5kW,1.5kW_coil_current_0pct,1,21,True
1.5kW,1.5kW_coil_current_0pct,1,22,True
1.5kW,1.5kW_coil_current_0pct,1,23,True
1.5kW,1.5kW_coil_current_0pct,1,24,True
1.5kW,1.5kW_coil_current_0pct,1,25,True
1.5kW,1.5kW_coil_current_0pct,1,26,True
1.5kW,1.5kW_coil_current_0pct,1,27,True
1.5kW,1.5kW_coil_current_0pct,1,28,True
1.5kW,1.5kW_coil_current_0pct,1,29,True
1.5kW,1.5kW_coil_current_0pct,2,30,True
1.5kW,1.5kW_coil_current_0pct,2,31,True
1.5kW,1.5kW_coil_current_0pct,2,32,True
1.5kW,1.5kW_coil_current_0pct,2,33,True
1.5kW,1.5kW_coil_current_0pct,2,34,True
1.5kW,1.5kW_coil_current_0pct,2,35,True
1.5kW,1.5kW_coil_current_0pct,2,36,True
1.5kW,1.5kW_coil_current_0pct,2,37,True
1.5kW,1.5kW_coil_current_0pct,2,38,True
1.5kW,1.5kW_coil_current_0pct,2,39,True
1.5kW,1.5kW_coil_current_0pct,2,40,True
1.5kW,1.5kW_coil_current_0pct,2,41,True
1.5kW,1.5kW_coil_current_0pct,2,42,True
1.5kW,1.5kW_coil_current_0pct,2,43,True
1.5kW,1.5kW_coil_current_0pct,2,44,True
1.5kW,1.5kW_coil_current_0pct,3,45,True
1.5kW,1.5kW_coil_current_0pct,3,46,True
1.5kW,1.5kW_coil_current_0pct,3,47,True
1.5kW,1.5kW_coil_current_0pct,3,48,True
1.5kW,1.5kW_coil_current_0pct,3,49,True
1.5kW,1.5kW_coil_current_0pct,3,50,True
1.5kW,1.5kW_coil_current_0pct,3,51,True
1.5kW,1.5kW_coil_current_0pct,3,52,True
1.5kW,1.5kW_coil_current_0pct,3,53,True
1.5kW,1.5kW_coil_current_0pct,3,54,True
1.5kW,1.5kW_coil_current_0pct,3,55,True
1.5kW,1.5kW_coil_current_0pct,3,56,True
1.5kW,1.5kW_coil_current_0pct,3,57,True
1.5kW,1.5kW_coil_current_0pct,3,58,True
1.5kW,1.5kW_coil_current_0pct,3,59,True
1kW,1kW_coil_current_0pct,0,0,True
1kW,1kW_coil_current_0pct,0,1,True
1kW,1kW_coil_current_0pct,0,2,True
1kW,1kW_coil_current_0pct,0,3,True
1kW,1kW_coil_current_0pct,0,4,True
1kW,1kW_coil_current_0pct,0,5,True
1kW,1kW_coil_current_0pct,0,6,True
1kW,1kW_coil_current_0pct,0,7,True
1kW,1kW_coil_current_0pct,0,8,True
1kW,1kW_coil_current_0pct,0,9,True
1kW,1kW_coil_current_0pct,0,10,True
1kW,1kW_coil_current_0pct,0,11,True
1kW,1kW_coil_current_0pct,0,12,True
1kW,1kW_coil_current_0pct,0,13,True
1kW,1kW_coil_current_0pct,0,14,True
1kW,1kW_coil_current_0pct,8,120,True
1kW,1kW_coil_current_0pct,8,121,True
1kW,1kW_coil_current_0pct,8,122,True
1kW,1kW_coil_current_0pct,8,123,True
1kW,1kW_coil_current_0pct,8,124,True
1kW,1kW_coil_current_0pct,8,125,True
1kW,1kW_coil_current_0pct,8,126,True
1kW,1kW_coil_current_0pct,8,127,True
1kW,1kW_coil_current_0pct,8,128,True
1kW,1kW_coil_current_0pct,8,129,True
1kW,1kW_coil_current_0pct,8,130,True
1kW,1kW_coil_current_0pct,8,131,True
1kW,1kW_coil_current_0pct,8,132,True
1kW,1kW_coil_current_0pct,8,133,True
1kW,1kW_coil_current_0pct,8,134,True
1kW,1kW_coil_current_0pct,15,225,True
1kW,1kW_coil_current_0pct,15,226,True
1kW,1kW_coil_current_0pct,15,227,True
1kW,1kW_coil_current_0pct,15,228,True
1kW,1kW_coil_current_0pct,15,229,True
1kW,1kW_coil_current_0pct,15,230,True
1kW,1kW_coil_current_0pct,15,231,True
1kW,1kW_coil_current_0pct,15,232,True
1kW,1kW_coil_current_0pct,15,233,True
1kW,1kW_coil_current_0pct,15,234,True
1kW,1kW_coil_current_0pct,15,235,True
1kW,1kW_coil_current_0pct,15,236,True
1kW,1kW_coil_current_0pct,15,237,True
1kW,1kW_coil_current_0pct,15,238,True
1kW,1kW_coil_current_0pct,15,239,True
1kW,1kW_coil_current_0pct,23,345,True
1kW,1kW_coil_current_0pct,23,346,True
1kW,1kW_coil_current_0pct,23,347,True
1kW,1kW_coil_current_0pct,23,348,True
1kW,1kW_coil_current_0pct,23,349,True
1kW,1kW_coil_current_0pct,23,350,True
1kW,1kW_coil_current_0pct,23,351,True
1kW,1kW_coil_current_0pct,23,352,True
1kW,1kW_coil_current_0pct,23,353,True
1kW,1kW_coil_current_0pct,23,354,True
1kW,1kW_coil_current_0pct,23,355,True
1kW,1kW_coil_current_0pct,23,356,True
1kW,1kW_coil_current_0pct,23,357,True
1kW,1kW_coil_current_0pct,23,358,True
1kW,1kW_coil_current_0pct,23,359,True
3kW,3kW_coil_current_0pct,0,0,True
3kW,3kW_coil_current_0pct,0,1,True
3kW,3kW_coil_current_0pct,0,2,True
3kW,3kW_coil_current_0pct,0,3,True
3kW,3kW_coil_current_0pct,0,4,True
3kW,3kW_coil_current_0pct,0,5,True
3kW,3kW_coil_current_0pct,0,6,True
3kW,3kW_coil_current_0pct,0,7,True
3kW,3kW_coil_current_0pct,0,8,True
3kW,3kW_coil_current_0pct,0,9,True
3kW,3kW_coil_current_0pct,0,10,True
3kW,3kW_coil_current_0pct,0,11,True
3kW,3kW_coil_current_0pct,0,12,True
3kW,3kW_coil_current_0pct,0,13,True
3kW,3kW_coil_current_0pct,0,14,True
3kW,3kW_coil_current_0pct,8,120,True
3kW,3kW_coil_current_0pct,8,121,True
3kW,3kW_coil_current_0pct,8,122,True
3kW,3kW_coil_current_0pct,8,123,True
3kW,3kW_coil_current_0pct,8,124,True
3kW,3kW_coil_current_0pct,8,125,True
3kW,3kW_coil_current_0pct,8,126,True
3kW,3kW_coil_current_0pct,8,127,True
3kW,3kW_coil_current_0pct,8,128,True
3kW,3kW_coil_current_0pct,8,129,True
3kW,3kW_coil_current_0pct,8,130,True
3kW,3kW_coil_current_0pct,8,131,True
3kW,3kW_coil_current_0pct,8,132,True
3kW,3kW_coil_current_0pct,8,133,True
3kW,3kW_coil_current_0pct,8,134,True
3kW,3kW_coil_current_0pct,15,225,True
3kW,3kW_coil_current_0pct,15,226,True
3kW,3kW_coil_current_0pct,15,227,True
3kW,3kW_coil_current_0pct,15,228,True
3kW,3kW_coil_current_0pct,15,229,True
3kW,3kW_coil_current_0pct,15,230,True
3kW,3kW_coil_current_0pct,15,231,True
3kW,3kW_coil_current_0pct,15,232,True
3kW,3kW_coil_current_0pct,15,233,True
3kW,3kW_coil_current_0pct,15,234,True
3kW,3kW_coil_current_0pct,15,235,True
3kW,3kW_coil_current_0pct,15,236,True
3kW,3kW_coil_current_0pct,15,237,True
3kW,3kW_coil_current_0pct,15,238,True
3kW,3kW_coil_current_0pct,15,239,True
3kW,3kW_coil_current_0pct,23,345,True
3kW,3kW_coil_current_0pct,23,346,True
3kW,3kW_coil_current_0pct,23,347,True
3kW,3kW_coil_current_0pct,23,348,True
3kW,3kW_coil_current_0pct,23,349,True
3kW,3kW_coil_current_0pct,23,350,True
3kW,3kW_coil_current_0pct,23,351,True
3kW,3kW_coil_current_0pct,23,352,True
3kW,3kW_coil_current_0pct,23,353,True
3kW,3kW_coil_current_0pct,23,354,True
3kW,3kW_coil_current_0pct,23,355,True
3kW,3kW_coil_current_0pct,23,356,True
3kW,3kW_coil_current_0pct,23,357,True
3kW,3kW_coil_current_0pct,23,358,True
3kW,3kW_coil_current_0pct,23,359,True
