fault_family,severity_percent,blocks,score_mean,source_detection,target_healthy_detection
intercoil,4.79,40,10.828725021360473,1.0,1.0
intercoil,5.7,40,10.161272480325291,1.0,1.0
intercoil,7.02,40,1.545514111510032,0.625,0.275
intercoil,9.15,40,10.500851663086472,1.0,1.0
intercoil,13.12,40,2.0482563699585574,0.675,0.475
intercoil,23.2,40,10.347034989480573,1.0,1.0
intercoil,37.66,40,2.466011565216397,0.9,0.575
interturn,1.57,40,4.629770372194853,1.0,1.0
interturn,1.88,40,8.221014943714353,1.0,1.0
interturn,2.34,40,1.5023958335641243,0.425,0.2
interturn,3.1,40,9.848920235231898,1.0,1.0
interturn,4.57,40,-0.5499236412647065,0.0,0.0
interturn,8.74,40,4.400644536567243,1.0,1.0
interturn,16.08,40,-10.741577348683089,0.0,0.0
