target_motor,method,feature_arm,alpha,threshold,adaptation_blocks,calibration_blocks,healthy_test_blocks,fault_test_blocks,false_alarms,false_alarm_rate,detected_fault_blocks,detection_rate,lowest_two_severity_detection_rate,block_auroc,block_auprc
1kW,target_ledoit,scale_free,0.05,49.62720197470801,4,20,14,560,0,0.0,560,1.0,1.0,1.0,0.9999999999999999
1kW,target_sample_covariance,scale_free,0.05,91.73343945657678,4,20,14,560,1,0.07142857142857142,560,1.0,1.0,1.0,0.9999999999999999
1kW,source_covariance,scale_free,0.05,949.3181501201735,4,20,14,560,1,0.07142857142857142,560,1.0,1.0,1.0,0.9999999999999999
1kW,entity_balanced_covariance,scale_free,0.05,83.59899209185048,4,20,14,560,0,0.0,560,1.0,1.0,1.0,0.9999999999999999
1kW,target_ledoit,all_features,0.05,70.97469090319201,4,20,14,560,1,0.07142857142857142,560,1.0,1.0,1.0,0.9999999999999999
1kW,target_sample_covariance,all_features,0.05,128.58473555664958,4,20,14,560,1,0.07142857142857142,560,1.0,1.0,1.0,0.9999999999999999
1kW,source_covariance,all_features,0.05,10725.174616892957,4,20,14,560,3,0.21428571428571427,560,1.0,1.0,1.0,0.9999999999999999
1kW,entity_balanced_covariance,all_features,0.05,167.28662452213715,4,20,14,560,1,0.07142857142857142,560,1.0,1.0,1.0,0.9999999999999999
1.5kW,target_ledoit,scale_free,0.05,137.70365476611968,4,20,14,560,0,0.0,493,0.8803571428571428,1.0,1.0,0.9999999999999999
1.5kW,target_sample_covariance,scale_free,0.05,214.48890083743714,4,20,14,560,0,0.0,531,0.9482142857142857,1.0,1.0,0.9999999999999999
1.5kW,source_covariance,scale_free,0.05,282.6299055199005,4,20,14,560,0,0.0,426,0.7607142857142857,1.0,1.0,0.9999999999999999
1.5kW,entity_balanced_covariance,scale_free,0.05,119.20188052181365,4,20,14,560,0,0.0,502,0.8964285714285715,1.0,1.0,0.9999999999999999
1.5kW,target_ledoit,all_features,0.05,145.7607987648662,4,20,14,560,0,0.0,551,0.9839285714285714,1.0,0.9997448979591838,0.9999936451448905
1.5kW,target_sample_covariance,all_features,0.05,262.32790471352695,4,20,14,560,0,0.0,560,1.0,1.0,1.0,0.9999999999999999
1.5kW,source_covariance,all_features,0.05,353.9017220159797,4,20,14,560,0,0.0,536,0.9571428571428572,1.0,0.9997448979591836,0.9999936281330712
1.5kW,entity_balanced_covariance,all_features,0.05,124.12538394090731,4,20,14,560,0,0.0,560,1.0,1.0,1.0,0.9999999999999999
3kW,target_ledoit,scale_free,0.05,64.84298568225721,4,20,14,560,0,0.0,517,0.9232142857142858,1.0,0.9963010204081633,0.9999074051742016
3kW,target_sample_covariance,scale_free,0.05,106.63468304870591,4,20,14,560,1,0.07142857142857142,557,0.9946428571428572,1.0,0.9985969387755101,0.9999651603328981
3kW,source_covariance,scale_free,0.05,358.9624150713545,4,20,14,560,0,0.0,539,0.9625,1.0,0.9954081632653061,0.9998859562027851
3kW,entity_balanced_covariance,scale_free,0.05,57.12846919717411,4,20,14,560,3,0.21428571428571427,557,0.9946428571428572,1.0,0.9978316326530612,0.9999459545210967
3kW,target_ledoit,all_features,0.05,71.02302101615189,4,20,14,560,1,0.07142857142857142,551,0.9839285714285714,1.0,0.9966836734693878,0.9999154975229085
3kW,target_sample_covariance,all_features,0.05,246.2201884099608,4,20,14,560,1,0.07142857142857142,530,0.9464285714285714,1.0,0.9725765306122449,0.9993136257353247
3kW,source_covariance,all_features,0.05,373.1107561375716,4,20,14,560,0,0.0,555,0.9910714285714286,1.0,0.9987244897959183,0.9999684218619568
3kW,entity_balanced_covariance,all_features,0.05,69.21925447506537,4,20,14,560,2,0.14285714285714285,560,1.0,1.0,0.9994897959183674,0.9999872618894416
