motor_id,record_id,fault_family,severity_percent,is_healthy,block_id,score,p_source,p_target_healthy,alarm_source,alarm_target_healthy
1.5kW,1.5kW_coil_current_0pct,intercoil,0.0,True,0,8.020202089403416,0.03225806451612903,0.38095238095238093,True,False
1.5kW,1.5kW_coil_current_0pct,intercoil,0.0,True,1,6.770085806573272,0.03225806451612903,0.8095238095238095,True,False
1.5kW,1.5kW_coil_current_0pct,intercoil,0.0,True,2,7.536138582141947,0.03225806451612903,0.47619047619047616,True,False
1.5kW,1.5kW_coil_current_0pct,intercoil,0.0,True,3,7.292480200049845,0.03225806451612903,0.6190476190476191,True,False
1.5kW,1.5kW_coil_current_0pct,intercoil,0.0,True,4,6.510924860387947,0.03225806451612903,0.8095238095238095,True,False
1.5kW,1.5kW_coil_current_0pct,intercoil,0.0,True,5,4.377595275453241,0.03225806451612903,1.0,True,False
1.5kW,1.5kW_coil_current_0pct,intercoil,0.0,True,6,7.252122900361002,0.03225806451612903,0.7142857142857143,True,False
1.5kW,1.5kW_coil_current_0pct,intercoil,0.0,True,7,7.511641716086808,0.03225806451612903,0.5238095238095238,True,False
1.5kW,1.5kW_coil_current_0pct,intercoil,0.0,True,8,7.5033898909275125,0.03225806451612903,0.5714285714285714,True,False
1.5kW,1.5kW_coil_current_0pct,intercoil,0.0,True,9,8.712312319801505,0.03225806451612903,0.19047619047619047,True,False
1.5kW,1.5kW_coil_current_0pct,intercoil,0.0,True,10,8.657119593573846,0.03225806451612903,0.23809523809523808,True,False
1.5kW,1.5kW_coil_current_0pct,intercoil,0.0,True,11,7.824415749166501,0.03225806451612903,0.42857142857142855,True,False
1.5kW,1.5kW_coil_current_0pct,intercoil,0.0,True,12,6.363108856506338,0.03225806451612903,0.9047619047619048,True,False
1.5kW,1.5kW_coil_current_0pct,intercoil,0.0,True,13,10.880806919032981,0.03225806451612903,0.09523809523809523,True,False
1.5kW,1.5kW_coil_current_0pct,intercoil,0.0,True,14,8.278042800414712,0.03225806451612903,0.38095238095238093,True,False
1.5kW,1.5kW_coil_current_0pct,intercoil,0.0,True,15,8.442526187497855,0.03225806451612903,0.2857142857142857,True,False
1.5kW,1.5kW_coil_current_0pct,intercoil,0.0,True,16,6.887745986097697,0.03225806451612903,0.8095238095238095,True,False
1.5kW,1.5kW_coil_current_0pct,intercoil,0.0,True,17,7.802016302603132,0.03225806451612903,0.47619047619047616,True,False
1.5kW,1.5kW_coil_current_0pct,intercoil,0.0,True,18,7.162492599094468,0.03225806451612903,0.7619047619047619,True,False
1.5kW,1.5kW_coil_current_0pct,intercoil,0.0,True,19,8.286371268226546,0.03225806451612903,0.3333333333333333,True,False
1.5kW,1.5kW_coil_current_0pct,intercoil,0.0,True,20,9.352283705465368,0.03225806451612903,0.14285714285714285,True,False
1.5kW,1.5kW_coil_current_0pct,intercoil,0.0,True,21,7.468638357557989,0.03225806451612903,0.6190476190476191,True,False
1.5kW,1.5kW_coil_current_0pct,intercoil,0.0,True,22,6.467738194085555,0.03225806451612903,0.8571428571428571,True,False
1.5kW,1.5kW_coil_current_0pct,intercoil,0.0,True,23,6.360044753607172,0.03225806451612903,0.9523809523809523,True,False
1.5kW,1.5kW_coil_current_0pct,intercoil,0.0,True,24,7.252709887086212,0.03225806451612903,0.6666666666666666,True,False
1.5kW,1.5kW_coil_current_0pct,intercoil,0.0,True,25,6.390995075931308,0.03225806451612903,0.8571428571428571,True,False
1.5kW,1.5kW_coil_current_0pct,intercoil,0.0,True,26,7.1700875766072665,0.03225806451612903,0.7142857142857143,True,False
1.5kW,1.5kW_coil_current_0pct,intercoil,0.0,True,27,6.322128931293577,0.03225806451612903,0.9523809523809523,True,False
1.5kW,1.5kW_coil_current_0pct,intercoil,0.0,True,28,6.920620812781197,0.03225806451612903,0.7619047619047619,True,False
1.5kW,1.5kW_coil_current_0pct,intercoil,0.0,True,29,7.333831190415673,0.03225806451612903,0.6190476190476191,True,False
1.5kW,1.5kW_coil_current_0pct,intercoil,0.0,True,30,6.593929724134802,0.03225806451612903,0.8095238095238095,True,False
1.5kW,1.5kW_coil_current_0pct,intercoil,0.0,True,31,7.440837594999662,0.03225806451612903,0.6190476190476191,True,False
1.5kW,1.5kW_coil_current_0pct,intercoil,0.0,True,32,6.580539705084377,0.03225806451612903,0.8095238095238095,True,False
1.5kW,1.5kW_coil_current_0pct,intercoil,0.0,True,33,6.971378184959488,0.03225806451612903,0.7619047619047619,True,False
1.5kW,1.5kW_coil_current_0pct,intercoil,0.0,True,34,6.942135894422248,0.03225806451612903,0.7619047619047619,True,False
1.5kW,1.5kW_coil_current_0pct,intercoil,0.0,True,35,6.87144314127446,0.03225806451612903,0.8095238095238095,True,False
1.5kW,1.5kW_coil_current_0pct,intercoil,0.0,True,36,7.935990156073359,0.03225806451612903,0.38095238095238093,True,False
1.5kW,1.5kW_coil_current_0pct,intercoil,0.0,True,37,6.4541472812773355,0.03225806451612903,0.8571428571428571,True,False
1.5kW,1.5kW_coil_current_0pct,intercoil,0.0,True,38,6.237124818963948,0.03225806451612903,0.9523809523809523,True,False
1.5kW,1.5kW_coil_current_0pct,intercoil,0.0,True,39,6.493711408902879,0.03225806451612903,0.8095238095238095,True,False
1.5kW,1.5kW_coil_current_13p12pct,intercoil,13.12,False,0,7.326464800461184,0.03225806451612903,0.6190476190476191,True,False
1.5kW,1.5kW_coil_current_13p12pct,intercoil,13.12,False,1,8.173361707943824,0.03225806451612903,0.38095238095238093,True,False
1.5kW,1.5kW_coil_current_13p12pct,intercoil,13.12,False,2,7.733150734917537,0.03225806451612903,0.47619047619047616,True,False
1.5kW,1.5kW_coil_current_13p12pct,intercoil,13.12,False,3,8.968583279983676,0.03225806451612903,0.14285714285714285,True,False
1.5kW,1.5kW_coil_current_13p12pct,intercoil,13.12,False,4,7.274699030659974,0.03225806451612903,0.6190476190476191,True,False
1.5kW,1.5kW_coil_current_13p12pct,intercoil,13.12,False,5,7.871086790110781,0.03225806451612903,0.38095238095238093,True,False
1.5kW,1.5kW_coil_current_13p12pct,intercoil,13.12,False,6,8.399582739404178,0.03225806451612903,0.2857142857142857,True,False
1.5kW,1.5kW_coil_current_13p12pct,intercoil,13.12,False,7,8.404406962513445,0.03225806451612903,0.2857142857142857,True,False
1.5kW,1.5kW_coil_current_13p12pct,intercoil,13.12,False,8,9.26894298472384,0.03225806451612903,0.14285714285714285,True,False
1.5kW,1.5kW_coil_current_13p12pct,intercoil,13.12,False,9,7.738905681111722,0.03225806451612903,0.47619047619047616,True,False
1.5kW,1.5kW_coil_current_13p12pct,intercoil,13.12,False,10,6.906216127469737,0.03225806451612903,0.7619047619047619,True,False
1.5kW,1.5kW_coil_current_13p12pct,intercoil,13.12,False,11,6.2762022482921935,0.03225806451612903,0.9523809523809523,True,False
1.5kW,1.5kW_coil_current_13p12pct,intercoil,13.12,False,12,6.22691651049266,0.03225806451612903,0.9523809523809523,True,False
1.5kW,1.5kW_coil_current_13p12pct,intercoil,13.12,False,13,7.266555107642483,0.03225806451612903,0.6190476190476191,True,False
1.5kW,1.5kW_coil_current_13p12pct,intercoil,13.12,False,14,6.184423521057449,0.03225806451612903,0.9523809523809523,True,False
1.5kW,1.5kW_coil_current_13p12pct,intercoil,13.12,False,15,6.912045811883441,0.03225806451612903,0.7619047619047619,True,False
1.5kW,1.5kW_coil_current_13p12pct,intercoil,13.12,False,16,5.291544375714919,0.03225806451612903,0.9523809523809523,True,False
1.5kW,1.5kW_coil_current_13p12pct,intercoil,13.12,False,17,6.713719133913425,0.03225806451612903,0.8095238095238095,True,False
1.5kW,1.5kW_coil_current_13p12pct,intercoil,13.12,False,18,8.369995538517223,0.03225806451612903,0.2857142857142857,True,False
1.5kW,1.5kW_coil_current_13p12pct,intercoil,13.12,False,19,6.475505700319721,0.03225806451612903,0.8095238095238095,True,False
1.5kW,1.5kW_coil_current_13p12pct,intercoil,13.12,False,20,5.513538984955253,0.03225806451612903,0.9523809523809523,True,False
1.5kW,1.5kW_coil_current_13p12pct,intercoil,13.12,False,21,4.396065002426001,0.03225806451612903,0.9523809523809523,True,False
1.5kW,1.5kW_coil_current_13p12pct,intercoil,13.12,False,22,6.238093913218585,0.03225806451612903,0.9523809523809523,True,False
1.5kW,1.5kW_coil_current_13p12pct,intercoil,13.12,False,23,5.141740890683012,0.03225806451612903,0.9523809523809523,True,False
1.5kW,1.5kW_coil_current_13p12pct,intercoil,13.12,False,24,4.7462710798825745,0.03225806451612903,0.9523809523809523,True,False
1.5kW,1.5kW_coil_current_13p12pct,intercoil,13.12,False,25,6.317050712409876,0.03225806451612903,0.9523809523809523,True,False
1.5kW,1.5kW_coil_current_13p12pct,intercoil,13.12,False,26,4.336930611003389,0.03225806451612903,1.0,True,False
1.5kW,1.5kW_coil_current_13p12pct,intercoil,13.12,False,27,7.589695459009111,0.03225806451612903,0.47619047619047616,True,False
1.5kW,1.5kW_coil_current_13p12pct,intercoil,13.12,False,28,5.582115563533014,0.03225806451612903,0.9523809523809523,True,False
1.5kW,1.5kW_coil_current_13p12pct,intercoil,13.12,False,29,6.995496763102323,0.03225806451612903,0.7619047619047619,True,False
1.5kW,1.5kW_coil_current_13p12pct,intercoil,13.12,False,30,7.290557260501109,0.03225806451612903,0.6190476190476191,True,False
1.5kW,1.5kW_coil_current_13p12pct,intercoil,13.12,False,31,7.055760844772808,0.03225806451612903,0.7619047619047619,True,False
1.5kW,1.5kW_coil_current_13p12pct,intercoil,13.12,False,32,6.386057302862407,0.03225806451612903,0.8571428571428571,True,False
1.5kW,1.5kW_coil_current_13p12pct,intercoil,13.12,False,33,5.429654449522659,0.03225806451612903,0.9523809523809523,True,False
1.5kW,1.5kW_coil_current_13p12pct,intercoil,13.12,False,34,8.548732873084596,0.03225806451612903,0.23809523809523808,True,False
1.5kW,1.5kW_coil_current_13p12pct,intercoil,13.12,False,35,5.316822555827925,0.03225806451612903,0.9523809523809523,True,False
1.5kW,1.5kW_coil_current_13p12pct,intercoil,13.12,False,36,6.466420724079326,0.03225806451612903,0.8571428571428571,True,False
1.5kW,1.5kW_coil_current_13p12pct,intercoil,13.12,False,37,6.70983654600549,0.03225806451612903,0.8095238095238095,True,False
1.5kW,1.5kW_coil_current_13p12pct,intercoil,13.12,False,38,6.958380528394103,0.03225806451612903,0.7619047619047619,True,False
1.5kW,1.5kW_coil_current_13p12pct,intercoil,13.12,False,39,5.673026982302768,0.03225806451612903,0.9523809523809523,True,False
1.5kW,1.5kW_coil_current_23p2pct,intercoil,23.2,False,0,11.634522078195918,0.03225806451612903,0.047619047619047616,True,True
1.5kW,1.5kW_coil_current_23p2pct,intercoil,23.2,False,1,10.536205193309229,0.03225806451612903,0.09523809523809523,True,False
1.5kW,1.5kW_coil_current_23p2pct,intercoil,23.2,False,2,10.142388089327115,0.03225806451612903,0.09523809523809523,True,False
1.5kW,1.5kW_coil_current_23p2pct,intercoil,23.2,False,3,11.33777705613232,0.03225806451612903,0.047619047619047616,True,True
1.5kW,1.5kW_coil_current_23p2pct,intercoil,23.2,False,4,11.699006570955136,0.03225806451612903,0.047619047619047616,True,True
1.5kW,1.5kW_coil_current_23p2pct,intercoil,23.2,False,5,10.622234883834516,0.03225806451612903,0.09523809523809523,True,False
1.5kW,1.5kW_coil_current_23p2pct,intercoil,23.2,False,6,11.471793789044767,0.03225806451612903,0.047619047619047616,True,True
1.5kW,1.5kW_coil_current_23p2pct,intercoil,23.2,False,7,10.2156413129956,0.03225806451612903,0.09523809523809523,True,False
1.5kW,1.5kW_coil_current_23p2pct,intercoil,23.2,False,8,12.21693553517352,0.03225806451612903,0.047619047619047616,True,True
1.5kW,1.5kW_coil_current_23p2pct,intercoil,23.2,False,9,11.075487053751099,0.03225806451612903,0.047619047619047616,True,True
1.5kW,1.5kW_coil_current_23p2pct,intercoil,23.2,False,10,11.196111710591882,0.03225806451612903,0.047619047619047616,True,True
1.5kW,1.5kW_coil_current_23p2pct,intercoil,23.2,False,11,12.446725149559548,0.03225806451612903,0.047619047619047616,True,True
1.5kW,1.5kW_coil_current_23p2pct,intercoil,23.2,False,12,11.457184306960245,0.03225806451612903,0.047619047619047616,True,True
1.5kW,1.5kW_coil_current_23p2pct,intercoil,23.2,False,13,10.048553871456189,0.03225806451612903,0.09523809523809523,True,False
1.5kW,1.5kW_coil_current_23p2pct,intercoil,23.2,False,14,9.609443314989935,0.03225806451612903,0.09523809523809523,True,False
1.5kW,1.5kW_coil_current_23p2pct,intercoil,23.2,False,15,10.405686032215431,0.03225806451612903,0.09523809523809523,True,False
1.5kW,1.5kW_coil_current_23p2pct,intercoil,23.2,False,16,10.13430853261154,0.03225806451612903,0.09523809523809523,True,False
1.5kW,1.5kW_coil_current_23p2pct,intercoil,23.2,False,17,11.06595988782575,0.03225806451612903,0.047619047619047616,True,True
1.5kW,1.5kW_coil_current_23p2pct,intercoil,23.2,False,18,9.851484528036304,0.03225806451612903,0.09523809523809523,True,False
1.5kW,1.5kW_coil_current_23p2pct,intercoil,23.2,False,19,11.83133625257344,0.03225806451612903,0.047619047619047616,True,True
1.5kW,1.5kW_coil_current_23p2pct,intercoil,23.2,False,20,10.925637274440874,0.03225806451612903,0.047619047619047616,True,True
1.5kW,1.5kW_coil_current_23p2pct,intercoil,23.2,False,21,10.183152285912481,0.03225806451612903,0.09523809523809523,True,False
1.5kW,1.5kW_coil_current_23p2pct,intercoil,23.2,False,22,11.319422724842946,0.03225806451612903,0.047619047619047616,True,True
1.5kW,1.5kW_coil_current_23p2pct,intercoil,23.2,False,23,11.494557091795478,0.03225806451612903,0.047619047619047616,True,True
1.5kW,1.5kW_coil_current_23p2pct,intercoil,23.2,False,24,13.904954996284989,0.03225806451612903,0.047619047619047616,True,True
1.5kW,1.5kW_coil_current_23p2pct,intercoil,23.2,False,25,13.031875535422525,0.03225806451612903,0.047619047619047616,True,True
1.5kW,1.5kW_coil_current_23p2pct,intercoil,23.2,False,26,11.827310894821586,0.03225806451612903,0.047619047619047616,True,True
1.5kW,1.5kW_coil_current_23p2pct,intercoil,23.2,False,27,12.000671502926958,0.03225806451612903,0.047619047619047616,True,True
1.5kW,1.5kW_coil_current_23p2pct,intercoil,23.2,False,28,10.947500408919241,0.03225806451612903,0.047619047619047616,True,True
1.5kW,1.5kW_coil_current_23p2pct,intercoil,23.2,False,29,12.503204616114331,0.03225806451612903,0.047619047619047616,True,True
1.5kW,1.5kW_coil_current_23p2pct,intercoil,23.2,False,30,12.40411272508033,0.03225806451612903,0.047619047619047616,True,True
1.5kW,1.5kW_coil_current_23p2pct,intercoil,23.2,False,31,11.437712814994407,0.03225806451612903,0.047619047619047616,True,True
1.5kW,1.5kW_coil_current_23p2pct,intercoil,23.2,False,32,9.959893866834808,0.03225806451612903,0.09523809523809523,True,False
1.5kW,1.5kW_coil_current_23p2pct,intercoil,23.2,False,33,10.85827206564344,0.03225806451612903,0.09523809523809523,True,False
1.5kW,1.5kW_coil_current_23p2pct,intercoil,23.2,False,34,10.80949147212985,0.03225806451612903,0.09523809523809523,True,False
1.5kW,1.5kW_coil_current_23p2pct,intercoil,23.2,False,35,11.273551982483731,0.03225806451612903,0.047619047619047616,True,True
1.5kW,1.5kW_coil_current_23p2pct,intercoil,23.2,False,36,11.735550616808776,0.03225806451612903,0.047619047619047616,True,True
1.5kW,1.5kW_coil_current_23p2pct,intercoil,23.2,False,37,13.208379847701957,0.03225806451612903,0.047619047619047616,True,True
1.5kW,1.5kW_coil_current_23p2pct,intercoil,23.2,False,38,11.263853401853938,0.03225806451612903,0.047619047619047616,True,True
1.5kW,1.5kW_coil_current_23p2pct,intercoil,23.2,False,39,11.88364437261128,0.03225806451612903,0.047619047619047616,True,True
1.5kW,1.5kW_coil_current_37p66pct,intercoil,37.66,False,0,3.94095508287279,0.03225806451612903,1.0,True,False
1.5kW,1.5kW_coil_current_37p66pct,intercoil,37.66,False,1,6.398075079340489,0.03225806451612903,0.8571428571428571,True,False
1.5kW,1.5kW_coil_current_37p66pct,intercoil,37.66,False,2,6.087165315529833,0.03225806451612903,0.9523809523809523,True,False
1.5kW,1.5kW_coil_current_37p66pct,intercoil,37.66,False,3,3.5495257025622156,0.03225806451612903,1.0,True,False
1.5kW,1.5kW_coil_current_37p66pct,intercoil,37.66,False,4,6.017989392209547,0.03225806451612903,0.9523809523809523,True,False
1.5kW,1.5kW_coil_current_37p66pct,intercoil,37.66,False,5,5.816477548224793,0.03225806451612903,0.9523809523809523,True,False
1.5kW,1.5kW_coil_current_37p66pct,intercoil,37.66,False,6,6.658542183567768,0.03225806451612903,0.8095238095238095,True,False
1.5kW,1.5kW_coil_current_37p66pct,intercoil,37.66,False,7,8.232576137273904,0.03225806451612903,0.38095238095238093,True,False
1.5kW,1.5kW_coil_current_37p66pct,intercoil,37.66,False,8,5.884888994631877,0.03225806451612903,0.9523809523809523,True,False
1.5kW,1.5kW_coil_current_37p66pct,intercoil,37.66,False,9,5.874678342978918,0.03225806451612903,0.9523809523809523,True,False
1.5kW,1.5kW_coil_current_37p66pct,intercoil,37.66,False,10,5.557327333750396,0.03225806451612903,0.9523809523809523,True,False
1.5kW,1.5kW_coil_current_37p66pct,intercoil,37.66,False,11,7.01553171613,0.03225806451612903,0.7619047619047619,True,False
1.5kW,1.5kW_coil_current_37p66pct,intercoil,37.66,False,12,6.631087589983418,0.03225806451612903,0.8095238095238095,True,False
1.5kW,1.5kW_coil_current_37p66pct,intercoil,37.66,False,13,6.173655269486332,0.03225806451612903,0.9523809523809523,True,False
1.5kW,1.5kW_coil_current_37p66pct,intercoil,37.66,False,14,7.316120879996219,0.03225806451612903,0.6190476190476191,True,False
1.5kW,1.5kW_coil_current_37p66pct,intercoil,37.66,False,15,7.043067676490488,0.03225806451612903,0.7619047619047619,True,False
1.5kW,1.5kW_coil_current_37p66pct,intercoil,37.66,False,16,6.629767361541481,0.03225806451612903,0.8095238095238095,True,False
1.5kW,1.5kW_coil_current_37p66pct,intercoil,37.66,False,17,5.755916579463793,0.03225806451612903,0.9523809523809523,True,False
1.5kW,1.5kW_coil_current_37p66pct,intercoil,37.66,False,18,5.350811503238428,0.03225806451612903,0.9523809523809523,True,False
1.5kW,1.5kW_coil_current_37p66pct,intercoil,37.66,False,19,7.124746827442558,0.03225806451612903,0.7619047619047619,True,False
1.5kW,1.5kW_coil_current_37p66pct,intercoil,37.66,False,20,6.7387004506089285,0.03225806451612903,0.8095238095238095,True,False
1.5kW,1.5kW_coil_current_37p66pct,intercoil,37.66,False,21,5.034009500326724,0.03225806451612903,0.9523809523809523,True,False
1.5kW,1.5kW_coil_current_37p66pct,intercoil,37.66,False,22,6.505792106678733,0.03225806451612903,0.8095238095238095,True,False
1.5kW,1.5kW_coil_current_37p66pct,intercoil,37.66,False,23,6.331007264669842,0.03225806451612903,0.9523809523809523,True,False
1.5kW,1.5kW_coil_current_37p66pct,intercoil,37.66,False,24,7.43248269172077,0.03225806451612903,0.6190476190476191,True,False
1.5kW,1.5kW_coil_current_37p66pct,intercoil,37.66,False,25,5.597612580205139,0.03225806451612903,0.9523809523809523,True,False
1.5kW,1.5kW_coil_current_37p66pct,intercoil,37.66,False,26,5.0199710339961525,0.03225806451612903,0.9523809523809523,True,False
1.5kW,1.5kW_coil_current_37p66pct,intercoil,37.66,False,27,5.285975878085565,0.03225806451612903,0.9523809523809523,True,False
1.5kW,1.5kW_coil_current_37p66pct,intercoil,37.66,False,28,5.716980476534177,0.03225806451612903,0.9523809523809523,True,False
1.5kW,1.5kW_coil_current_37p66pct,intercoil,37.66,False,29,5.652574903620292,0.03225806451612903,0.9523809523809523,True,False
1.5kW,1.5kW_coil_current_37p66pct,intercoil,37.66,False,30,5.244925799005519,0.03225806451612903,0.9523809523809523,True,False
1.5kW,1.5kW_coil_current_37p66pct,intercoil,37.66,False,31,4.816715174416948,0.03225806451612903,0.9523809523809523,True,False
1.5kW,1.5kW_coil_current_37p66pct,intercoil,37.66,False,32,4.831250871873318,0.03225806451612903,0.9523809523809523,True,False
1.5kW,1.5kW_coil_current_37p66pct,intercoil,37.66,False,33,5.785499595853954,0.03225806451612903,0.9523809523809523,True,False
1.5kW,1.5kW_coil_current_37p66pct,intercoil,37.66,False,34,6.308466098708931,0.03225806451612903,0.9523809523809523,True,False
1.5kW,1.5kW_coil_current_37p66pct,intercoil,37.66,False,35,5.9997025261703705,0.03225806451612903,0.9523809523809523,True,False
1.5kW,1.5kW_coil_current_37p66pct,intercoil,37.66,False,36,5.905665470584017,0.03225806451612903,0.9523809523809523,True,False
1.5kW,1.5kW_coil_current_37p66pct,intercoil,37.66,False,37,4.326276865539651,0.03225806451612903,1.0,True,False
1.5kW,1.5kW_coil_current_37p66pct,intercoil,37.66,False,38,4.382633750141444,0.03225806451612903,0.9523809523809523,True,False
1.5kW,1.5kW_coil_current_37p66pct,intercoil,37.66,False,39,6.0130064597618516,0.03225806451612903,0.9523809523809523,True,False
1.5kW,1.5kW_coil_current_4p79pct,intercoil,4.79,False,0,10.978304313562825,0.03225806451612903,0.047619047619047616,True,True
1.5kW,1.5kW_coil_current_4p79pct,intercoil,4.79,False,1,12.534953996033305,0.03225806451612903,0.047619047619047616,True,True
1.5kW,1.5kW_coil_current_4p79pct,intercoil,4.79,False,2,13.293809621991034,0.03225806451612903,0.047619047619047616,True,True
1.5kW,1.5kW_coil_current_4p79pct,intercoil,4.79,False,3,10.493238545616018,0.03225806451612903,0.09523809523809523,True,False
1.5kW,1.5kW_coil_current_4p79pct,intercoil,4.79,False,4,11.458960198898042,0.03225806451612903,0.047619047619047616,True,True
1.5kW,1.5kW_coil_current_4p79pct,intercoil,4.79,False,5,11.01969225355248,0.03225806451612903,0.047619047619047616,True,True
1.5kW,1.5kW_coil_current_4p79pct,intercoil,4.79,False,6,11.166798526166744,0.03225806451612903,0.047619047619047616,True,True
1.5kW,1.5kW_coil_current_4p79pct,intercoil,4.79,False,7,10.870490280914858,0.03225806451612903,0.09523809523809523,True,False
1.5kW,1.5kW_coil_current_4p79pct,intercoil,4.79,False,8,11.860675522074798,0.03225806451612903,0.047619047619047616,True,True
1.5kW,1.5kW_coil_current_4p79pct,intercoil,4.79,False,9,11.783979503504256,0.03225806451612903,0.047619047619047616,True,True
1.5kW,1.5kW_coil_current_4p79pct,intercoil,4.79,False,10,11.403007125938105,0.03225806451612903,0.047619047619047616,True,True
1.5kW,1.5kW_coil_current_4p79pct,intercoil,4.79,False,11,11.385547988136429,0.03225806451612903,0.047619047619047616,True,True
1.5kW,1.5kW_coil_current_4p79pct,intercoil,4.79,False,12,10.721752191411184,0.03225806451612903,0.09523809523809523,True,False
1.5kW,1.5kW_coil_current_4p79pct,intercoil,4.79,False,13,12.623172554271731,0.03225806451612903,0.047619047619047616,True,True
1.5kW,1.5kW_coil_current_4p79pct,intercoil,4.79,False,14,11.17018375941332,0.03225806451612903,0.047619047619047616,True,True
1.5kW,1.5kW_coil_current_4p79pct,intercoil,4.79,False,15,11.876941855061727,0.03225806451612903,0.047619047619047616,True,True
1.5kW,1.5kW_coil_current_4p79pct,intercoil,4.79,False,16,12.593263772168765,0.03225806451612903,0.047619047619047616,True,True
1.5kW,1.5kW_coil_current_4p79pct,intercoil,4.79,False,17,9.211683241110913,0.03225806451612903,0.14285714285714285,True,False
1.5kW,1.5kW_coil_current_4p79pct,intercoil,4.79,False,18,11.56112133095288,0.03225806451612903,0.047619047619047616,True,True
1.5kW,1.5kW_coil_current_4p79pct,intercoil,4.79,False,19,11.712107248385294,0.03225806451612903,0.047619047619047616,True,True
1.5kW,1.5kW_coil_current_4p79pct,intercoil,4.79,False,20,9.334114828789112,0.03225806451612903,0.14285714285714285,True,False
1.5kW,1.5kW_coil_current_4p79pct,intercoil,4.79,False,21,10.018111039335402,0.03225806451612903,0.09523809523809523,True,False
1.5kW,1.5kW_coil_current_4p79pct,intercoil,4.79,False,22,9.81654679497613,0.03225806451612903,0.09523809523809523,True,False
1.5kW,1.5kW_coil_current_4p79pct,intercoil,4.79,False,23,8.980286261631596,0.03225806451612903,0.14285714285714285,True,False
1.5kW,1.5kW_coil_current_4p79pct,intercoil,4.79,False,24,10.81797668517408,0.03225806451612903,0.09523809523809523,True,False
1.5kW,1.5kW_coil_current_4p79pct,intercoil,4.79,False,25,9.850663985375057,0.03225806451612903,0.09523809523809523,True,False
1.5kW,1.5kW_coil_current_4p79pct,intercoil,4.79,False,26,12.163472705277025,0.03225806451612903,0.047619047619047616,True,True
1.5kW,1.5kW_coil_current_4p79pct,intercoil,4.79,False,27,10.466350044870186,0.03225806451612903,0.09523809523809523,True,False
1.5kW,1.5kW_coil_current_4p79pct,intercoil,4.79,False,28,9.404276858782527,0.03225806451612903,0.09523809523809523,True,False
1.5kW,1.5kW_coil_current_4p79pct,intercoil,4.79,False,29,10.308391883107118,0.03225806451612903,0.09523809523809523,True,False
1.5kW,1.5kW_coil_current_4p79pct,intercoil,4.79,False,30,10.140954982810603,0.03225806451612903,0.09523809523809523,True,False
1.5kW,1.5kW_coil_current_4p79pct,intercoil,4.79,False,31,10.478320062949079,0.03225806451612903,0.09523809523809523,True,False
1.5kW,1.5kW_coil_current_4p79pct,intercoil,4.79,False,32,10.617217100401763,0.03225806451612903,0.09523809523809523,True,False
1.5kW,1.5kW_coil_current_4p79pct,intercoil,4.79,False,33,10.722247326746809,0.03225806451612903,0.09523809523809523,True,False
1.5kW,1.5kW_coil_current_4p79pct,intercoil,4.79,False,34,8.833895811000282,0.03225806451612903,0.14285714285714285,True,False
1.5kW,1.5kW_coil_current_4p79pct,intercoil,4.79,False,35,9.89154281915215,0.03225806451612903,0.09523809523809523,True,False
1.5kW,1.5kW_coil_current_4p79pct,intercoil,4.79,False,36,11.388819586226555,0.03225806451612903,0.047619047619047616,True,True
1.5kW,1.5kW_coil_current_4p79pct,intercoil,4.79,False,37,11.93901557626006,0.03225806451612903,0.047619047619047616,True,True
1.5kW,1.5kW_coil_current_4p79pct,intercoil,4.79,False,38,10.943196135540923,0.03225806451612903,0.047619047619047616,True,True
1.5kW,1.5kW_coil_current_4p79pct,intercoil,4.79,False,39,11.05027045360992,0.03225806451612903,0.047619047619047616,True,True
1.5kW,1.5kW_coil_current_5p7pct,intercoil,5.7,False,0,9.641974730082175,0.03225806451612903,0.09523809523809523,True,False
1.5kW,1.5kW_coil_current_5p7pct,intercoil,5.7,False,1,10.922723853858876,0.03225806451612903,0.047619047619047616,True,True
1.5kW,1.5kW_coil_current_5p7pct,intercoil,5.7,False,2,8.476676722323035,0.03225806451612903,0.23809523809523808,True,False
1.5kW,1.5kW_coil_current_5p7pct,intercoil,5.7,False,3,9.065799844990053,0.03225806451612903,0.14285714285714285,True,False
1.5kW,1.5kW_coil_current_5p7pct,intercoil,5.7,False,4,10.01847789249397,0.03225806451612903,0.09523809523809523,True,False
1.5kW,1.5kW_coil_current_5p7pct,intercoil,5.7,False,5,8.436356120944062,0.03225806451612903,0.2857142857142857,True,False
1.5kW,1.5kW_coil_current_5p7pct,intercoil,5.7,False,6,11.133466682503725,0.03225806451612903,0.047619047619047616,True,True
1.5kW,1.5kW_coil_current_5p7pct,intercoil,5.7,False,7,8.624633812300303,0.03225806451612903,0.23809523809523808,True,False
1.5kW,1.5kW_coil_current_5p7pct,intercoil,5.7,False,8,9.86514345225292,0.03225806451612903,0.09523809523809523,True,False
1.5kW,1.5kW_coil_current_5p7pct,intercoil,5.7,False,9,9.113242313954343,0.03225806451612903,0.14285714285714285,True,False
1.5kW,1.5kW_coil_current_5p7pct,intercoil,5.7,False,10,9.277690073630048,0.03225806451612903,0.14285714285714285,True,False
1.5kW,1.5kW_coil_current_5p7pct,intercoil,5.7,False,11,9.40554788358039,0.03225806451612903,0.09523809523809523,True,False
1.5kW,1.5kW_coil_current_5p7pct,intercoil,5.7,False,12,11.273953172647873,0.03225806451612903,0.047619047619047616,True,True
1.5kW,1.5kW_coil_current_5p7pct,intercoil,5.7,False,13,8.875091420395664,0.03225806451612903,0.14285714285714285,True,False
1.5kW,1.5kW_coil_current_5p7pct,intercoil,5.7,False,14,9.20581398339516,0.03225806451612903,0.14285714285714285,True,False
1.5kW,1.5kW_coil_current_5p7pct,intercoil,5.7,False,15,9.166921512544635,0.03225806451612903,0.14285714285714285,True,False
1.5kW,1.5kW_coil_current_5p7pct,intercoil,5.7,False,16,9.621748780416436,0.03225806451612903,0.09523809523809523,True,False
1.5kW,1.5kW_coil_current_5p7pct,intercoil,5.7,False,17,8.354055336744329,0.03225806451612903,0.2857142857142857,True,False
1.5kW,1.5kW_coil_current_5p7pct,intercoil,5.7,False,18,9.272049275697979,0.03225806451612903,0.14285714285714285,True,False
1.5kW,1.5kW_coil_current_5p7pct,intercoil,5.7,False,19,9.489974677903518,0.03225806451612903,0.09523809523809523,True,False
1.5kW,1.5kW_coil_current_5p7pct,intercoil,5.7,False,20,9.390666317584222,0.03225806451612903,0.09523809523809523,True,False
1.5kW,1.5kW_coil_current_5p7pct,intercoil,5.7,False,21,9.291199603488078,0.03225806451612903,0.14285714285714285,True,False
1.5kW,1.5kW_coil_current_5p7pct,intercoil,5.7,False,22,9.85266784345199,0.03225806451612903,0.09523809523809523,True,False
1.5kW,1.5kW_coil_current_5p7pct,intercoil,5.7,False,23,9.140482166247557,0.03225806451612903,0.14285714285714285,True,False
1.5kW,1.5kW_coil_current_5p7pct,intercoil,5.7,False,24,8.368997283155792,0.03225806451612903,0.2857142857142857,True,False
1.5kW,1.5kW_coil_current_5p7pct,intercoil,5.7,False,25,9.260063121907463,0.03225806451612903,0.14285714285714285,True,False
1.5kW,1.5kW_coil_current_5p7pct,intercoil,5.7,False,26,9.62161219951297,0.03225806451612903,0.09523809523809523,True,False
1.5kW,1.5kW_coil_current_5p7pct,intercoil,5.7,False,27,10.953320860124471,0.03225806451612903,0.047619047619047616,True,True
1.5kW,1.5kW_coil_current_5p7pct,intercoil,5.7,False,28,9.629649204479872,0.03225806451612903,0.09523809523809523,True,False
1.5kW,1.5kW_coil_current_5p7pct,intercoil,5.7,False,29,11.37369428619185,0.03225806451612903,0.047619047619047616,True,True
1.5kW,1.5kW_coil_current_5p7pct,intercoil,5.7,False,30,11.170531160629139,0.03225806451612903,0.047619047619047616,True,True
1.5kW,1.5kW_coil_current_5p7pct,intercoil,5.7,False,31,8.76053507670775,0.03225806451612903,0.14285714285714285,True,False
1.5kW,1.5kW_coil_current_5p7pct,intercoil,5.7,False,32,12.841785093710039,0.03225806451612903,0.047619047619047616,True,True
1.5kW,1.5kW_coil_current_5p7pct,intercoil,5.7,False,33,11.21595624624022,0.03225806451612903,0.047619047619047616,True,True
1.5kW,1.5kW_coil_current_5p7pct,intercoil,5.7,False,34,9.920985348969054,0.03225806451612903,0.09523809523809523,True,False
1.5kW,1.5kW_coil_current_5p7pct,intercoil,5.7,False,35,9.228168480889355,0.03225806451612903,0.14285714285714285,True,False
1.5kW,1.5kW_coil_current_5p7pct,intercoil,5.7,False,36,10.522406148435866,0.03225806451612903,0.09523809523809523,True,False
1.5kW,1.5kW_coil_current_5p7pct,intercoil,5.7,False,37,9.378305636919563,0.03225806451612903,0.09523809523809523,True,False
1.5kW,1.5kW_coil_current_5p7pct,intercoil,5.7,False,38,11.088468738991354,0.03225806451612903,0.047619047619047616,True,True
1.5kW,1.5kW_coil_current_5p7pct,intercoil,5.7,False,39,8.850748941261568,0.03225806451612903,0.14285714285714285,True,False
1.5kW,1.5kW_coil_current_7p02pct,intercoil,7.02,False,0,5.313114384788238,0.03225806451612903,0.9523809523809523,True,False
1.5kW,1.5kW_coil_current_7p02pct,intercoil,7.02,False,1,5.97536402705503,0.03225806451612903,0.9523809523809523,True,False
1.5kW,1.5kW_coil_current_7p02pct,intercoil,7.02,False,2,6.288722694569622,0.03225806451612903,0.9523809523809523,True,False
1.5kW,1.5kW_coil_current_7p02pct,intercoil,7.02,False,3,7.0340259781650145,0.03225806451612903,0.7619047619047619,True,False
1.5kW,1.5kW_coil_current_7p02pct,intercoil,7.02,False,4,5.520300175601831,0.03225806451612903,0.9523809523809523,True,False
1.5kW,1.5kW_coil_current_7p02pct,intercoil,7.02,False,5,6.52665484485516,0.03225806451612903,0.8095238095238095,True,False
1.5kW,1.5kW_coil_current_7p02pct,intercoil,7.02,False,6,6.682782881782731,0.03225806451612903,0.8095238095238095,True,False
1.5kW,1.5kW_coil_current_7p02pct,intercoil,7.02,False,7,5.130636897235122,0.03225806451612903,0.9523809523809523,True,False
1.5kW,1.5kW_coil_current_7p02pct,intercoil,7.02,False,8,6.72447790306245,0.03225806451612903,0.8095238095238095,True,False
1.5kW,1.5kW_coil_current_7p02pct,intercoil,7.02,False,9,8.343880161023574,0.03225806451612903,0.2857142857142857,True,False
1.5kW,1.5kW_coil_current_7p02pct,intercoil,7.02,False,10,6.50273328728375,0.03225806451612903,0.8095238095238095,True,False
1.5kW,1.5kW_coil_current_7p02pct,intercoil,7.02,False,11,5.530230600256431,0.03225806451612903,0.9523809523809523,True,False
1.5kW,1.5kW_coil_current_7p02pct,intercoil,7.02,False,12,4.763427088260394,0.03225806451612903,0.9523809523809523,True,False
1.5kW,1.5kW_coil_current_7p02pct,intercoil,7.02,False,13,5.825922583160092,0.03225806451612903,0.9523809523809523,True,False
1.5kW,1.5kW_coil_current_7p02pct,intercoil,7.02,False,14,6.173356348271093,0.03225806451612903,0.9523809523809523,True,False
1.5kW,1.5kW_coil_current_7p02pct,intercoil,7.02,False,15,5.645120741933903,0.03225806451612903,0.9523809523809523,True,False
1.5kW,1.5kW_coil_current_7p02pct,intercoil,7.02,False,16,7.418651801072979,0.03225806451612903,0.6190476190476191,True,False
1.5kW,1.5kW_coil_current_7p02pct,intercoil,7.02,False,17,6.551201989638143,0.03225806451612903,0.8095238095238095,True,False
1.5kW,1.5kW_coil_current_7p02pct,intercoil,7.02,False,18,5.3806557745305605,0.03225806451612903,0.9523809523809523,True,False
1.5kW,1.5kW_coil_current_7p02pct,intercoil,7.02,False,19,5.914827221088808,0.03225806451612903,0.9523809523809523,True,False
1.5kW,1.5kW_coil_current_7p02pct,intercoil,7.02,False,20,5.235361592485742,0.03225806451612903,0.9523809523809523,True,False
1.5kW,1.5kW_coil_current_7p02pct,intercoil,7.02,False,21,4.287313404074162,0.03225806451612903,1.0,True,False
1.5kW,1.5kW_coil_current_7p02pct,intercoil,7.02,False,22,5.699096593916622,0.03225806451612903,0.9523809523809523,True,False
1.5kW,1.5kW_coil_current_7p02pct,intercoil,7.02,False,23,6.276377324750158,0.03225806451612903,0.9523809523809523,True,False
1.5kW,1.5kW_coil_current_7p02pct,intercoil,7.02,False,24,5.5817666914717,0.03225806451612903,0.9523809523809523,True,False
1.5kW,1.5kW_coil_current_7p02pct,intercoil,7.02,False,25,5.5301483211337645,0.03225806451612903,0.9523809523809523,True,False
1.5kW,1.5kW_coil_current_7p02pct,intercoil,7.02,False,26,5.541103152001538,0.03225806451612903,0.9523809523809523,True,False
1.5kW,1.5kW_coil_current_7p02pct,intercoil,7.02,False,27,5.629981957548317,0.03225806451612903,0.9523809523809523,True,False
1.5kW,1.5kW_coil_current_7p02pct,intercoil,7.02,False,28,6.168450524930316,0.03225806451612903,0.9523809523809523,True,False
1.5kW,1.5kW_coil_current_7p02pct,intercoil,7.02,False,29,6.0801423131132,0.03225806451612903,0.9523809523809523,True,False
1.5kW,1.5kW_coil_current_7p02pct,intercoil,7.02,False,30,6.081962550333731,0.03225806451612903,0.9523809523809523,True,False
1.5kW,1.5kW_coil_current_7p02pct,intercoil,7.02,False,31,6.8164065010690695,0.03225806451612903,0.8095238095238095,True,False
1.5kW,1.5kW_coil_current_7p02pct,intercoil,7.02,False,32,6.298647633120487,0.03225806451612903,0.9523809523809523,True,False
1.5kW,1.5kW_coil_current_7p02pct,intercoil,7.02,False,33,6.085603904938473,0.03225806451612903,0.9523809523809523,True,False
1.5kW,1.5kW_coil_current_7p02pct,intercoil,7.02,False,34,5.8576149584540405,0.03225806451612903,0.9523809523809523,True,False
1.5kW,1.5kW_coil_current_7p02pct,intercoil,7.02,False,35,5.377575801222241,0.03225806451612903,0.9523809523809523,True,False
1.5kW,1.5kW_coil_current_7p02pct,intercoil,7.02,False,36,5.082433596356211,0.03225806451612903,0.9523809523809523,True,False
1.5kW,1.5kW_coil_current_7p02pct,intercoil,7.02,False,37,9.000851555153606,0.03225806451612903,0.14285714285714285,True,False
1.5kW,1.5kW_coil_current_7p02pct,intercoil,7.02,False,38,5.457680272210888,0.03225806451612903,0.9523809523809523,True,False
1.5kW,1.5kW_coil_current_7p02pct,intercoil,7.02,False,39,6.465477861234445,0.03225806451612903,0.8571428571428571,True,False
1.5kW,1.5kW_coil_current_9p15pct,intercoil,9.15,False,0,13.26702769233321,0.03225806451612903,0.047619047619047616,True,True
1.5kW,1.5kW_coil_current_9p15pct,intercoil,9.15,False,1,12.632286103734529,0.03225806451612903,0.047619047619047616,True,True
1.5kW,1.5kW_coil_current_9p15pct,intercoil,9.15,False,2,10.579606561314192,0.03225806451612903,0.09523809523809523,True,False
1.5kW,1.5kW_coil_current_9p15pct,intercoil,9.15,False,3,11.605080347020063,0.03225806451612903,0.047619047619047616,True,True
1.5kW,1.5kW_coil_current_9p15pct,intercoil,9.15,False,4,12.836358511420315,0.03225806451612903,0.047619047619047616,True,True
1.5kW,1.5kW_coil_current_9p15pct,intercoil,9.15,False,5,12.407974066371416,0.03225806451612903,0.047619047619047616,True,True
1.5kW,1.5kW_coil_current_9p15pct,intercoil,9.15,False,6,11.360744864756866,0.03225806451612903,0.047619047619047616,True,True
1.5kW,1.5kW_coil_current_9p15pct,intercoil,9.15,False,7,12.447899333750847,0.03225806451612903,0.047619047619047616,True,True
1.5kW,1.5kW_coil_current_9p15pct,intercoil,9.15,False,8,10.79812098027108,0.03225806451612903,0.09523809523809523,True,False
1.5kW,1.5kW_coil_current_9p15pct,intercoil,9.15,False,9,10.756584043139418,0.03225806451612903,0.09523809523809523,True,False
1.5kW,1.5kW_coil_current_9p15pct,intercoil,9.15,False,10,11.277605762488589,0.03225806451612903,0.047619047619047616,True,True
1.5kW,1.5kW_coil_current_9p15pct,intercoil,9.15,False,11,12.403379447014181,0.03225806451612903,0.047619047619047616,True,True
1.5kW,1.5kW_coil_current_9p15pct,intercoil,9.15,False,12,12.283109607444148,0.03225806451612903,0.047619047619047616,True,True
1.5kW,1.5kW_coil_current_9p15pct,intercoil,9.15,False,13,11.924649279167276,0.03225806451612903,0.047619047619047616,True,True
1.5kW,1.5kW_coil_current_9p15pct,intercoil,9.15,False,14,10.811179586097209,0.03225806451612903,0.09523809523809523,True,False
1.5kW,1.5kW_coil_current_9p15pct,intercoil,9.15,False,15,12.541888022711433,0.03225806451612903,0.047619047619047616,True,True
1.5kW,1.5kW_coil_current_9p15pct,intercoil,9.15,False,16,11.375023994645916,0.03225806451612903,0.047619047619047616,True,True
1.5kW,1.5kW_coil_current_9p15pct,intercoil,9.15,False,17,11.700839292946236,0.03225806451612903,0.047619047619047616,True,True
1.5kW,1.5kW_coil_current_9p15pct,intercoil,9.15,False,18,10.349281615360866,0.03225806451612903,0.09523809523809523,True,False
1.5kW,1.5kW_coil_current_9p15pct,intercoil,9.15,False,19,10.065306913268833,0.03225806451612903,0.09523809523809523,True,False
1.5kW,1.5kW_coil_current_9p15pct,intercoil,9.15,False,20,11.717941782590705,0.03225806451612903,0.047619047619047616,True,True
1.5kW,1.5kW_coil_current_9p15pct,intercoil,9.15,False,21,13.053360314243786,0.03225806451612903,0.047619047619047616,True,True
1.5kW,1.5kW_coil_current_9p15pct,intercoil,9.15,False,22,10.988144655831272,0.03225806451612903,0.047619047619047616,True,True
1.5kW,1.5kW_coil_current_9p15pct,intercoil,9.15,False,23,10.608760805610618,0.03225806451612903,0.09523809523809523,True,False
1.5kW,1.5kW_coil_current_9p15pct,intercoil,9.15,False,24,9.910106975364245,0.03225806451612903,0.09523809523809523,True,False
1.5kW,1.5kW_coil_current_9p15pct,intercoil,9.15,False,25,12.684677753253842,0.03225806451612903,0.047619047619047616,True,True
1.5kW,1.5kW_coil_current_9p15pct,intercoil,9.15,False,26,10.970794511860072,0.03225806451612903,0.047619047619047616,True,True
1.5kW,1.5kW_coil_current_9p15pct,intercoil,9.15,False,27,10.957391744328948,0.03225806451612903,0.047619047619047616,True,True
1.5kW,1.5kW_coil_current_9p15pct,intercoil,9.15,False,28,11.078776757520263,0.03225806451612903,0.047619047619047616,True,True
1.5kW,1.5kW_coil_current_9p15pct,intercoil,9.15,False,29,12.104685303554632,0.03225806451612903,0.047619047619047616,True,True
1.5kW,1.5kW_coil_current_9p15pct,intercoil,9.15,False,30,11.198560316359485,0.03225806451612903,0.047619047619047616,True,True
1.5kW,1.5kW_coil_current_9p15pct,intercoil,9.15,False,31,11.083495918997096,0.03225806451612903,0.047619047619047616,True,True
1.5kW,1.5kW_coil_current_9p15pct,intercoil,9.15,False,32,12.675949430119385,0.03225806451612903,0.047619047619047616,True,True
1.5kW,1.5kW_coil_current_9p15pct,intercoil,9.15,False,33,9.658370946779838,0.03225806451612903,0.09523809523809523,True,False
1.5kW,1.5kW_coil_current_9p15pct,intercoil,9.15,False,34,11.351367385873495,0.03225806451612903,0.047619047619047616,True,True
1.5kW,1.5kW_coil_current_9p15pct,intercoil,9.15,False,35,10.893995081347617,0.03225806451612903,0.047619047619047616,True,True
1.5kW,1.5kW_coil_current_9p15pct,intercoil,9.15,False,36,10.540413739263212,0.03225806451612903,0.09523809523809523,True,False
1.5kW,1.5kW_coil_current_9p15pct,intercoil,9.15,False,37,11.669481193575248,0.03225806451612903,0.047619047619047616,True,True
1.5kW,1.5kW_coil_current_9p15pct,intercoil,9.15,False,38,11.772876972329666,0.03225806451612903,0.047619047619047616,True,True
1.5kW,1.5kW_coil_current_9p15pct,intercoil,9.15,False,39,10.766896866031532,0.03225806451612903,0.09523809523809523,True,False
1.5kW,1.5kW_turn_current_16p08pct,interturn,16.08,False,0,8.137368076604881,0.03225806451612903,0.38095238095238093,True,False
1.5kW,1.5kW_turn_current_16p08pct,interturn,16.08,False,1,7.195432767320284,0.03225806451612903,0.7142857142857143,True,False
1.5kW,1.5kW_turn_current_16p08pct,interturn,16.08,False,2,7.203761665348646,0.03225806451612903,0.7142857142857143,True,False
1.5kW,1.5kW_turn_current_16p08pct,interturn,16.08,False,3,7.1079957352337235,0.03225806451612903,0.7619047619047619,True,False
1.5kW,1.5kW_turn_current_16p08pct,interturn,16.08,False,4,8.555081123274585,0.03225806451612903,0.23809523809523808,True,False
1.5kW,1.5kW_turn_current_16p08pct,interturn,16.08,False,5,6.808219350790472,0.03225806451612903,0.8095238095238095,True,False
1.5kW,1.5kW_turn_current_16p08pct,interturn,16.08,False,6,7.533350003678283,0.03225806451612903,0.47619047619047616,True,False
1.5kW,1.5kW_turn_current_16p08pct,interturn,16.08,False,7,6.452887966936206,0.03225806451612903,0.8571428571428571,True,False
1.5kW,1.5kW_turn_current_16p08pct,interturn,16.08,False,8,5.5865751883320485,0.03225806451612903,0.9523809523809523,True,False
1.5kW,1.5kW_turn_current_16p08pct,interturn,16.08,False,9,6.894625203307152,0.03225806451612903,0.7619047619047619,True,False
1.5kW,1.5kW_turn_current_16p08pct,interturn,16.08,False,10,6.9066979086636096,0.03225806451612903,0.7619047619047619,True,False
1.5kW,1.5kW_turn_current_16p08pct,interturn,16.08,False,11,6.850021176382315,0.03225806451612903,0.8095238095238095,True,False
1.5kW,1.5kW_turn_current_16p08pct,interturn,16.08,False,12,6.945201921529813,0.03225806451612903,0.7619047619047619,True,False
1.5kW,1.5kW_turn_current_16p08pct,interturn,16.08,False,13,7.400376805903708,0.03225806451612903,0.6190476190476191,True,False
1.5kW,1.5kW_turn_current_16p08pct,interturn,16.08,False,14,7.236619214105525,0.03225806451612903,0.7142857142857143,True,False
1.5kW,1.5kW_turn_current_16p08pct,interturn,16.08,False,15,6.4946235921650715,0.03225806451612903,0.8095238095238095,True,False
1.5kW,1.5kW_turn_current_16p08pct,interturn,16.08,False,16,8.002939272594926,0.03225806451612903,0.38095238095238093,True,False
1.5kW,1.5kW_turn_current_16p08pct,interturn,16.08,False,17,6.873256200200316,0.03225806451612903,0.8095238095238095,True,False
1.5kW,1.5kW_turn_current_16p08pct,interturn,16.08,False,18,7.559360917631848,0.03225806451612903,0.47619047619047616,True,False
1.5kW,1.5kW_turn_current_16p08pct,interturn,16.08,False,19,8.519688762873196,0.03225806451612903,0.23809523809523808,True,False
1.5kW,1.5kW_turn_current_16p08pct,interturn,16.08,False,20,6.3556717503427365,0.03225806451612903,0.9523809523809523,True,False
1.5kW,1.5kW_turn_current_16p08pct,interturn,16.08,False,21,7.376891848603538,0.03225806451612903,0.6190476190476191,True,False
1.5kW,1.5kW_turn_current_16p08pct,interturn,16.08,False,22,7.411190233158534,0.03225806451612903,0.6190476190476191,True,False
1.5kW,1.5kW_turn_current_16p08pct,interturn,16.08,False,23,6.194057109019244,0.03225806451612903,0.9523809523809523,True,False
1.5kW,1.5kW_turn_current_16p08pct,interturn,16.08,False,24,6.37968605359781,0.03225806451612903,0.8571428571428571,True,False
1.5kW,1.5kW_turn_current_16p08pct,interturn,16.08,False,25,6.266933026138533,0.03225806451612903,0.9523809523809523,True,False
1.5kW,1.5kW_turn_current_16p08pct,interturn,16.08,False,26,6.378828682590791,0.03225806451612903,0.8571428571428571,True,False
1.5kW,1.5kW_turn_current_16p08pct,interturn,16.08,False,27,6.416467797956189,0.03225806451612903,0.8571428571428571,True,False
1.5kW,1.5kW_turn_current_16p08pct,interturn,16.08,False,28,7.082525316044139,0.03225806451612903,0.7619047619047619,True,False
1.5kW,1.5kW_turn_current_16p08pct,interturn,16.08,False,29,7.0940020434474516,0.03225806451612903,0.7619047619047619,True,False
1.5kW,1.5kW_turn_current_16p08pct,interturn,16.08,False,30,6.00676679395289,0.03225806451612903,0.9523809523809523,True,False
1.5kW,1.5kW_turn_current_16p08pct,interturn,16.08,False,31,6.60745670320515,0.03225806451612903,0.8095238095238095,True,False
1.5kW,1.5kW_turn_current_16p08pct,interturn,16.08,False,32,6.271858679222042,0.03225806451612903,0.9523809523809523,True,False
1.5kW,1.5kW_turn_current_16p08pct,interturn,16.08,False,33,5.995068783227774,0.03225806451612903,0.9523809523809523,True,False
1.5kW,1.5kW_turn_current_16p08pct,interturn,16.08,False,34,6.913723708578106,0.03225806451612903,0.7619047619047619,True,False
1.5kW,1.5kW_turn_current_16p08pct,interturn,16.08,False,35,6.5717776761474,0.03225806451612903,0.8095238095238095,True,False
1.5kW,1.5kW_turn_current_16p08pct,interturn,16.08,False,36,6.892469761080433,0.03225806451612903,0.7619047619047619,True,False
1.5kW,1.5kW_turn_current_16p08pct,interturn,16.08,False,37,6.887699725136352,0.03225806451612903,0.8095238095238095,True,False
1.5kW,1.5kW_turn_current_16p08pct,interturn,16.08,False,38,6.065872458009393,0.03225806451612903,0.9523809523809523,True,False
1.5kW,1.5kW_turn_current_16p08pct,interturn,16.08,False,39,6.661635478399804,0.03225806451612903,0.8095238095238095,True,False
1.5kW,1.5kW_turn_current_1p57pct,interturn,1.57,False,0,11.188383198350873,0.03225806451612903,0.047619047619047616,True,True
1.5kW,1.5kW_turn_current_1p57pct,interturn,1.57,False,1,10.915303586308362,0.03225806451612903,0.047619047619047616,True,True
1.5kW,1.5kW_turn_current_1p57pct,interturn,1.57,False,2,11.539134311622703,0.03225806451612903,0.047619047619047616,True,True
1.5kW,1.5kW_turn_current_1p57pct,interturn,1.57,False,3,10.85536259241267,0.03225806451612903,0.09523809523809523,True,False
1.5kW,1.5kW_turn_current_1p57pct,interturn,1.57,False,4,9.496859785424267,0.03225806451612903,0.09523809523809523,True,False
1.5kW,1.5kW_turn_current_1p57pct,interturn,1.57,False,5,10.0331472527203,0.03225806451612903,0.09523809523809523,True,False
1.5kW,1.5kW_turn_current_1p57pct,interturn,1.57,False,6,9.954264836780437,0.03225806451612903,0.09523809523809523,True,False
1.5kW,1.5kW_turn_current_1p57pct,interturn,1.57,False,7,10.010527432207649,0.03225806451612903,0.09523809523809523,True,False
1.5kW,1.5kW_turn_current_1p57pct,interturn,1.57,False,8,9.636853095713523,0.03225806451612903,0.09523809523809523,True,False
1.5kW,1.5kW_turn_current_1p57pct,interturn,1.57,False,9,10.130276904761597,0.03225806451612903,0.09523809523809523,True,False
1.5kW,1.5kW_turn_current_1p57pct,interturn,1.57,False,10,10.591885006544896,0.03225806451612903,0.09523809523809523,True,False
1.5kW,1.5kW_turn_current_1p57pct,interturn,1.57,False,11,10.306148551750212,0.03225806451612903,0.09523809523809523,True,False
1.5kW,1.5kW_turn_current_1p57pct,interturn,1.57,False,12,9.382279879954233,0.03225806451612903,0.09523809523809523,True,False
1.5kW,1.5kW_turn_current_1p57pct,interturn,1.57,False,13,10.685387246355125,0.03225806451612903,0.09523809523809523,True,False
1.5kW,1.5kW_turn_current_1p57pct,interturn,1.57,False,14,11.07202475636258,0.03225806451612903,0.047619047619047616,True,True
1.5kW,1.5kW_turn_current_1p57pct,interturn,1.57,False,15,10.474217384332983,0.03225806451612903,0.09523809523809523,True,False
1.5kW,1.5kW_turn_current_1p57pct,interturn,1.57,False,16,9.670334614271606,0.03225806451612903,0.09523809523809523,True,False
1.5kW,1.5kW_turn_current_1p57pct,interturn,1.57,False,17,11.193153480051016,0.03225806451612903,0.047619047619047616,True,True
1.5kW,1.5kW_turn_current_1p57pct,interturn,1.57,False,18,9.816115109918744,0.03225806451612903,0.09523809523809523,True,False
1.5kW,1.5kW_turn_current_1p57pct,interturn,1.57,False,19,9.779860653370973,0.03225806451612903,0.09523809523809523,True,False
1.5kW,1.5kW_turn_current_1p57pct,interturn,1.57,False,20,10.567949111456528,0.03225806451612903,0.09523809523809523,True,False
1.5kW,1.5kW_turn_current_1p57pct,interturn,1.57,False,21,9.947054476420252,0.03225806451612903,0.09523809523809523,True,False
1.5kW,1.5kW_turn_current_1p57pct,interturn,1.57,False,22,10.265298495203586,0.03225806451612903,0.09523809523809523,True,False
1.5kW,1.5kW_turn_current_1p57pct,interturn,1.57,False,23,10.16727457692524,0.03225806451612903,0.09523809523809523,True,False
1.5kW,1.5kW_turn_current_1p57pct,interturn,1.57,False,24,10.697161519402743,0.03225806451612903,0.09523809523809523,True,False
1.5kW,1.5kW_turn_current_1p57pct,interturn,1.57,False,25,10.13428019454471,0.03225806451612903,0.09523809523809523,True,False
1.5kW,1.5kW_turn_current_1p57pct,interturn,1.57,False,26,10.963582515825452,0.03225806451612903,0.047619047619047616,True,True
1.5kW,1.5kW_turn_current_1p57pct,interturn,1.57,False,27,9.914348858139213,0.03225806451612903,0.09523809523809523,True,False
1.5kW,1.5kW_turn_current_1p57pct,interturn,1.57,False,28,9.747360182496072,0.03225806451612903,0.09523809523809523,True,False
1.5kW,1.5kW_turn_current_1p57pct,interturn,1.57,False,29,11.169709930763997,0.03225806451612903,0.047619047619047616,True,True
1.5kW,1.5kW_turn_current_1p57pct,interturn,1.57,False,30,10.765513344393817,0.03225806451612903,0.09523809523809523,True,False
1.5kW,1.5kW_turn_current_1p57pct,interturn,1.57,False,31,10.435670388066693,0.03225806451612903,0.09523809523809523,True,False
1.5kW,1.5kW_turn_current_1p57pct,interturn,1.57,False,32,12.984288922464795,0.03225806451612903,0.047619047619047616,True,True
1.5kW,1.5kW_turn_current_1p57pct,interturn,1.57,False,33,11.741006280716592,0.03225806451612903,0.047619047619047616,True,True
1.5kW,1.5kW_turn_current_1p57pct,interturn,1.57,False,34,10.843935629359432,0.03225806451612903,0.09523809523809523,True,False
1.5kW,1.5kW_turn_current_1p57pct,interturn,1.57,False,35,9.92679166533576,0.03225806451612903,0.09523809523809523,True,False
1.5kW,1.5kW_turn_current_1p57pct,interturn,1.57,False,36,11.311350315764583,0.03225806451612903,0.047619047619047616,True,True
1.5kW,1.5kW_turn_current_1p57pct,interturn,1.57,False,37,10.833951508843978,0.03225806451612903,0.09523809523809523,True,False
1.5kW,1.5kW_turn_current_1p57pct,interturn,1.57,False,38,10.63076133003739,0.03225806451612903,0.09523809523809523,True,False
1.5kW,1.5kW_turn_current_1p57pct,interturn,1.57,False,39,10.27791261750009,0.03225806451612903,0.09523809523809523,True,False
1.5kW,1.5kW_turn_current_1p88pct,interturn,1.88,False,0,13.798515784253308,0.03225806451612903,0.047619047619047616,True,True
1.5kW,1.5kW_turn_current_1p88pct,interturn,1.88,False,1,13.76275615977702,0.03225806451612903,0.047619047619047616,True,True
1.5kW,1.5kW_turn_current_1p88pct,interturn,1.88,False,2,14.300839599071098,0.03225806451612903,0.047619047619047616,True,True
1.5kW,1.5kW_turn_current_1p88pct,interturn,1.88,False,3,12.602225797406533,0.03225806451612903,0.047619047619047616,True,True
1.5kW,1.5kW_turn_current_1p88pct,interturn,1.88,False,4,12.633160489758708,0.03225806451612903,0.047619047619047616,True,True
1.5kW,1.5kW_turn_current_1p88pct,interturn,1.88,False,5,13.099067297809109,0.03225806451612903,0.047619047619047616,True,True
1.5kW,1.5kW_turn_current_1p88pct,interturn,1.88,False,6,12.383638542399211,0.03225806451612903,0.047619047619047616,True,True
1.5kW,1.5kW_turn_current_1p88pct,interturn,1.88,False,7,12.396508604483232,0.03225806451612903,0.047619047619047616,True,True
1.5kW,1.5kW_turn_current_1p88pct,interturn,1.88,False,8,12.360163669320613,0.03225806451612903,0.047619047619047616,True,True
1.5kW,1.5kW_turn_current_1p88pct,interturn,1.88,False,9,11.798880252840256,0.03225806451612903,0.047619047619047616,True,True
1.5kW,1.5kW_turn_current_1p88pct,interturn,1.88,False,10,12.30544204238551,0.03225806451612903,0.047619047619047616,True,True
1.5kW,1.5kW_turn_current_1p88pct,interturn,1.88,False,11,12.694608468166326,0.03225806451612903,0.047619047619047616,True,True
1.5kW,1.5kW_turn_current_1p88pct,interturn,1.88,False,12,12.725465777703006,0.03225806451612903,0.047619047619047616,True,True
1.5kW,1.5kW_turn_current_1p88pct,interturn,1.88,False,13,11.80842877748404,0.03225806451612903,0.047619047619047616,True,True
1.5kW,1.5kW_turn_current_1p88pct,interturn,1.88,False,14,15.279604707354617,0.03225806451612903,0.047619047619047616,True,True
1.5kW,1.5kW_turn_current_1p88pct,interturn,1.88,False,15,12.324032239805344,0.03225806451612903,0.047619047619047616,True,True
1.5kW,1.5kW_turn_current_1p88pct,interturn,1.88,False,16,12.768082829502326,0.03225806451612903,0.047619047619047616,True,True
1.5kW,1.5kW_turn_current_1p88pct,interturn,1.88,False,17,13.76010951597442,0.03225806451612903,0.047619047619047616,True,True
1.5kW,1.5kW_turn_current_1p88pct,interturn,1.88,False,18,11.869834571023135,0.03225806451612903,0.047619047619047616,True,True
1.5kW,1.5kW_turn_current_1p88pct,interturn,1.88,False,19,13.255380298433439,0.03225806451612903,0.047619047619047616,True,True
1.5kW,1.5kW_turn_current_1p88pct,interturn,1.88,False,20,11.842184596564314,0.03225806451612903,0.047619047619047616,True,True
1.5kW,1.5kW_turn_current_1p88pct,interturn,1.88,False,21,12.68710665226016,0.03225806451612903,0.047619047619047616,True,True
1.5kW,1.5kW_turn_current_1p88pct,interturn,1.88,False,22,11.482955340387074,0.03225806451612903,0.047619047619047616,True,True
1.5kW,1.5kW_turn_current_1p88pct,interturn,1.88,False,23,12.563003666264354,0.03225806451612903,0.047619047619047616,True,True
1.5kW,1.5kW_turn_current_1p88pct,interturn,1.88,False,24,13.098187392165613,0.03225806451612903,0.047619047619047616,True,True
1.5kW,1.5kW_turn_current_1p88pct,interturn,1.88,False,25,12.926731248141506,0.03225806451612903,0.047619047619047616,True,True
1.5kW,1.5kW_turn_current_1p88pct,interturn,1.88,False,26,12.829017804534688,0.03225806451612903,0.047619047619047616,True,True
1.5kW,1.5kW_turn_current_1p88pct,interturn,1.88,False,27,13.252126378452164,0.03225806451612903,0.047619047619047616,True,True
1.5kW,1.5kW_turn_current_1p88pct,interturn,1.88,False,28,13.388974065875747,0.03225806451612903,0.047619047619047616,True,True
1.5kW,1.5kW_turn_current_1p88pct,interturn,1.88,False,29,13.050645660939459,0.03225806451612903,0.047619047619047616,True,True
1.5kW,1.5kW_turn_current_1p88pct,interturn,1.88,False,30,13.936365131335203,0.03225806451612903,0.047619047619047616,True,True
1.5kW,1.5kW_turn_current_1p88pct,interturn,1.88,False,31,14.234256869623199,0.03225806451612903,0.047619047619047616,True,True
1.5kW,1.5kW_turn_current_1p88pct,interturn,1.88,False,32,13.002957011915779,0.03225806451612903,0.047619047619047616,True,True
1.5kW,1.5kW_turn_current_1p88pct,interturn,1.88,False,33,13.12329108084037,0.03225806451612903,0.047619047619047616,True,True
1.5kW,1.5kW_turn_current_1p88pct,interturn,1.88,False,34,13.061056623528073,0.03225806451612903,0.047619047619047616,True,True
1.5kW,1.5kW_turn_current_1p88pct,interturn,1.88,False,35,13.630649532391896,0.03225806451612903,0.047619047619047616,True,True
1.5kW,1.5kW_turn_current_1p88pct,interturn,1.88,False,36,11.631933614161436,0.03225806451612903,0.047619047619047616,True,True
1.5kW,1.5kW_turn_current_1p88pct,interturn,1.88,False,37,12.677341592353333,0.03225806451612903,0.047619047619047616,True,True
1.5kW,1.5kW_turn_current_1p88pct,interturn,1.88,False,38,12.248949089690143,0.03225806451612903,0.047619047619047616,True,True
1.5kW,1.5kW_turn_current_1p88pct,interturn,1.88,False,39,13.262446467915334,0.03225806451612903,0.047619047619047616,True,True
1.5kW,1.5kW_turn_current_2p34pct,interturn,2.34,False,0,10.162500560183537,0.03225806451612903,0.09523809523809523,True,False
1.5kW,1.5kW_turn_current_2p34pct,interturn,2.34,False,1,11.867074042313366,0.03225806451612903,0.047619047619047616,True,True
1.5kW,1.5kW_turn_current_2p34pct,interturn,2.34,False,2,9.374188319976668,0.03225806451612903,0.09523809523809523,True,False
1.5kW,1.5kW_turn_current_2p34pct,interturn,2.34,False,3,12.273120930963945,0.03225806451612903,0.047619047619047616,True,True
1.5kW,1.5kW_turn_current_2p34pct,interturn,2.34,False,4,13.093669490837613,0.03225806451612903,0.047619047619047616,True,True
1.5kW,1.5kW_turn_current_2p34pct,interturn,2.34,False,5,9.172440039795825,0.03225806451612903,0.14285714285714285,True,False
1.5kW,1.5kW_turn_current_2p34pct,interturn,2.34,False,6,9.410014335078333,0.03225806451612903,0.09523809523809523,True,False
1.5kW,1.5kW_turn_current_2p34pct,interturn,2.34,False,7,12.108100916327263,0.03225806451612903,0.047619047619047616,True,True
1.5kW,1.5kW_turn_current_2p34pct,interturn,2.34,False,8,9.907983304793255,0.03225806451612903,0.09523809523809523,True,False
1.5kW,1.5kW_turn_current_2p34pct,interturn,2.34,False,9,9.419640370652036,0.03225806451612903,0.09523809523809523,True,False
1.5kW,1.5kW_turn_current_2p34pct,interturn,2.34,False,10,9.977718202532962,0.03225806451612903,0.09523809523809523,True,False
1.5kW,1.5kW_turn_current_2p34pct,interturn,2.34,False,11,10.212186212880152,0.03225806451612903,0.09523809523809523,True,False
1.5kW,1.5kW_turn_current_2p34pct,interturn,2.34,False,12,9.709681443096656,0.03225806451612903,0.09523809523809523,True,False
1.5kW,1.5kW_turn_current_2p34pct,interturn,2.34,False,13,10.382586995198313,0.03225806451612903,0.09523809523809523,True,False
1.5kW,1.5kW_turn_current_2p34pct,interturn,2.34,False,14,10.379331650900188,0.03225806451612903,0.09523809523809523,True,False
1.5kW,1.5kW_turn_current_2p34pct,interturn,2.34,False,15,10.6954971252352,0.03225806451612903,0.09523809523809523,True,False
1.5kW,1.5kW_turn_current_2p34pct,interturn,2.34,False,16,8.867815572125053,0.03225806451612903,0.14285714285714285,True,False
1.5kW,1.5kW_turn_current_2p34pct,interturn,2.34,False,17,11.300302332433468,0.03225806451612903,0.047619047619047616,True,True
1.5kW,1.5kW_turn_current_2p34pct,interturn,2.34,False,18,10.66392810906527,0.03225806451612903,0.09523809523809523,True,False
1.5kW,1.5kW_turn_current_2p34pct,interturn,2.34,False,19,8.869960917797252,0.03225806451612903,0.14285714285714285,True,False
1.5kW,1.5kW_turn_current_2p34pct,interturn,2.34,False,20,8.912333951473311,0.03225806451612903,0.14285714285714285,True,False
1.5kW,1.5kW_turn_current_2p34pct,interturn,2.34,False,21,10.757741497522689,0.03225806451612903,0.09523809523809523,True,False
1.5kW,1.5kW_turn_current_2p34pct,interturn,2.34,False,22,8.975810191154517,0.03225806451612903,0.14285714285714285,True,False
1.5kW,1.5kW_turn_current_2p34pct,interturn,2.34,False,23,10.344555722089204,0.03225806451612903,0.09523809523809523,True,False
1.5kW,1.5kW_turn_current_2p34pct,interturn,2.34,False,24,10.654522306860663,0.03225806451612903,0.09523809523809523,True,False
1.5kW,1.5kW_turn_current_2p34pct,interturn,2.34,False,25,9.470787379162363,0.03225806451612903,0.09523809523809523,True,False
1.5kW,1.5kW_turn_current_2p34pct,interturn,2.34,False,26,11.079996468053352,0.03225806451612903,0.047619047619047616,True,True
1.5kW,1.5kW_turn_current_2p34pct,interturn,2.34,False,27,9.192618454193898,0.03225806451612903,0.14285714285714285,True,False
1.5kW,1.5kW_turn_current_2p34pct,interturn,2.34,False,28,9.506987588935203,0.03225806451612903,0.09523809523809523,True,False
1.5kW,1.5kW_turn_current_2p34pct,interturn,2.34,False,29,10.611877543045384,0.03225806451612903,0.09523809523809523,True,False
1.5kW,1.5kW_turn_current_2p34pct,interturn,2.34,False,30,10.570747841034692,0.03225806451612903,0.09523809523809523,True,False
1.5kW,1.5kW_turn_current_2p34pct,interturn,2.34,False,31,9.30446688037938,0.03225806451612903,0.14285714285714285,True,False
1.5kW,1.5kW_turn_current_2p34pct,interturn,2.34,False,32,10.870895391668688,0.03225806451612903,0.09523809523809523,True,False
1.5kW,1.5kW_turn_current_2p34pct,interturn,2.34,False,33,9.621104634929893,0.03225806451612903,0.09523809523809523,True,False
1.5kW,1.5kW_turn_current_2p34pct,interturn,2.34,False,34,10.241628453013455,0.03225806451612903,0.09523809523809523,True,False
1.5kW,1.5kW_turn_current_2p34pct,interturn,2.34,False,35,10.749160662481877,0.03225806451612903,0.09523809523809523,True,False
1.5kW,1.5kW_turn_current_2p34pct,interturn,2.34,False,36,9.60524095879304,0.03225806451612903,0.09523809523809523,True,False
1.5kW,1.5kW_turn_current_2p34pct,interturn,2.34,False,37,10.489134099467313,0.03225806451612903,0.09523809523809523,True,False
1.5kW,1.5kW_turn_current_2p34pct,interturn,2.34,False,38,9.657228333468414,0.03225806451612903,0.09523809523809523,True,False
1.5kW,1.5kW_turn_current_2p34pct,interturn,2.34,False,39,8.569870701559061,0.03225806451612903,0.23809523809523808,True,False
1.5kW,1.5kW_turn_current_3p1pct,interturn,3.1,False,0,12.921124467750472,0.03225806451612903,0.047619047619047616,True,True
1.5kW,1.5kW_turn_current_3p1pct,interturn,3.1,False,1,13.979920236737954,0.03225806451612903,0.047619047619047616,True,True
1.5kW,1.5kW_turn_current_3p1pct,interturn,3.1,False,2,13.55962435141381,0.03225806451612903,0.047619047619047616,True,True
1.5kW,1.5kW_turn_current_3p1pct,interturn,3.1,False,3,13.969637716374303,0.03225806451612903,0.047619047619047616,True,True
1.5kW,1.5kW_turn_current_3p1pct,interturn,3.1,False,4,14.835912480141964,0.03225806451612903,0.047619047619047616,True,True
1.5kW,1.5kW_turn_current_3p1pct,interturn,3.1,False,5,14.353996531798021,0.03225806451612903,0.047619047619047616,True,True
1.5kW,1.5kW_turn_current_3p1pct,interturn,3.1,False,6,13.27808535609377,0.03225806451612903,0.047619047619047616,True,True
1.5kW,1.5kW_turn_current_3p1pct,interturn,3.1,False,7,14.4440553000675,0.03225806451612903,0.047619047619047616,True,True
1.5kW,1.5kW_turn_current_3p1pct,interturn,3.1,False,8,13.728104966682523,0.03225806451612903,0.047619047619047616,True,True
1.5kW,1.5kW_turn_current_3p1pct,interturn,3.1,False,9,13.87783941230866,0.03225806451612903,0.047619047619047616,True,True
1.5kW,1.5kW_turn_current_3p1pct,interturn,3.1,False,10,13.777548829294755,0.03225806451612903,0.047619047619047616,True,True
1.5kW,1.5kW_turn_current_3p1pct,interturn,3.1,False,11,13.599726593824464,0.03225806451612903,0.047619047619047616,True,True
1.5kW,1.5kW_turn_current_3p1pct,interturn,3.1,False,12,13.543637525718642,0.03225806451612903,0.047619047619047616,True,True
1.5kW,1.5kW_turn_current_3p1pct,interturn,3.1,False,13,13.578913839597522,0.03225806451612903,0.047619047619047616,True,True
1.5kW,1.5kW_turn_current_3p1pct,interturn,3.1,False,14,13.19698305349754,0.03225806451612903,0.047619047619047616,True,True
1.5kW,1.5kW_turn_current_3p1pct,interturn,3.1,False,15,13.613757150540675,0.03225806451612903,0.047619047619047616,True,True
1.5kW,1.5kW_turn_current_3p1pct,interturn,3.1,False,16,12.8095959305918,0.03225806451612903,0.047619047619047616,True,True
1.5kW,1.5kW_turn_current_3p1pct,interturn,3.1,False,17,13.671088762517162,0.03225806451612903,0.047619047619047616,True,True
1.5kW,1.5kW_turn_current_3p1pct,interturn,3.1,False,18,13.115730549527632,0.03225806451612903,0.047619047619047616,True,True
1.5kW,1.5kW_turn_current_3p1pct,interturn,3.1,False,19,13.001239239987209,0.03225806451612903,0.047619047619047616,True,True
1.5kW,1.5kW_turn_current_3p1pct,interturn,3.1,False,20,13.42472105309908,0.03225806451612903,0.047619047619047616,True,True
1.5kW,1.5kW_turn_current_3p1pct,interturn,3.1,False,21,14.546270015354054,0.03225806451612903,0.047619047619047616,True,True
1.5kW,1.5kW_turn_current_3p1pct,interturn,3.1,False,22,12.852183449239167,0.03225806451612903,0.047619047619047616,True,True
1.5kW,1.5kW_turn_current_3p1pct,interturn,3.1,False,23,13.326056317420345,0.03225806451612903,0.047619047619047616,True,True
1.5kW,1.5kW_turn_current_3p1pct,interturn,3.1,False,24,14.10234960510751,0.03225806451612903,0.047619047619047616,True,True
1.5kW,1.5kW_turn_current_3p1pct,interturn,3.1,False,25,17.846209813783,0.03225806451612903,0.047619047619047616,True,True
1.5kW,1.5kW_turn_current_3p1pct,interturn,3.1,False,26,13.678782597450121,0.03225806451612903,0.047619047619047616,True,True
1.5kW,1.5kW_turn_current_3p1pct,interturn,3.1,False,27,15.01271692414354,0.03225806451612903,0.047619047619047616,True,True
1.5kW,1.5kW_turn_current_3p1pct,interturn,3.1,False,28,15.423885392895883,0.03225806451612903,0.047619047619047616,True,True
1.5kW,1.5kW_turn_current_3p1pct,interturn,3.1,False,29,15.54031200265571,0.03225806451612903,0.047619047619047616,True,True
1.5kW,1.5kW_turn_current_3p1pct,interturn,3.1,False,30,14.822940952563716,0.03225806451612903,0.047619047619047616,True,True
1.5kW,1.5kW_turn_current_3p1pct,interturn,3.1,False,31,13.986915204616595,0.03225806451612903,0.047619047619047616,True,True
1.5kW,1.5kW_turn_current_3p1pct,interturn,3.1,False,32,14.608913597344493,0.03225806451612903,0.047619047619047616,True,True
1.5kW,1.5kW_turn_current_3p1pct,interturn,3.1,False,33,13.909770034938743,0.03225806451612903,0.047619047619047616,True,True
1.5kW,1.5kW_turn_current_3p1pct,interturn,3.1,False,34,14.22182017706839,0.03225806451612903,0.047619047619047616,True,True
1.5kW,1.5kW_turn_current_3p1pct,interturn,3.1,False,35,13.365597547989061,0.03225806451612903,0.047619047619047616,True,True
1.5kW,1.5kW_turn_current_3p1pct,interturn,3.1,False,36,14.623904863221433,0.03225806451612903,0.047619047619047616,True,True
1.5kW,1.5kW_turn_current_3p1pct,interturn,3.1,False,37,14.718325980448437,0.03225806451612903,0.047619047619047616,True,True
1.5kW,1.5kW_turn_current_3p1pct,interturn,3.1,False,38,14.262214567997738,0.03225806451612903,0.047619047619047616,True,True
1.5kW,1.5kW_turn_current_3p1pct,interturn,3.1,False,39,13.266527615424414,0.03225806451612903,0.047619047619047616,True,True
1.5kW,1.5kW_turn_current_4p57pct,interturn,4.57,False,0,9.139638277367183,0.03225806451612903,0.14285714285714285,True,False
1.5kW,1.5kW_turn_current_4p57pct,interturn,4.57,False,1,10.716035140746843,0.03225806451612903,0.09523809523809523,True,False
1.5kW,1.5kW_turn_current_4p57pct,interturn,4.57,False,2,9.471434980691896,0.03225806451612903,0.09523809523809523,True,False
1.5kW,1.5kW_turn_current_4p57pct,interturn,4.57,False,3,10.100973805489433,0.03225806451612903,0.09523809523809523,True,False
1.5kW,1.5kW_turn_current_4p57pct,interturn,4.57,False,4,8.861016679867904,0.03225806451612903,0.14285714285714285,True,False
1.5kW,1.5kW_turn_current_4p57pct,interturn,4.57,False,5,10.891333666222538,0.03225806451612903,0.047619047619047616,True,True
1.5kW,1.5kW_turn_current_4p57pct,interturn,4.57,False,6,9.268603581126456,0.03225806451612903,0.14285714285714285,True,False
1.5kW,1.5kW_turn_current_4p57pct,interturn,4.57,False,7,9.710900852948715,0.03225806451612903,0.09523809523809523,True,False
1.5kW,1.5kW_turn_current_4p57pct,interturn,4.57,False,8,11.05545701826141,0.03225806451612903,0.047619047619047616,True,True
1.5kW,1.5kW_turn_current_4p57pct,interturn,4.57,False,9,9.576524449741452,0.03225806451612903,0.09523809523809523,True,False
1.5kW,1.5kW_turn_current_4p57pct,interturn,4.57,False,10,11.614588254148735,0.03225806451612903,0.047619047619047616,True,True
1.5kW,1.5kW_turn_current_4p57pct,interturn,4.57,False,11,9.596576349528522,0.03225806451612903,0.09523809523809523,True,False
1.5kW,1.5kW_turn_current_4p57pct,interturn,4.57,False,12,9.609328230153054,0.03225806451612903,0.09523809523809523,True,False
1.5kW,1.5kW_turn_current_4p57pct,interturn,4.57,False,13,9.233278398489013,0.03225806451612903,0.14285714285714285,True,False
1.5kW,1.5kW_turn_current_4p57pct,interturn,4.57,False,14,11.018626417769076,0.03225806451612903,0.047619047619047616,True,True
1.5kW,1.5kW_turn_current_4p57pct,interturn,4.57,False,15,9.119116115007996,0.03225806451612903,0.14285714285714285,True,False
1.5kW,1.5kW_turn_current_4p57pct,interturn,4.57,False,16,10.082582848263824,0.03225806451612903,0.09523809523809523,True,False
1.5kW,1.5kW_turn_current_4p57pct,interturn,4.57,False,17,9.22316029931762,0.03225806451612903,0.14285714285714285,True,False
1.5kW,1.5kW_turn_current_4p57pct,interturn,4.57,False,18,10.086157863315359,0.03225806451612903,0.09523809523809523,True,False
1.5kW,1.5kW_turn_current_4p57pct,interturn,4.57,False,19,10.52435604250616,0.03225806451612903,0.09523809523809523,True,False
1.5kW,1.5kW_turn_current_4p57pct,interturn,4.57,False,20,10.274847629997305,0.03225806451612903,0.09523809523809523,True,False
1.5kW,1.5kW_turn_current_4p57pct,interturn,4.57,False,21,9.364206138382666,0.03225806451612903,0.09523809523809523,True,False
1.5kW,1.5kW_turn_current_4p57pct,interturn,4.57,False,22,9.45613646852312,0.03225806451612903,0.09523809523809523,True,False
1.5kW,1.5kW_turn_current_4p57pct,interturn,4.57,False,23,9.825797925858572,0.03225806451612903,0.09523809523809523,True,False
1.5kW,1.5kW_turn_current_4p57pct,interturn,4.57,False,24,10.300083299517759,0.03225806451612903,0.09523809523809523,True,False
1.5kW,1.5kW_turn_current_4p57pct,interturn,4.57,False,25,10.253813399201025,0.03225806451612903,0.09523809523809523,True,False
1.5kW,1.5kW_turn_current_4p57pct,interturn,4.57,False,26,10.012404336701088,0.03225806451612903,0.09523809523809523,True,False
1.5kW,1.5kW_turn_current_4p57pct,interturn,4.57,False,27,8.93284744530162,0.03225806451612903,0.14285714285714285,True,False
1.5kW,1.5kW_turn_current_4p57pct,interturn,4.57,False,28,8.957643418114117,0.03225806451612903,0.14285714285714285,True,False
1.5kW,1.5kW_turn_current_4p57pct,interturn,4.57,False,29,9.665055250995938,0.03225806451612903,0.09523809523809523,True,False
1.5kW,1.5kW_turn_current_4p57pct,interturn,4.57,False,30,9.950321721476293,0.03225806451612903,0.09523809523809523,True,False
1.5kW,1.5kW_turn_current_4p57pct,interturn,4.57,False,31,10.036458245753522,0.03225806451612903,0.09523809523809523,True,False
1.5kW,1.5kW_turn_current_4p57pct,interturn,4.57,False,32,10.14168020729082,0.03225806451612903,0.09523809523809523,True,False
1.5kW,1.5kW_turn_current_4p57pct,interturn,4.57,False,33,8.884555031122098,0.03225806451612903,0.14285714285714285,True,False
1.5kW,1.5kW_turn_current_4p57pct,interturn,4.57,False,34,9.309375629299602,0.03225806451612903,0.14285714285714285,True,False
1.5kW,1.5kW_turn_current_4p57pct,interturn,4.57,False,35,9.907849585229465,0.03225806451612903,0.09523809523809523,True,False
1.5kW,1.5kW_turn_current_4p57pct,interturn,4.57,False,36,10.139278202201341,0.03225806451612903,0.09523809523809523,True,False
1.5kW,1.5kW_turn_current_4p57pct,interturn,4.57,False,37,10.881578836086817,0.03225806451612903,0.047619047619047616,True,True
1.5kW,1.5kW_turn_current_4p57pct,interturn,4.57,False,38,9.920258499177635,0.03225806451612903,0.09523809523809523,True,False
1.5kW,1.5kW_turn_current_4p57pct,interturn,4.57,False,39,9.635139299920546,0.03225806451612903,0.09523809523809523,True,False
1.5kW,1.5kW_turn_current_8p74pct,interturn,8.74,False,0,11.737729365896088,0.03225806451612903,0.047619047619047616,True,True
1.5kW,1.5kW_turn_current_8p74pct,interturn,8.74,False,1,11.935861848227962,0.03225806451612903,0.047619047619047616,True,True
1.5kW,1.5kW_turn_current_8p74pct,interturn,8.74,False,2,10.817056025787817,0.03225806451612903,0.09523809523809523,True,False
1.5kW,1.5kW_turn_current_8p74pct,interturn,8.74,False,3,11.471301233589006,0.03225806451612903,0.047619047619047616,True,True
1.5kW,1.5kW_turn_current_8p74pct,interturn,8.74,False,4,11.301193297353173,0.03225806451612903,0.047619047619047616,True,True
1.5kW,1.5kW_turn_current_8p74pct,interturn,8.74,False,5,12.49272959160004,0.03225806451612903,0.047619047619047616,True,True
1.5kW,1.5kW_turn_current_8p74pct,interturn,8.74,False,6,11.045266626339506,0.03225806451612903,0.047619047619047616,True,True
1.5kW,1.5kW_turn_current_8p74pct,interturn,8.74,False,7,12.764176209792215,0.03225806451612903,0.047619047619047616,True,True
1.5kW,1.5kW_turn_current_8p74pct,interturn,8.74,False,8,11.796866233259259,0.03225806451612903,0.047619047619047616,True,True
1.5kW,1.5kW_turn_current_8p74pct,interturn,8.74,False,9,11.070889327361474,0.03225806451612903,0.047619047619047616,True,True
1.5kW,1.5kW_turn_current_8p74pct,interturn,8.74,False,10,11.033539349366517,0.03225806451612903,0.047619047619047616,True,True
1.5kW,1.5kW_turn_current_8p74pct,interturn,8.74,False,11,12.043675229097786,0.03225806451612903,0.047619047619047616,True,True
1.5kW,1.5kW_turn_current_8p74pct,interturn,8.74,False,12,11.383554622626798,0.03225806451612903,0.047619047619047616,True,True
1.5kW,1.5kW_turn_current_8p74pct,interturn,8.74,False,13,10.853049662164306,0.03225806451612903,0.09523809523809523,True,False
1.5kW,1.5kW_turn_current_8p74pct,interturn,8.74,False,14,12.697692542217593,0.03225806451612903,0.047619047619047616,True,True
1.5kW,1.5kW_turn_current_8p74pct,interturn,8.74,False,15,11.605783617896638,0.03225806451612903,0.047619047619047616,True,True
1.5kW,1.5kW_turn_current_8p74pct,interturn,8.74,False,16,13.142066896620541,0.03225806451612903,0.047619047619047616,True,True
1.5kW,1.5kW_turn_current_8p74pct,interturn,8.74,False,17,11.230267491224108,0.03225806451612903,0.047619047619047616,True,True
1.5kW,1.5kW_turn_current_8p74pct,interturn,8.74,False,18,11.773925917431669,0.03225806451612903,0.047619047619047616,True,True
1.5kW,1.5kW_turn_current_8p74pct,interturn,8.74,False,19,11.097522375556313,0.03225806451612903,0.047619047619047616,True,True
1.5kW,1.5kW_turn_current_8p74pct,interturn,8.74,False,20,11.163175697535268,0.03225806451612903,0.047619047619047616,True,True
1.5kW,1.5kW_turn_current_8p74pct,interturn,8.74,False,21,11.23085856486033,0.03225806451612903,0.047619047619047616,True,True
1.5kW,1.5kW_turn_current_8p74pct,interturn,8.74,False,22,10.564348387911924,0.03225806451612903,0.09523809523809523,True,False
1.5kW,1.5kW_turn_current_8p74pct,interturn,8.74,False,23,10.81122078227874,0.03225806451612903,0.09523809523809523,True,False
1.5kW,1.5kW_turn_current_8p74pct,interturn,8.74,False,24,10.096379523522792,0.03225806451612903,0.09523809523809523,True,False
1.5kW,1.5kW_turn_current_8p74pct,interturn,8.74,False,25,11.605693107581818,0.03225806451612903,0.047619047619047616,True,True
1.5kW,1.5kW_turn_current_8p74pct,interturn,8.74,False,26,12.109760887378945,0.03225806451612903,0.047619047619047616,True,True
1.5kW,1.5kW_turn_current_8p74pct,interturn,8.74,False,27,10.794235294230075,0.03225806451612903,0.09523809523809523,True,False
1.5kW,1.5kW_turn_current_8p74pct,interturn,8.74,False,28,10.95209195477967,0.03225806451612903,0.047619047619047616,True,True
1.5kW,1.5kW_turn_current_8p74pct,interturn,8.74,False,29,10.3495006835201,0.03225806451612903,0.09523809523809523,True,False
1.5kW,1.5kW_turn_current_8p74pct,interturn,8.74,False,30,11.427123874378893,0.03225806451612903,0.047619047619047616,True,True
1.5kW,1.5kW_turn_current_8p74pct,interturn,8.74,False,31,11.016383606229523,0.03225806451612903,0.047619047619047616,True,True
1.5kW,1.5kW_turn_current_8p74pct,interturn,8.74,False,32,11.001704044614836,0.03225806451612903,0.047619047619047616,True,True
1.5kW,1.5kW_turn_current_8p74pct,interturn,8.74,False,33,11.26170204086676,0.03225806451612903,0.047619047619047616,True,True
1.5kW,1.5kW_turn_current_8p74pct,interturn,8.74,False,34,12.02493059845367,0.03225806451612903,0.047619047619047616,True,True
1.5kW,1.5kW_turn_current_8p74pct,interturn,8.74,False,35,11.79234966651303,0.03225806451612903,0.047619047619047616,True,True
1.5kW,1.5kW_turn_current_8p74pct,interturn,8.74,False,36,11.263380878696141,0.03225806451612903,0.047619047619047616,True,True
1.5kW,1.5kW_turn_current_8p74pct,interturn,8.74,False,37,11.224109823341914,0.03225806451612903,0.047619047619047616,True,True
1.5kW,1.5kW_turn_current_8p74pct,interturn,8.74,False,38,10.320418823113746,0.03225806451612903,0.09523809523809523,True,False
1.5kW,1.5kW_turn_current_8p74pct,interturn,8.74,False,39,11.979367232140277,0.03225806451612903,0.047619047619047616,True,True
