outer_target,ridge_fraction,mean_source_validation_far,mean_source_validation_detection,selection_objective
1kW,0.0001,0.03571428571428571,0.6982142857142857,0.6267857142857143
1kW,0.001,0.0,0.8473214285714286,0.8473214285714286
1kW,0.01,0.0,0.875,0.875
1kW,0.1,0.0,0.8428571428571429,0.8428571428571429
1.5kW,0.0001,0.03571428571428571,0.9651785714285714,0.89375
1.5kW,0.001,0.0,0.9794642857142857,0.9794642857142857
1.5kW,0.01,0.0,0.9875,0.9875
1.5kW,0.1,0.0,0.9705357142857143,0.9705357142857143
3kW,0.0001,0.03571428571428571,0.8276785714285715,0.7562500000000001
3kW,0.001,0.03571428571428571,0.9044642857142857,0.8330357142857143
3kW,0.01,0.0,0.9848214285714285,0.9848214285714285
3kW,0.1,0.0,0.9375,0.9375
