motor_id,record_id,fault_family,severity_percent,is_healthy,block_id,score,p_value,alarm
1kW,1kW_coil_current_0p68pct,intercoil,0.68,False,0,25795872.02435347,0.047619047619047616,True
1kW,1kW_coil_current_0p68pct,intercoil,0.68,False,1,27043343.24714063,0.047619047619047616,True
1kW,1kW_coil_current_0p68pct,intercoil,0.68,False,2,27929807.46805937,0.047619047619047616,True
1kW,1kW_coil_current_0p68pct,intercoil,0.68,False,3,30673294.996285856,0.047619047619047616,True
1kW,1kW_coil_current_0p68pct,intercoil,0.68,False,4,26629288.349566445,0.047619047619047616,True
1kW,1kW_coil_current_0p68pct,intercoil,0.68,False,5,28442222.76891427,0.047619047619047616,True
1kW,1kW_coil_current_0p68pct,intercoil,0.68,False,6,26775041.80965998,0.047619047619047616,True
1kW,1kW_coil_current_0p68pct,intercoil,0.68,False,7,26458119.661568627,0.047619047619047616,True
1kW,1kW_coil_current_0p68pct,intercoil,0.68,False,8,28258187.429481477,0.047619047619047616,True
1kW,1kW_coil_current_0p68pct,intercoil,0.68,False,9,28341677.516635776,0.047619047619047616,True
1kW,1kW_coil_current_0p68pct,intercoil,0.68,False,10,27285367.70161196,0.047619047619047616,True
1kW,1kW_coil_current_0p68pct,intercoil,0.68,False,11,30676797.238708057,0.047619047619047616,True
1kW,1kW_coil_current_0p68pct,intercoil,0.68,False,12,29487880.719236076,0.047619047619047616,True
1kW,1kW_coil_current_0p68pct,intercoil,0.68,False,13,31582334.70489233,0.047619047619047616,True
1kW,1kW_coil_current_0p68pct,intercoil,0.68,False,14,31638942.98233878,0.047619047619047616,True
1kW,1kW_coil_current_0p68pct,intercoil,0.68,False,15,27562603.490027845,0.047619047619047616,True
1kW,1kW_coil_current_0p68pct,intercoil,0.68,False,16,26675781.929134756,0.047619047619047616,True
1kW,1kW_coil_current_0p68pct,intercoil,0.68,False,17,27911296.252600156,0.047619047619047616,True
1kW,1kW_coil_current_0p68pct,intercoil,0.68,False,18,27234932.00764134,0.047619047619047616,True
1kW,1kW_coil_current_0p68pct,intercoil,0.68,False,19,29140980.608496923,0.047619047619047616,True
1kW,1kW_coil_current_0p68pct,intercoil,0.68,False,20,29467925.142733153,0.047619047619047616,True
1kW,1kW_coil_current_0p68pct,intercoil,0.68,False,21,29335334.03071087,0.047619047619047616,True
1kW,1kW_coil_current_0p68pct,intercoil,0.68,False,22,27178542.51404912,0.047619047619047616,True
1kW,1kW_coil_current_0p68pct,intercoil,0.68,False,23,28068309.39097453,0.047619047619047616,True
1kW,1kW_coil_current_0p68pct,intercoil,0.68,False,24,27761511.403489567,0.047619047619047616,True
1kW,1kW_coil_current_0p68pct,intercoil,0.68,False,25,32114736.993305914,0.047619047619047616,True
1kW,1kW_coil_current_0p68pct,intercoil,0.68,False,26,28450448.488849107,0.047619047619047616,True
1kW,1kW_coil_current_0p68pct,intercoil,0.68,False,27,30386145.93763466,0.047619047619047616,True
1kW,1kW_coil_current_0p68pct,intercoil,0.68,False,28,29981278.073638696,0.047619047619047616,True
1kW,1kW_coil_current_0p68pct,intercoil,0.68,False,29,26959519.532892466,0.047619047619047616,True
1kW,1kW_coil_current_0p68pct,intercoil,0.68,False,30,27058945.859689806,0.047619047619047616,True
1kW,1kW_coil_current_0p68pct,intercoil,0.68,False,31,27532005.79090388,0.047619047619047616,True
1kW,1kW_coil_current_0p68pct,intercoil,0.68,False,32,28604170.273554336,0.047619047619047616,True
1kW,1kW_coil_current_0p68pct,intercoil,0.68,False,33,28896490.949746795,0.047619047619047616,True
1kW,1kW_coil_current_0p68pct,intercoil,0.68,False,34,28909068.99895962,0.047619047619047616,True
1kW,1kW_coil_current_0p68pct,intercoil,0.68,False,35,29140149.56770426,0.047619047619047616,True
1kW,1kW_coil_current_0p68pct,intercoil,0.68,False,36,32084668.726889625,0.047619047619047616,True
1kW,1kW_coil_current_0p68pct,intercoil,0.68,False,37,28899156.66794754,0.047619047619047616,True
1kW,1kW_coil_current_0p68pct,intercoil,0.68,False,38,31663010.20085928,0.047619047619047616,True
1kW,1kW_coil_current_0p68pct,intercoil,0.68,False,39,30407366.03157842,0.047619047619047616,True
1kW,1kW_coil_current_0p81pct,intercoil,0.81,False,0,31260258.29366143,0.047619047619047616,True
1kW,1kW_coil_current_0p81pct,intercoil,0.81,False,1,29423383.109206155,0.047619047619047616,True
1kW,1kW_coil_current_0p81pct,intercoil,0.81,False,2,32919475.522846125,0.047619047619047616,True
1kW,1kW_coil_current_0p81pct,intercoil,0.81,False,3,31149506.9493381,0.047619047619047616,True
1kW,1kW_coil_current_0p81pct,intercoil,0.81,False,4,29552846.65536452,0.047619047619047616,True
1kW,1kW_coil_current_0p81pct,intercoil,0.81,False,5,29118405.470154442,0.047619047619047616,True
1kW,1kW_coil_current_0p81pct,intercoil,0.81,False,6,30753023.445937186,0.047619047619047616,True
1kW,1kW_coil_current_0p81pct,intercoil,0.81,False,7,30570707.237239666,0.047619047619047616,True
1kW,1kW_coil_current_0p81pct,intercoil,0.81,False,8,29188243.394573096,0.047619047619047616,True
1kW,1kW_coil_current_0p81pct,intercoil,0.81,False,9,30001327.926102407,0.047619047619047616,True
1kW,1kW_coil_current_0p81pct,intercoil,0.81,False,10,32025484.4092576,0.047619047619047616,True
1kW,1kW_coil_current_0p81pct,intercoil,0.81,False,11,31686319.662868507,0.047619047619047616,True
1kW,1kW_coil_current_0p81pct,intercoil,0.81,False,12,28662834.477460638,0.047619047619047616,True
1kW,1kW_coil_current_0p81pct,intercoil,0.81,False,13,28430882.06169255,0.047619047619047616,True
1kW,1kW_coil_current_0p81pct,intercoil,0.81,False,14,26313448.55882456,0.047619047619047616,True
1kW,1kW_coil_current_0p81pct,intercoil,0.81,False,15,28799338.987885937,0.047619047619047616,True
1kW,1kW_coil_current_0p81pct,intercoil,0.81,False,16,31147549.296173975,0.047619047619047616,True
1kW,1kW_coil_current_0p81pct,intercoil,0.81,False,17,30082186.25471795,0.047619047619047616,True
1kW,1kW_coil_current_0p81pct,intercoil,0.81,False,18,29130784.62458869,0.047619047619047616,True
1kW,1kW_coil_current_0p81pct,intercoil,0.81,False,19,31357508.852335565,0.047619047619047616,True
1kW,1kW_coil_current_0p81pct,intercoil,0.81,False,20,27544148.208198108,0.047619047619047616,True
1kW,1kW_coil_current_0p81pct,intercoil,0.81,False,21,30077151.545315616,0.047619047619047616,True
1kW,1kW_coil_current_0p81pct,intercoil,0.81,False,22,29401050.623562764,0.047619047619047616,True
1kW,1kW_coil_current_0p81pct,intercoil,0.81,False,23,29768622.17761076,0.047619047619047616,True
1kW,1kW_coil_current_0p81pct,intercoil,0.81,False,24,30316516.10858655,0.047619047619047616,True
1kW,1kW_coil_current_0p81pct,intercoil,0.81,False,25,27871631.540553167,0.047619047619047616,True
1kW,1kW_coil_current_0p81pct,intercoil,0.81,False,26,28302794.584785923,0.047619047619047616,True
1kW,1kW_coil_current_0p81pct,intercoil,0.81,False,27,34053132.57410917,0.047619047619047616,True
1kW,1kW_coil_current_0p81pct,intercoil,0.81,False,28,28337585.558197208,0.047619047619047616,True
1kW,1kW_coil_current_0p81pct,intercoil,0.81,False,29,29264006.873219974,0.047619047619047616,True
1kW,1kW_coil_current_0p81pct,intercoil,0.81,False,30,29619714.279938675,0.047619047619047616,True
1kW,1kW_coil_current_0p81pct,intercoil,0.81,False,31,30623785.693480577,0.047619047619047616,True
1kW,1kW_coil_current_0p81pct,intercoil,0.81,False,32,27980264.35538056,0.047619047619047616,True
1kW,1kW_coil_current_0p81pct,intercoil,0.81,False,33,29206517.19437989,0.047619047619047616,True
1kW,1kW_coil_current_0p81pct,intercoil,0.81,False,34,31455850.635534704,0.047619047619047616,True
1kW,1kW_coil_current_0p81pct,intercoil,0.81,False,35,31222172.817567296,0.047619047619047616,True
1kW,1kW_coil_current_0p81pct,intercoil,0.81,False,36,30601701.743755966,0.047619047619047616,True
1kW,1kW_coil_current_0p81pct,intercoil,0.81,False,37,29915864.497637153,0.047619047619047616,True
1kW,1kW_coil_current_0p81pct,intercoil,0.81,False,38,28973550.996572837,0.047619047619047616,True
1kW,1kW_coil_current_0p81pct,intercoil,0.81,False,39,29442474.12364853,0.047619047619047616,True
1kW,1kW_coil_current_0pct,intercoil,0.0,True,0,4085.7295327300894,0.38095238095238093,False
1kW,1kW_coil_current_0pct,intercoil,0.0,True,1,1123.3296693312245,1.0,False
1kW,1kW_coil_current_0pct,intercoil,0.0,True,2,875.9534576560598,1.0,False
1kW,1kW_coil_current_0pct,intercoil,0.0,True,3,1296.4305306672393,1.0,False
1kW,1kW_coil_current_0pct,intercoil,0.0,True,4,1528.1300205273965,1.0,False
1kW,1kW_coil_current_0pct,intercoil,0.0,True,5,2309.1578142896105,1.0,False
1kW,1kW_coil_current_0pct,intercoil,0.0,True,6,3773.42459305084,0.47619047619047616,False
1kW,1kW_coil_current_0pct,intercoil,0.0,True,7,2927.4331964729517,0.8571428571428571,False
1kW,1kW_coil_current_0pct,intercoil,0.0,True,8,2726.344967665713,0.9047619047619048,False
1kW,1kW_coil_current_0pct,intercoil,0.0,True,9,2994.8287472063266,0.8095238095238095,False
1kW,1kW_coil_current_0pct,intercoil,0.0,True,10,2422.503354845429,0.9523809523809523,False
1kW,1kW_coil_current_0pct,intercoil,0.0,True,11,3322.237783425512,0.7142857142857143,False
1kW,1kW_coil_current_0pct,intercoil,0.0,True,12,3571.4805807209978,0.6190476190476191,False
1kW,1kW_coil_current_0pct,intercoil,0.0,True,13,3686.7659836228195,0.5714285714285714,False
1kW,1kW_coil_current_0pct,intercoil,0.0,True,14,3835.6139523097827,0.42857142857142855,False
1kW,1kW_coil_current_0pct,intercoil,0.0,True,15,3736.9944986812343,0.5238095238095238,False
1kW,1kW_coil_current_0pct,intercoil,0.0,True,16,5465.203976516952,0.38095238095238093,False
1kW,1kW_coil_current_0pct,intercoil,0.0,True,17,5849.628253768613,0.3333333333333333,False
1kW,1kW_coil_current_0pct,intercoil,0.0,True,18,9461.630256283095,0.19047619047619047,False
1kW,1kW_coil_current_0pct,intercoil,0.0,True,19,9708.595583209199,0.14285714285714285,False
1kW,1kW_coil_current_0pct,intercoil,0.0,True,20,10725.174616892957,0.09523809523809523,False
1kW,1kW_coil_current_0pct,intercoil,0.0,True,21,6810.346955048539,0.2857142857142857,False
1kW,1kW_coil_current_0pct,intercoil,0.0,True,22,8244.385989387525,0.23809523809523808,False
1kW,1kW_coil_current_0pct,intercoil,0.0,True,23,3531.9625473489705,0.6666666666666666,False
1kW,1kW_coil_current_0pct,intercoil,0.0,True,24,3101.4382250729036,0.7619047619047619,False
1kW,1kW_coil_current_0pct,intercoil,0.0,True,25,2990.9571861225622,0.8095238095238095,False
1kW,1kW_coil_current_0pct,intercoil,0.0,True,26,4306.2888962879,0.38095238095238093,False
1kW,1kW_coil_current_0pct,intercoil,0.0,True,27,7506.6023538623585,0.23809523809523808,False
1kW,1kW_coil_current_0pct,intercoil,0.0,True,28,6807.087752504556,0.2857142857142857,False
1kW,1kW_coil_current_0pct,intercoil,0.0,True,29,8105.041440217881,0.23809523809523808,False
1kW,1kW_coil_current_0pct,intercoil,0.0,True,30,6866.2647660110415,0.23809523809523808,False
1kW,1kW_coil_current_0pct,intercoil,0.0,True,31,7123.14246888179,0.23809523809523808,False
1kW,1kW_coil_current_0pct,intercoil,0.0,True,32,8769.94140282012,0.19047619047619047,False
1kW,1kW_coil_current_0pct,intercoil,0.0,True,33,10297.013064867055,0.09523809523809523,False
1kW,1kW_coil_current_0pct,intercoil,0.0,True,34,9378.844709815154,0.19047619047619047,False
1kW,1kW_coil_current_0pct,intercoil,0.0,True,35,10566.528290371883,0.09523809523809523,False
1kW,1kW_coil_current_0pct,intercoil,0.0,True,36,11205.674625841484,0.047619047619047616,True
1kW,1kW_coil_current_0pct,intercoil,0.0,True,37,11971.14052063629,0.047619047619047616,True
1kW,1kW_coil_current_0pct,intercoil,0.0,True,38,11624.647751676304,0.047619047619047616,True
1kW,1kW_coil_current_0pct,intercoil,0.0,True,39,8847.499751622316,0.19047619047619047,False
1kW,1kW_coil_current_1p01pct,intercoil,1.01,False,0,53169.74803728196,0.047619047619047616,True
1kW,1kW_coil_current_1p01pct,intercoil,1.01,False,1,55695.412248814166,0.047619047619047616,True
1kW,1kW_coil_current_1p01pct,intercoil,1.01,False,2,53272.36340991155,0.047619047619047616,True
1kW,1kW_coil_current_1p01pct,intercoil,1.01,False,3,61284.29319539225,0.047619047619047616,True
1kW,1kW_coil_current_1p01pct,intercoil,1.01,False,4,61072.60562962272,0.047619047619047616,True
1kW,1kW_coil_current_1p01pct,intercoil,1.01,False,5,70930.40906928448,0.047619047619047616,True
1kW,1kW_coil_current_1p01pct,intercoil,1.01,False,6,71856.94005569136,0.047619047619047616,True
1kW,1kW_coil_current_1p01pct,intercoil,1.01,False,7,69462.47576709578,0.047619047619047616,True
1kW,1kW_coil_current_1p01pct,intercoil,1.01,False,8,65797.29541151342,0.047619047619047616,True
1kW,1kW_coil_current_1p01pct,intercoil,1.01,False,9,67637.00358525697,0.047619047619047616,True
1kW,1kW_coil_current_1p01pct,intercoil,1.01,False,10,65519.77380992819,0.047619047619047616,True
1kW,1kW_coil_current_1p01pct,intercoil,1.01,False,11,74606.94770317267,0.047619047619047616,True
1kW,1kW_coil_current_1p01pct,intercoil,1.01,False,12,59783.4246485434,0.047619047619047616,True
1kW,1kW_coil_current_1p01pct,intercoil,1.01,False,13,63769.53558619065,0.047619047619047616,True
1kW,1kW_coil_current_1p01pct,intercoil,1.01,False,14,61047.31609681432,0.047619047619047616,True
1kW,1kW_coil_current_1p01pct,intercoil,1.01,False,15,60214.56865133459,0.047619047619047616,True
1kW,1kW_coil_current_1p01pct,intercoil,1.01,False,16,62117.64237733113,0.047619047619047616,True
1kW,1kW_coil_current_1p01pct,intercoil,1.01,False,17,65154.47232388448,0.047619047619047616,True
1kW,1kW_coil_current_1p01pct,intercoil,1.01,False,18,68268.39306543459,0.047619047619047616,True
1kW,1kW_coil_current_1p01pct,intercoil,1.01,False,19,68645.59085144446,0.047619047619047616,True
1kW,1kW_coil_current_1p01pct,intercoil,1.01,False,20,73314.97586192572,0.047619047619047616,True
1kW,1kW_coil_current_1p01pct,intercoil,1.01,False,21,71002.39974319788,0.047619047619047616,True
1kW,1kW_coil_current_1p01pct,intercoil,1.01,False,22,75598.51237627146,0.047619047619047616,True
1kW,1kW_coil_current_1p01pct,intercoil,1.01,False,23,74370.72717467933,0.047619047619047616,True
1kW,1kW_coil_current_1p01pct,intercoil,1.01,False,24,76798.92906584438,0.047619047619047616,True
1kW,1kW_coil_current_1p01pct,intercoil,1.01,False,25,80643.97979347552,0.047619047619047616,True
1kW,1kW_coil_current_1p01pct,intercoil,1.01,False,26,83683.66542149417,0.047619047619047616,True
1kW,1kW_coil_current_1p01pct,intercoil,1.01,False,27,89349.50169924051,0.047619047619047616,True
1kW,1kW_coil_current_1p01pct,intercoil,1.01,False,28,86418.17487520589,0.047619047619047616,True
1kW,1kW_coil_current_1p01pct,intercoil,1.01,False,29,85194.68287462946,0.047619047619047616,True
1kW,1kW_coil_current_1p01pct,intercoil,1.01,False,30,84676.94473010884,0.047619047619047616,True
1kW,1kW_coil_current_1p01pct,intercoil,1.01,False,31,82377.9333231513,0.047619047619047616,True
1kW,1kW_coil_current_1p01pct,intercoil,1.01,False,32,78456.10863954225,0.047619047619047616,True
1kW,1kW_coil_current_1p01pct,intercoil,1.01,False,33,74460.24437498803,0.047619047619047616,True
1kW,1kW_coil_current_1p01pct,intercoil,1.01,False,34,68278.52784842392,0.047619047619047616,True
1kW,1kW_coil_current_1p01pct,intercoil,1.01,False,35,69031.02605650936,0.047619047619047616,True
1kW,1kW_coil_current_1p01pct,intercoil,1.01,False,36,65510.37014319864,0.047619047619047616,True
1kW,1kW_coil_current_1p01pct,intercoil,1.01,False,37,68618.12350908069,0.047619047619047616,True
1kW,1kW_coil_current_1p01pct,intercoil,1.01,False,38,72579.40650682006,0.047619047619047616,True
1kW,1kW_coil_current_1p01pct,intercoil,1.01,False,39,77843.31975611197,0.047619047619047616,True
1kW,1kW_coil_current_1p34pct,intercoil,1.34,False,0,26175551.112331808,0.047619047619047616,True
1kW,1kW_coil_current_1p34pct,intercoil,1.34,False,1,27307931.72931418,0.047619047619047616,True
1kW,1kW_coil_current_1p34pct,intercoil,1.34,False,2,26939230.3867516,0.047619047619047616,True
1kW,1kW_coil_current_1p34pct,intercoil,1.34,False,3,26424264.01427254,0.047619047619047616,True
1kW,1kW_coil_current_1p34pct,intercoil,1.34,False,4,28947258.72731617,0.047619047619047616,True
1kW,1kW_coil_current_1p34pct,intercoil,1.34,False,5,26616996.521549895,0.047619047619047616,True
1kW,1kW_coil_current_1p34pct,intercoil,1.34,False,6,27473226.797838673,0.047619047619047616,True
1kW,1kW_coil_current_1p34pct,intercoil,1.34,False,7,27170819.676296674,0.047619047619047616,True
1kW,1kW_coil_current_1p34pct,intercoil,1.34,False,8,25473841.231940456,0.047619047619047616,True
1kW,1kW_coil_current_1p34pct,intercoil,1.34,False,9,28011342.013860054,0.047619047619047616,True
1kW,1kW_coil_current_1p34pct,intercoil,1.34,False,10,29566838.073357634,0.047619047619047616,True
1kW,1kW_coil_current_1p34pct,intercoil,1.34,False,11,28544337.174137417,0.047619047619047616,True
1kW,1kW_coil_current_1p34pct,intercoil,1.34,False,12,29738812.244743336,0.047619047619047616,True
1kW,1kW_coil_current_1p34pct,intercoil,1.34,False,13,29194782.14778603,0.047619047619047616,True
1kW,1kW_coil_current_1p34pct,intercoil,1.34,False,14,26295040.760875247,0.047619047619047616,True
1kW,1kW_coil_current_1p34pct,intercoil,1.34,False,15,30821794.777356282,0.047619047619047616,True
1kW,1kW_coil_current_1p34pct,intercoil,1.34,False,16,28763921.166295335,0.047619047619047616,True
1kW,1kW_coil_current_1p34pct,intercoil,1.34,False,17,26707446.58591053,0.047619047619047616,True
1kW,1kW_coil_current_1p34pct,intercoil,1.34,False,18,26143230.658241708,0.047619047619047616,True
1kW,1kW_coil_current_1p34pct,intercoil,1.34,False,19,30891685.38052684,0.047619047619047616,True
1kW,1kW_coil_current_1p34pct,intercoil,1.34,False,20,29630312.996393777,0.047619047619047616,True
1kW,1kW_coil_current_1p34pct,intercoil,1.34,False,21,28436297.33052678,0.047619047619047616,True
1kW,1kW_coil_current_1p34pct,intercoil,1.34,False,22,29013513.084694695,0.047619047619047616,True
1kW,1kW_coil_current_1p34pct,intercoil,1.34,False,23,29174569.562523812,0.047619047619047616,True
1kW,1kW_coil_current_1p34pct,intercoil,1.34,False,24,28573163.437068753,0.047619047619047616,True
1kW,1kW_coil_current_1p34pct,intercoil,1.34,False,25,27859198.476581804,0.047619047619047616,True
1kW,1kW_coil_current_1p34pct,intercoil,1.34,False,26,27288493.920337267,0.047619047619047616,True
1kW,1kW_coil_current_1p34pct,intercoil,1.34,False,27,26842135.593474396,0.047619047619047616,True
1kW,1kW_coil_current_1p34pct,intercoil,1.34,False,28,29344082.38731566,0.047619047619047616,True
1kW,1kW_coil_current_1p34pct,intercoil,1.34,False,29,29839441.855645858,0.047619047619047616,True
1kW,1kW_coil_current_1p34pct,intercoil,1.34,False,30,29099826.048284367,0.047619047619047616,True
1kW,1kW_coil_current_1p34pct,intercoil,1.34,False,31,29859612.867093775,0.047619047619047616,True
1kW,1kW_coil_current_1p34pct,intercoil,1.34,False,32,30731975.295174517,0.047619047619047616,True
1kW,1kW_coil_current_1p34pct,intercoil,1.34,False,33,29643418.042597342,0.047619047619047616,True
1kW,1kW_coil_current_1p34pct,intercoil,1.34,False,34,28761956.33666332,0.047619047619047616,True
1kW,1kW_coil_current_1p34pct,intercoil,1.34,False,35,27565674.71344377,0.047619047619047616,True
1kW,1kW_coil_current_1p34pct,intercoil,1.34,False,36,27962901.904747114,0.047619047619047616,True
1kW,1kW_coil_current_1p34pct,intercoil,1.34,False,37,27394031.282387923,0.047619047619047616,True
1kW,1kW_coil_current_1p34pct,intercoil,1.34,False,38,28380844.646736287,0.047619047619047616,True
1kW,1kW_coil_current_1p34pct,intercoil,1.34,False,39,30001027.736264676,0.047619047619047616,True
1kW,1kW_coil_current_2pct,intercoil,2.0,False,0,116161.90646368614,0.047619047619047616,True
1kW,1kW_coil_current_2pct,intercoil,2.0,False,1,155145.71368884895,0.047619047619047616,True
1kW,1kW_coil_current_2pct,intercoil,2.0,False,2,166327.60854156828,0.047619047619047616,True
1kW,1kW_coil_current_2pct,intercoil,2.0,False,3,176873.9154191298,0.047619047619047616,True
1kW,1kW_coil_current_2pct,intercoil,2.0,False,4,186520.6462663931,0.047619047619047616,True
1kW,1kW_coil_current_2pct,intercoil,2.0,False,5,184267.98022564172,0.047619047619047616,True
1kW,1kW_coil_current_2pct,intercoil,2.0,False,6,193375.94338116114,0.047619047619047616,True
1kW,1kW_coil_current_2pct,intercoil,2.0,False,7,210687.22828918736,0.047619047619047616,True
1kW,1kW_coil_current_2pct,intercoil,2.0,False,8,215272.56675526858,0.047619047619047616,True
1kW,1kW_coil_current_2pct,intercoil,2.0,False,9,216052.02968833977,0.047619047619047616,True
1kW,1kW_coil_current_2pct,intercoil,2.0,False,10,242844.4542914908,0.047619047619047616,True
1kW,1kW_coil_current_2pct,intercoil,2.0,False,11,279713.2629896487,0.047619047619047616,True
1kW,1kW_coil_current_2pct,intercoil,2.0,False,12,362415.48399035237,0.047619047619047616,True
1kW,1kW_coil_current_2pct,intercoil,2.0,False,13,307483.3732809046,0.047619047619047616,True
1kW,1kW_coil_current_2pct,intercoil,2.0,False,14,267671.69578741846,0.047619047619047616,True
1kW,1kW_coil_current_2pct,intercoil,2.0,False,15,263981.3268019534,0.047619047619047616,True
1kW,1kW_coil_current_2pct,intercoil,2.0,False,16,285849.86864630145,0.047619047619047616,True
1kW,1kW_coil_current_2pct,intercoil,2.0,False,17,294063.3433256732,0.047619047619047616,True
1kW,1kW_coil_current_2pct,intercoil,2.0,False,18,292445.2132956477,0.047619047619047616,True
1kW,1kW_coil_current_2pct,intercoil,2.0,False,19,289979.70457077713,0.047619047619047616,True
1kW,1kW_coil_current_2pct,intercoil,2.0,False,20,307635.44384887663,0.047619047619047616,True
1kW,1kW_coil_current_2pct,intercoil,2.0,False,21,313901.7862109094,0.047619047619047616,True
1kW,1kW_coil_current_2pct,intercoil,2.0,False,22,360145.0485609207,0.047619047619047616,True
1kW,1kW_coil_current_2pct,intercoil,2.0,False,23,330825.3252347345,0.047619047619047616,True
1kW,1kW_coil_current_2pct,intercoil,2.0,False,24,303896.43888389244,0.047619047619047616,True
1kW,1kW_coil_current_2pct,intercoil,2.0,False,25,279565.19056435744,0.047619047619047616,True
1kW,1kW_coil_current_2pct,intercoil,2.0,False,26,307501.00383501686,0.047619047619047616,True
1kW,1kW_coil_current_2pct,intercoil,2.0,False,27,275075.6387862717,0.047619047619047616,True
1kW,1kW_coil_current_2pct,intercoil,2.0,False,28,292440.05171701335,0.047619047619047616,True
1kW,1kW_coil_current_2pct,intercoil,2.0,False,29,317098.0369803646,0.047619047619047616,True
1kW,1kW_coil_current_2pct,intercoil,2.0,False,30,321274.8158363393,0.047619047619047616,True
1kW,1kW_coil_current_2pct,intercoil,2.0,False,31,348222.1944794081,0.047619047619047616,True
1kW,1kW_coil_current_2pct,intercoil,2.0,False,32,356598.07944598066,0.047619047619047616,True
1kW,1kW_coil_current_2pct,intercoil,2.0,False,33,369675.6714368344,0.047619047619047616,True
1kW,1kW_coil_current_2pct,intercoil,2.0,False,34,343865.4323031619,0.047619047619047616,True
1kW,1kW_coil_current_2pct,intercoil,2.0,False,35,346634.2185210395,0.047619047619047616,True
1kW,1kW_coil_current_2pct,intercoil,2.0,False,36,347730.5883750003,0.047619047619047616,True
1kW,1kW_coil_current_2pct,intercoil,2.0,False,37,335196.7005195447,0.047619047619047616,True
1kW,1kW_coil_current_2pct,intercoil,2.0,False,38,351415.84538275143,0.047619047619047616,True
1kW,1kW_coil_current_2pct,intercoil,2.0,False,39,334612.2778448334,0.047619047619047616,True
1kW,1kW_coil_current_3p93pct,intercoil,3.93,False,0,27654267.37526647,0.047619047619047616,True
1kW,1kW_coil_current_3p93pct,intercoil,3.93,False,1,29288804.216466203,0.047619047619047616,True
1kW,1kW_coil_current_3p93pct,intercoil,3.93,False,2,26711329.96781139,0.047619047619047616,True
1kW,1kW_coil_current_3p93pct,intercoil,3.93,False,3,26220515.9344537,0.047619047619047616,True
1kW,1kW_coil_current_3p93pct,intercoil,3.93,False,4,28654178.093983956,0.047619047619047616,True
1kW,1kW_coil_current_3p93pct,intercoil,3.93,False,5,29385434.709562976,0.047619047619047616,True
1kW,1kW_coil_current_3p93pct,intercoil,3.93,False,6,29398335.64488405,0.047619047619047616,True
1kW,1kW_coil_current_3p93pct,intercoil,3.93,False,7,29009844.176320612,0.047619047619047616,True
1kW,1kW_coil_current_3p93pct,intercoil,3.93,False,8,28109449.693246134,0.047619047619047616,True
1kW,1kW_coil_current_3p93pct,intercoil,3.93,False,9,28804245.408900782,0.047619047619047616,True
1kW,1kW_coil_current_3p93pct,intercoil,3.93,False,10,28583917.638987884,0.047619047619047616,True
1kW,1kW_coil_current_3p93pct,intercoil,3.93,False,11,29748950.020499066,0.047619047619047616,True
1kW,1kW_coil_current_3p93pct,intercoil,3.93,False,12,27443315.658197988,0.047619047619047616,True
1kW,1kW_coil_current_3p93pct,intercoil,3.93,False,13,27367881.344747916,0.047619047619047616,True
1kW,1kW_coil_current_3p93pct,intercoil,3.93,False,14,30210755.940316588,0.047619047619047616,True
1kW,1kW_coil_current_3p93pct,intercoil,3.93,False,15,27989986.420943163,0.047619047619047616,True
1kW,1kW_coil_current_3p93pct,intercoil,3.93,False,16,27448657.924440622,0.047619047619047616,True
1kW,1kW_coil_current_3p93pct,intercoil,3.93,False,17,29634812.430948325,0.047619047619047616,True
1kW,1kW_coil_current_3p93pct,intercoil,3.93,False,18,28527304.35241182,0.047619047619047616,True
1kW,1kW_coil_current_3p93pct,intercoil,3.93,False,19,28725489.935072742,0.047619047619047616,True
1kW,1kW_coil_current_3p93pct,intercoil,3.93,False,20,26252339.565428562,0.047619047619047616,True
1kW,1kW_coil_current_3p93pct,intercoil,3.93,False,21,28641547.887475964,0.047619047619047616,True
1kW,1kW_coil_current_3p93pct,intercoil,3.93,False,22,28178000.139829673,0.047619047619047616,True
1kW,1kW_coil_current_3p93pct,intercoil,3.93,False,23,28831230.716703497,0.047619047619047616,True
1kW,1kW_coil_current_3p93pct,intercoil,3.93,False,24,28529121.94895714,0.047619047619047616,True
1kW,1kW_coil_current_3p93pct,intercoil,3.93,False,25,32342395.850181773,0.047619047619047616,True
1kW,1kW_coil_current_3p93pct,intercoil,3.93,False,26,29360802.718344945,0.047619047619047616,True
1kW,1kW_coil_current_3p93pct,intercoil,3.93,False,27,30812638.969618805,0.047619047619047616,True
1kW,1kW_coil_current_3p93pct,intercoil,3.93,False,28,30454799.218258835,0.047619047619047616,True
1kW,1kW_coil_current_3p93pct,intercoil,3.93,False,29,29757008.10075257,0.047619047619047616,True
1kW,1kW_coil_current_3p93pct,intercoil,3.93,False,30,30024941.293018453,0.047619047619047616,True
1kW,1kW_coil_current_3p93pct,intercoil,3.93,False,31,30672267.659832977,0.047619047619047616,True
1kW,1kW_coil_current_3p93pct,intercoil,3.93,False,32,30409261.80375603,0.047619047619047616,True
1kW,1kW_coil_current_3p93pct,intercoil,3.93,False,33,28559830.603031904,0.047619047619047616,True
1kW,1kW_coil_current_3p93pct,intercoil,3.93,False,34,27223277.936487395,0.047619047619047616,True
1kW,1kW_coil_current_3p93pct,intercoil,3.93,False,35,27650064.151024558,0.047619047619047616,True
1kW,1kW_coil_current_3p93pct,intercoil,3.93,False,36,30964164.346817687,0.047619047619047616,True
1kW,1kW_coil_current_3p93pct,intercoil,3.93,False,37,29610076.087678824,0.047619047619047616,True
1kW,1kW_coil_current_3p93pct,intercoil,3.93,False,38,30098500.755156532,0.047619047619047616,True
1kW,1kW_coil_current_3p93pct,intercoil,3.93,False,39,28870429.556890085,0.047619047619047616,True
1kW,1kW_coil_current_7p56pct,intercoil,7.56,False,0,489883.3815649212,0.047619047619047616,True
1kW,1kW_coil_current_7p56pct,intercoil,7.56,False,1,481716.3060700454,0.047619047619047616,True
1kW,1kW_coil_current_7p56pct,intercoil,7.56,False,2,468775.48918975156,0.047619047619047616,True
1kW,1kW_coil_current_7p56pct,intercoil,7.56,False,3,465823.7378457805,0.047619047619047616,True
1kW,1kW_coil_current_7p56pct,intercoil,7.56,False,4,457654.2024464849,0.047619047619047616,True
1kW,1kW_coil_current_7p56pct,intercoil,7.56,False,5,454102.16987424437,0.047619047619047616,True
1kW,1kW_coil_current_7p56pct,intercoil,7.56,False,6,462101.9085493894,0.047619047619047616,True
1kW,1kW_coil_current_7p56pct,intercoil,7.56,False,7,476701.7864791779,0.047619047619047616,True
1kW,1kW_coil_current_7p56pct,intercoil,7.56,False,8,465655.4768981191,0.047619047619047616,True
1kW,1kW_coil_current_7p56pct,intercoil,7.56,False,9,471506.4027868053,0.047619047619047616,True
1kW,1kW_coil_current_7p56pct,intercoil,7.56,False,10,503403.29799803096,0.047619047619047616,True
1kW,1kW_coil_current_7p56pct,intercoil,7.56,False,11,498491.72523352434,0.047619047619047616,True
1kW,1kW_coil_current_7p56pct,intercoil,7.56,False,12,499658.5557617214,0.047619047619047616,True
1kW,1kW_coil_current_7p56pct,intercoil,7.56,False,13,513354.6998485001,0.047619047619047616,True
1kW,1kW_coil_current_7p56pct,intercoil,7.56,False,14,507107.98896984546,0.047619047619047616,True
1kW,1kW_coil_current_7p56pct,intercoil,7.56,False,15,513074.17276249937,0.047619047619047616,True
1kW,1kW_coil_current_7p56pct,intercoil,7.56,False,16,473401.5761644029,0.047619047619047616,True
1kW,1kW_coil_current_7p56pct,intercoil,7.56,False,17,476900.7284104177,0.047619047619047616,True
1kW,1kW_coil_current_7p56pct,intercoil,7.56,False,18,477251.98182099586,0.047619047619047616,True
1kW,1kW_coil_current_7p56pct,intercoil,7.56,False,19,482913.78118060087,0.047619047619047616,True
1kW,1kW_coil_current_7p56pct,intercoil,7.56,False,20,499277.00495789305,0.047619047619047616,True
1kW,1kW_coil_current_7p56pct,intercoil,7.56,False,21,467359.21556953096,0.047619047619047616,True
1kW,1kW_coil_current_7p56pct,intercoil,7.56,False,22,450554.94426701573,0.047619047619047616,True
1kW,1kW_coil_current_7p56pct,intercoil,7.56,False,23,452371.69845479913,0.047619047619047616,True
1kW,1kW_coil_current_7p56pct,intercoil,7.56,False,24,434978.69079838373,0.047619047619047616,True
1kW,1kW_coil_current_7p56pct,intercoil,7.56,False,25,443024.1355250911,0.047619047619047616,True
1kW,1kW_coil_current_7p56pct,intercoil,7.56,False,26,433129.7181601252,0.047619047619047616,True
1kW,1kW_coil_current_7p56pct,intercoil,7.56,False,27,446477.41873251786,0.047619047619047616,True
1kW,1kW_coil_current_7p56pct,intercoil,7.56,False,28,449509.0782545685,0.047619047619047616,True
1kW,1kW_coil_current_7p56pct,intercoil,7.56,False,29,465927.4095774957,0.047619047619047616,True
1kW,1kW_coil_current_7p56pct,intercoil,7.56,False,30,472409.5614409817,0.047619047619047616,True
1kW,1kW_coil_current_7p56pct,intercoil,7.56,False,31,482096.66844718414,0.047619047619047616,True
1kW,1kW_coil_current_7p56pct,intercoil,7.56,False,32,476450.7271392738,0.047619047619047616,True
1kW,1kW_coil_current_7p56pct,intercoil,7.56,False,33,476747.1901573305,0.047619047619047616,True
1kW,1kW_coil_current_7p56pct,intercoil,7.56,False,34,458799.34616935166,0.047619047619047616,True
1kW,1kW_coil_current_7p56pct,intercoil,7.56,False,35,470633.5666840609,0.047619047619047616,True
1kW,1kW_coil_current_7p56pct,intercoil,7.56,False,36,457702.3758578244,0.047619047619047616,True
1kW,1kW_coil_current_7p56pct,intercoil,7.56,False,37,449766.50771829096,0.047619047619047616,True
1kW,1kW_coil_current_7p56pct,intercoil,7.56,False,38,437700.2173115719,0.047619047619047616,True
1kW,1kW_coil_current_7p56pct,intercoil,7.56,False,39,426982.4532664273,0.047619047619047616,True
1kW,1kW_turn_current_12p17pct,interturn,12.17,False,0,32018690.792214017,0.047619047619047616,True
1kW,1kW_turn_current_12p17pct,interturn,12.17,False,1,30737898.619820584,0.047619047619047616,True
1kW,1kW_turn_current_12p17pct,interturn,12.17,False,2,28807233.619042944,0.047619047619047616,True
1kW,1kW_turn_current_12p17pct,interturn,12.17,False,3,29235241.535156243,0.047619047619047616,True
1kW,1kW_turn_current_12p17pct,interturn,12.17,False,4,28967358.482822098,0.047619047619047616,True
1kW,1kW_turn_current_12p17pct,interturn,12.17,False,5,28643485.702377535,0.047619047619047616,True
1kW,1kW_turn_current_12p17pct,interturn,12.17,False,6,29649430.883208197,0.047619047619047616,True
1kW,1kW_turn_current_12p17pct,interturn,12.17,False,7,27218094.46189638,0.047619047619047616,True
1kW,1kW_turn_current_12p17pct,interturn,12.17,False,8,31571580.650938928,0.047619047619047616,True
1kW,1kW_turn_current_12p17pct,interturn,12.17,False,9,29921924.540100083,0.047619047619047616,True
1kW,1kW_turn_current_12p17pct,interturn,12.17,False,10,29043628.38610275,0.047619047619047616,True
1kW,1kW_turn_current_12p17pct,interturn,12.17,False,11,29277362.71940069,0.047619047619047616,True
1kW,1kW_turn_current_12p17pct,interturn,12.17,False,12,26369934.101928327,0.047619047619047616,True
1kW,1kW_turn_current_12p17pct,interturn,12.17,False,13,26407752.637899358,0.047619047619047616,True
1kW,1kW_turn_current_12p17pct,interturn,12.17,False,14,26847821.482944936,0.047619047619047616,True
1kW,1kW_turn_current_12p17pct,interturn,12.17,False,15,24643696.23440182,0.047619047619047616,True
1kW,1kW_turn_current_12p17pct,interturn,12.17,False,16,27190920.560397953,0.047619047619047616,True
1kW,1kW_turn_current_12p17pct,interturn,12.17,False,17,28104960.31024933,0.047619047619047616,True
1kW,1kW_turn_current_12p17pct,interturn,12.17,False,18,25851693.274373382,0.047619047619047616,True
1kW,1kW_turn_current_12p17pct,interturn,12.17,False,19,27034911.19884616,0.047619047619047616,True
1kW,1kW_turn_current_12p17pct,interturn,12.17,False,20,25623135.42892813,0.047619047619047616,True
1kW,1kW_turn_current_12p17pct,interturn,12.17,False,21,26365421.690859377,0.047619047619047616,True
1kW,1kW_turn_current_12p17pct,interturn,12.17,False,22,25925290.52450782,0.047619047619047616,True
1kW,1kW_turn_current_12p17pct,interturn,12.17,False,23,26616573.01982175,0.047619047619047616,True
1kW,1kW_turn_current_12p17pct,interturn,12.17,False,24,27815203.92116104,0.047619047619047616,True
1kW,1kW_turn_current_12p17pct,interturn,12.17,False,25,26111190.07905856,0.047619047619047616,True
1kW,1kW_turn_current_12p17pct,interturn,12.17,False,26,25017332.29717334,0.047619047619047616,True
1kW,1kW_turn_current_12p17pct,interturn,12.17,False,27,27661629.195239045,0.047619047619047616,True
1kW,1kW_turn_current_12p17pct,interturn,12.17,False,28,25782786.863429613,0.047619047619047616,True
1kW,1kW_turn_current_12p17pct,interturn,12.17,False,29,23334802.92233838,0.047619047619047616,True
1kW,1kW_turn_current_12p17pct,interturn,12.17,False,30,26623843.990331437,0.047619047619047616,True
1kW,1kW_turn_current_12p17pct,interturn,12.17,False,31,25809327.529630028,0.047619047619047616,True
1kW,1kW_turn_current_12p17pct,interturn,12.17,False,32,26044420.494027518,0.047619047619047616,True
1kW,1kW_turn_current_12p17pct,interturn,12.17,False,33,26222921.683263958,0.047619047619047616,True
1kW,1kW_turn_current_12p17pct,interturn,12.17,False,34,25897722.703120578,0.047619047619047616,True
1kW,1kW_turn_current_12p17pct,interturn,12.17,False,35,25028938.99613808,0.047619047619047616,True
1kW,1kW_turn_current_12p17pct,interturn,12.17,False,36,24985336.26324062,0.047619047619047616,True
1kW,1kW_turn_current_12p17pct,interturn,12.17,False,37,26498926.53881186,0.047619047619047616,True
1kW,1kW_turn_current_12p17pct,interturn,12.17,False,38,25597198.118838415,0.047619047619047616,True
1kW,1kW_turn_current_12p17pct,interturn,12.17,False,39,26798541.984879334,0.047619047619047616,True
1kW,1kW_turn_current_21p69pct,interturn,21.69,False,0,517501.28770611854,0.047619047619047616,True
1kW,1kW_turn_current_21p69pct,interturn,21.69,False,1,511690.754496943,0.047619047619047616,True
1kW,1kW_turn_current_21p69pct,interturn,21.69,False,2,499375.0023915884,0.047619047619047616,True
1kW,1kW_turn_current_21p69pct,interturn,21.69,False,3,507115.124166525,0.047619047619047616,True
1kW,1kW_turn_current_21p69pct,interturn,21.69,False,4,501056.65169967583,0.047619047619047616,True
1kW,1kW_turn_current_21p69pct,interturn,21.69,False,5,535816.8761047322,0.047619047619047616,True
1kW,1kW_turn_current_21p69pct,interturn,21.69,False,6,494440.77022863895,0.047619047619047616,True
1kW,1kW_turn_current_21p69pct,interturn,21.69,False,7,590724.7199398448,0.047619047619047616,True
1kW,1kW_turn_current_21p69pct,interturn,21.69,False,8,594651.1918454325,0.047619047619047616,True
1kW,1kW_turn_current_21p69pct,interturn,21.69,False,9,602921.4549631182,0.047619047619047616,True
1kW,1kW_turn_current_21p69pct,interturn,21.69,False,10,590269.689967868,0.047619047619047616,True
1kW,1kW_turn_current_21p69pct,interturn,21.69,False,11,570698.4710108705,0.047619047619047616,True
1kW,1kW_turn_current_21p69pct,interturn,21.69,False,12,606739.8169814218,0.047619047619047616,True
1kW,1kW_turn_current_21p69pct,interturn,21.69,False,13,651010.4486704941,0.047619047619047616,True
1kW,1kW_turn_current_21p69pct,interturn,21.69,False,14,588731.4823583196,0.047619047619047616,True
1kW,1kW_turn_current_21p69pct,interturn,21.69,False,15,611615.9135925317,0.047619047619047616,True
1kW,1kW_turn_current_21p69pct,interturn,21.69,False,16,577599.2796744984,0.047619047619047616,True
1kW,1kW_turn_current_21p69pct,interturn,21.69,False,17,552258.5658051422,0.047619047619047616,True
1kW,1kW_turn_current_21p69pct,interturn,21.69,False,18,626877.4500087994,0.047619047619047616,True
1kW,1kW_turn_current_21p69pct,interturn,21.69,False,19,635195.3225666241,0.047619047619047616,True
1kW,1kW_turn_current_21p69pct,interturn,21.69,False,20,590490.1850784678,0.047619047619047616,True
1kW,1kW_turn_current_21p69pct,interturn,21.69,False,21,650509.7328972754,0.047619047619047616,True
1kW,1kW_turn_current_21p69pct,interturn,21.69,False,22,653638.2084779834,0.047619047619047616,True
1kW,1kW_turn_current_21p69pct,interturn,21.69,False,23,755071.6869669316,0.047619047619047616,True
1kW,1kW_turn_current_21p69pct,interturn,21.69,False,24,663037.5967974792,0.047619047619047616,True
1kW,1kW_turn_current_21p69pct,interturn,21.69,False,25,605237.0990245241,0.047619047619047616,True
1kW,1kW_turn_current_21p69pct,interturn,21.69,False,26,766955.1198313063,0.047619047619047616,True
1kW,1kW_turn_current_21p69pct,interturn,21.69,False,27,783816.9898989465,0.047619047619047616,True
1kW,1kW_turn_current_21p69pct,interturn,21.69,False,28,730794.6043915153,0.047619047619047616,True
1kW,1kW_turn_current_21p69pct,interturn,21.69,False,29,738549.3844650883,0.047619047619047616,True
1kW,1kW_turn_current_21p69pct,interturn,21.69,False,30,614581.1230191241,0.047619047619047616,True
1kW,1kW_turn_current_21p69pct,interturn,21.69,False,31,674626.8830341212,0.047619047619047616,True
1kW,1kW_turn_current_21p69pct,interturn,21.69,False,32,735334.8320467642,0.047619047619047616,True
1kW,1kW_turn_current_21p69pct,interturn,21.69,False,33,521942.7036220201,0.047619047619047616,True
1kW,1kW_turn_current_21p69pct,interturn,21.69,False,34,612073.3514957463,0.047619047619047616,True
1kW,1kW_turn_current_21p69pct,interturn,21.69,False,35,631401.2119321215,0.047619047619047616,True
1kW,1kW_turn_current_21p69pct,interturn,21.69,False,36,619163.5217880262,0.047619047619047616,True
1kW,1kW_turn_current_21p69pct,interturn,21.69,False,37,570602.0147359066,0.047619047619047616,True
1kW,1kW_turn_current_21p69pct,interturn,21.69,False,38,532202.712331467,0.047619047619047616,True
1kW,1kW_turn_current_21p69pct,interturn,21.69,False,39,631076.4811908582,0.047619047619047616,True
1kW,1kW_turn_current_2p26pct,interturn,2.26,False,0,29234775.267243378,0.047619047619047616,True
1kW,1kW_turn_current_2p26pct,interturn,2.26,False,1,28060946.928338956,0.047619047619047616,True
1kW,1kW_turn_current_2p26pct,interturn,2.26,False,2,30640939.002885558,0.047619047619047616,True
1kW,1kW_turn_current_2p26pct,interturn,2.26,False,3,29581496.686731678,0.047619047619047616,True
1kW,1kW_turn_current_2p26pct,interturn,2.26,False,4,29830974.19857721,0.047619047619047616,True
1kW,1kW_turn_current_2p26pct,interturn,2.26,False,5,30448302.38190057,0.047619047619047616,True
1kW,1kW_turn_current_2p26pct,interturn,2.26,False,6,30289037.413797192,0.047619047619047616,True
1kW,1kW_turn_current_2p26pct,interturn,2.26,False,7,28231918.519607008,0.047619047619047616,True
1kW,1kW_turn_current_2p26pct,interturn,2.26,False,8,28799097.99396845,0.047619047619047616,True
1kW,1kW_turn_current_2p26pct,interturn,2.26,False,9,31457543.90265658,0.047619047619047616,True
1kW,1kW_turn_current_2p26pct,interturn,2.26,False,10,29244599.263019137,0.047619047619047616,True
1kW,1kW_turn_current_2p26pct,interturn,2.26,False,11,28565593.013242964,0.047619047619047616,True
1kW,1kW_turn_current_2p26pct,interturn,2.26,False,12,30091504.63467792,0.047619047619047616,True
1kW,1kW_turn_current_2p26pct,interturn,2.26,False,13,29588325.60817351,0.047619047619047616,True
1kW,1kW_turn_current_2p26pct,interturn,2.26,False,14,30841464.966851316,0.047619047619047616,True
1kW,1kW_turn_current_2p26pct,interturn,2.26,False,15,31039492.76789187,0.047619047619047616,True
1kW,1kW_turn_current_2p26pct,interturn,2.26,False,16,28825937.808145814,0.047619047619047616,True
1kW,1kW_turn_current_2p26pct,interturn,2.26,False,17,31876601.247767843,0.047619047619047616,True
1kW,1kW_turn_current_2p26pct,interturn,2.26,False,18,29707703.078455728,0.047619047619047616,True
1kW,1kW_turn_current_2p26pct,interturn,2.26,False,19,29703781.600896437,0.047619047619047616,True
1kW,1kW_turn_current_2p26pct,interturn,2.26,False,20,30231067.992013197,0.047619047619047616,True
1kW,1kW_turn_current_2p26pct,interturn,2.26,False,21,30126926.33564628,0.047619047619047616,True
1kW,1kW_turn_current_2p26pct,interturn,2.26,False,22,31630916.473332494,0.047619047619047616,True
1kW,1kW_turn_current_2p26pct,interturn,2.26,False,23,28560842.49613402,0.047619047619047616,True
1kW,1kW_turn_current_2p26pct,interturn,2.26,False,24,31972291.938705347,0.047619047619047616,True
1kW,1kW_turn_current_2p26pct,interturn,2.26,False,25,30664664.545035265,0.047619047619047616,True
1kW,1kW_turn_current_2p26pct,interturn,2.26,False,26,33600381.37658292,0.047619047619047616,True
1kW,1kW_turn_current_2p26pct,interturn,2.26,False,27,31910222.528760016,0.047619047619047616,True
1kW,1kW_turn_current_2p26pct,interturn,2.26,False,28,32097186.34573984,0.047619047619047616,True
1kW,1kW_turn_current_2p26pct,interturn,2.26,False,29,31124628.206859224,0.047619047619047616,True
1kW,1kW_turn_current_2p26pct,interturn,2.26,False,30,29919145.54057315,0.047619047619047616,True
1kW,1kW_turn_current_2p26pct,interturn,2.26,False,31,29803350.807513673,0.047619047619047616,True
1kW,1kW_turn_current_2p26pct,interturn,2.26,False,32,30038110.510070402,0.047619047619047616,True
1kW,1kW_turn_current_2p26pct,interturn,2.26,False,33,29783920.24060303,0.047619047619047616,True
1kW,1kW_turn_current_2p26pct,interturn,2.26,False,34,29805082.080275506,0.047619047619047616,True
1kW,1kW_turn_current_2p26pct,interturn,2.26,False,35,30141140.75876209,0.047619047619047616,True
1kW,1kW_turn_current_2p26pct,interturn,2.26,False,36,28910179.418545254,0.047619047619047616,True
1kW,1kW_turn_current_2p26pct,interturn,2.26,False,37,31179665.44611641,0.047619047619047616,True
1kW,1kW_turn_current_2p26pct,interturn,2.26,False,38,29869766.432323262,0.047619047619047616,True
1kW,1kW_turn_current_2p26pct,interturn,2.26,False,39,31419964.590609927,0.047619047619047616,True
1kW,1kW_turn_current_2p7pct,interturn,2.7,False,0,26779129.06167775,0.047619047619047616,True
1kW,1kW_turn_current_2p7pct,interturn,2.7,False,1,26020939.21670822,0.047619047619047616,True
1kW,1kW_turn_current_2p7pct,interturn,2.7,False,2,27789178.36343524,0.047619047619047616,True
1kW,1kW_turn_current_2p7pct,interturn,2.7,False,3,27136767.248949718,0.047619047619047616,True
1kW,1kW_turn_current_2p7pct,interturn,2.7,False,4,28824592.036960084,0.047619047619047616,True
1kW,1kW_turn_current_2p7pct,interturn,2.7,False,5,26533500.365460575,0.047619047619047616,True
1kW,1kW_turn_current_2p7pct,interturn,2.7,False,6,27246210.951100744,0.047619047619047616,True
1kW,1kW_turn_current_2p7pct,interturn,2.7,False,7,26974449.891333073,0.047619047619047616,True
1kW,1kW_turn_current_2p7pct,interturn,2.7,False,8,28760067.311836764,0.047619047619047616,True
1kW,1kW_turn_current_2p7pct,interturn,2.7,False,9,27539506.32255232,0.047619047619047616,True
1kW,1kW_turn_current_2p7pct,interturn,2.7,False,10,28529472.874988265,0.047619047619047616,True
1kW,1kW_turn_current_2p7pct,interturn,2.7,False,11,28524049.6357271,0.047619047619047616,True
1kW,1kW_turn_current_2p7pct,interturn,2.7,False,12,26787816.207083825,0.047619047619047616,True
1kW,1kW_turn_current_2p7pct,interturn,2.7,False,13,29826253.475636236,0.047619047619047616,True
1kW,1kW_turn_current_2p7pct,interturn,2.7,False,14,27344323.896209273,0.047619047619047616,True
1kW,1kW_turn_current_2p7pct,interturn,2.7,False,15,29080499.207512278,0.047619047619047616,True
1kW,1kW_turn_current_2p7pct,interturn,2.7,False,16,28277756.610102616,0.047619047619047616,True
1kW,1kW_turn_current_2p7pct,interturn,2.7,False,17,29109446.261858426,0.047619047619047616,True
1kW,1kW_turn_current_2p7pct,interturn,2.7,False,18,28406314.570492465,0.047619047619047616,True
1kW,1kW_turn_current_2p7pct,interturn,2.7,False,19,30500428.592491217,0.047619047619047616,True
1kW,1kW_turn_current_2p7pct,interturn,2.7,False,20,27172553.137169402,0.047619047619047616,True
1kW,1kW_turn_current_2p7pct,interturn,2.7,False,21,28776264.350042515,0.047619047619047616,True
1kW,1kW_turn_current_2p7pct,interturn,2.7,False,22,27289060.99225047,0.047619047619047616,True
1kW,1kW_turn_current_2p7pct,interturn,2.7,False,23,28775132.39981287,0.047619047619047616,True
1kW,1kW_turn_current_2p7pct,interturn,2.7,False,24,26384918.39165675,0.047619047619047616,True
1kW,1kW_turn_current_2p7pct,interturn,2.7,False,25,27259493.760458708,0.047619047619047616,True
1kW,1kW_turn_current_2p7pct,interturn,2.7,False,26,25373671.550005816,0.047619047619047616,True
1kW,1kW_turn_current_2p7pct,interturn,2.7,False,27,28554805.779838,0.047619047619047616,True
1kW,1kW_turn_current_2p7pct,interturn,2.7,False,28,27787580.42797567,0.047619047619047616,True
1kW,1kW_turn_current_2p7pct,interturn,2.7,False,29,28148663.34474402,0.047619047619047616,True
1kW,1kW_turn_current_2p7pct,interturn,2.7,False,30,24896472.18743628,0.047619047619047616,True
1kW,1kW_turn_current_2p7pct,interturn,2.7,False,31,27525747.322679244,0.047619047619047616,True
1kW,1kW_turn_current_2p7pct,interturn,2.7,False,32,29449279.619860727,0.047619047619047616,True
1kW,1kW_turn_current_2p7pct,interturn,2.7,False,33,26917260.270003967,0.047619047619047616,True
1kW,1kW_turn_current_2p7pct,interturn,2.7,False,34,29349137.157313257,0.047619047619047616,True
1kW,1kW_turn_current_2p7pct,interturn,2.7,False,35,29643478.82061886,0.047619047619047616,True
1kW,1kW_turn_current_2p7pct,interturn,2.7,False,36,28893151.62073893,0.047619047619047616,True
1kW,1kW_turn_current_2p7pct,interturn,2.7,False,37,26746040.948054526,0.047619047619047616,True
1kW,1kW_turn_current_2p7pct,interturn,2.7,False,38,28250130.76766726,0.047619047619047616,True
1kW,1kW_turn_current_2p7pct,interturn,2.7,False,39,29691493.606626965,0.047619047619047616,True
1kW,1kW_turn_current_3p35pct,interturn,3.35,False,0,86848.17067721809,0.047619047619047616,True
1kW,1kW_turn_current_3p35pct,interturn,3.35,False,1,83018.20930768862,0.047619047619047616,True
1kW,1kW_turn_current_3p35pct,interturn,3.35,False,2,86262.12250439057,0.047619047619047616,True
1kW,1kW_turn_current_3p35pct,interturn,3.35,False,3,81268.79868613121,0.047619047619047616,True
1kW,1kW_turn_current_3p35pct,interturn,3.35,False,4,76596.66419799693,0.047619047619047616,True
1kW,1kW_turn_current_3p35pct,interturn,3.35,False,5,78295.87278748353,0.047619047619047616,True
1kW,1kW_turn_current_3p35pct,interturn,3.35,False,6,67794.8351387153,0.047619047619047616,True
1kW,1kW_turn_current_3p35pct,interturn,3.35,False,7,82061.55967571968,0.047619047619047616,True
1kW,1kW_turn_current_3p35pct,interturn,3.35,False,8,71680.99101282215,0.047619047619047616,True
1kW,1kW_turn_current_3p35pct,interturn,3.35,False,9,72588.03482526595,0.047619047619047616,True
1kW,1kW_turn_current_3p35pct,interturn,3.35,False,10,77007.49204675668,0.047619047619047616,True
1kW,1kW_turn_current_3p35pct,interturn,3.35,False,11,76412.00248734334,0.047619047619047616,True
1kW,1kW_turn_current_3p35pct,interturn,3.35,False,12,82112.87157247399,0.047619047619047616,True
1kW,1kW_turn_current_3p35pct,interturn,3.35,False,13,82855.11393225884,0.047619047619047616,True
1kW,1kW_turn_current_3p35pct,interturn,3.35,False,14,90510.88225315258,0.047619047619047616,True
1kW,1kW_turn_current_3p35pct,interturn,3.35,False,15,88093.10177311074,0.047619047619047616,True
1kW,1kW_turn_current_3p35pct,interturn,3.35,False,16,98916.11236836103,0.047619047619047616,True
1kW,1kW_turn_current_3p35pct,interturn,3.35,False,17,93394.0280381844,0.047619047619047616,True
1kW,1kW_turn_current_3p35pct,interturn,3.35,False,18,96238.36541211049,0.047619047619047616,True
1kW,1kW_turn_current_3p35pct,interturn,3.35,False,19,94321.52740797585,0.047619047619047616,True
1kW,1kW_turn_current_3p35pct,interturn,3.35,False,20,88058.39547135695,0.047619047619047616,True
1kW,1kW_turn_current_3p35pct,interturn,3.35,False,21,90833.9923249304,0.047619047619047616,True
1kW,1kW_turn_current_3p35pct,interturn,3.35,False,22,98329.8189522281,0.047619047619047616,True
1kW,1kW_turn_current_3p35pct,interturn,3.35,False,23,91754.3551213107,0.047619047619047616,True
1kW,1kW_turn_current_3p35pct,interturn,3.35,False,24,95424.99817636827,0.047619047619047616,True
1kW,1kW_turn_current_3p35pct,interturn,3.35,False,25,99371.31549414825,0.047619047619047616,True
1kW,1kW_turn_current_3p35pct,interturn,3.35,False,26,100296.5787325531,0.047619047619047616,True
1kW,1kW_turn_current_3p35pct,interturn,3.35,False,27,97074.02076143595,0.047619047619047616,True
1kW,1kW_turn_current_3p35pct,interturn,3.35,False,28,94260.79195455209,0.047619047619047616,True
1kW,1kW_turn_current_3p35pct,interturn,3.35,False,29,99632.65652698345,0.047619047619047616,True
1kW,1kW_turn_current_3p35pct,interturn,3.35,False,30,98025.3747774588,0.047619047619047616,True
1kW,1kW_turn_current_3p35pct,interturn,3.35,False,31,100894.97275901007,0.047619047619047616,True
1kW,1kW_turn_current_3p35pct,interturn,3.35,False,32,100980.91499456133,0.047619047619047616,True
1kW,1kW_turn_current_3p35pct,interturn,3.35,False,33,101898.43398896944,0.047619047619047616,True
1kW,1kW_turn_current_3p35pct,interturn,3.35,False,34,95243.39824186885,0.047619047619047616,True
1kW,1kW_turn_current_3p35pct,interturn,3.35,False,35,102035.17715262706,0.047619047619047616,True
1kW,1kW_turn_current_3p35pct,interturn,3.35,False,36,97511.56446507756,0.047619047619047616,True
1kW,1kW_turn_current_3p35pct,interturn,3.35,False,37,97384.80474659172,0.047619047619047616,True
1kW,1kW_turn_current_3p35pct,interturn,3.35,False,38,96901.37055678152,0.047619047619047616,True
1kW,1kW_turn_current_3p35pct,interturn,3.35,False,39,96941.23843672391,0.047619047619047616,True
1kW,1kW_turn_current_4p41pct,interturn,4.41,False,0,24725784.80399715,0.047619047619047616,True
1kW,1kW_turn_current_4p41pct,interturn,4.41,False,1,25206259.70680842,0.047619047619047616,True
1kW,1kW_turn_current_4p41pct,interturn,4.41,False,2,26893758.57184185,0.047619047619047616,True
1kW,1kW_turn_current_4p41pct,interturn,4.41,False,3,24422919.489461716,0.047619047619047616,True
1kW,1kW_turn_current_4p41pct,interturn,4.41,False,4,26751987.92990061,0.047619047619047616,True
1kW,1kW_turn_current_4p41pct,interturn,4.41,False,5,24328540.671037596,0.047619047619047616,True
1kW,1kW_turn_current_4p41pct,interturn,4.41,False,6,23852658.4152869,0.047619047619047616,True
1kW,1kW_turn_current_4p41pct,interturn,4.41,False,7,25336538.22114595,0.047619047619047616,True
1kW,1kW_turn_current_4p41pct,interturn,4.41,False,8,24595917.80161675,0.047619047619047616,True
1kW,1kW_turn_current_4p41pct,interturn,4.41,False,9,22716343.445565976,0.047619047619047616,True
1kW,1kW_turn_current_4p41pct,interturn,4.41,False,10,25862238.80261823,0.047619047619047616,True
1kW,1kW_turn_current_4p41pct,interturn,4.41,False,11,26508219.74160473,0.047619047619047616,True
1kW,1kW_turn_current_4p41pct,interturn,4.41,False,12,24156591.585440286,0.047619047619047616,True
1kW,1kW_turn_current_4p41pct,interturn,4.41,False,13,23551766.211819462,0.047619047619047616,True
1kW,1kW_turn_current_4p41pct,interturn,4.41,False,14,23635020.131353132,0.047619047619047616,True
1kW,1kW_turn_current_4p41pct,interturn,4.41,False,15,24797955.91102979,0.047619047619047616,True
1kW,1kW_turn_current_4p41pct,interturn,4.41,False,16,25336541.326897062,0.047619047619047616,True
1kW,1kW_turn_current_4p41pct,interturn,4.41,False,17,28461691.35405968,0.047619047619047616,True
1kW,1kW_turn_current_4p41pct,interturn,4.41,False,18,26585909.307945516,0.047619047619047616,True
1kW,1kW_turn_current_4p41pct,interturn,4.41,False,19,24989839.772492133,0.047619047619047616,True
1kW,1kW_turn_current_4p41pct,interturn,4.41,False,20,24404027.45698425,0.047619047619047616,True
1kW,1kW_turn_current_4p41pct,interturn,4.41,False,21,28185109.55270713,0.047619047619047616,True
1kW,1kW_turn_current_4p41pct,interturn,4.41,False,22,23941719.812440164,0.047619047619047616,True
1kW,1kW_turn_current_4p41pct,interturn,4.41,False,23,25235843.945627443,0.047619047619047616,True
1kW,1kW_turn_current_4p41pct,interturn,4.41,False,24,23699415.552118912,0.047619047619047616,True
1kW,1kW_turn_current_4p41pct,interturn,4.41,False,25,24644218.564191125,0.047619047619047616,True
1kW,1kW_turn_current_4p41pct,interturn,4.41,False,26,26142756.32735437,0.047619047619047616,True
1kW,1kW_turn_current_4p41pct,interturn,4.41,False,27,24327890.20093981,0.047619047619047616,True
1kW,1kW_turn_current_4p41pct,interturn,4.41,False,28,25741336.98899607,0.047619047619047616,True
1kW,1kW_turn_current_4p41pct,interturn,4.41,False,29,25189371.25100395,0.047619047619047616,True
1kW,1kW_turn_current_4p41pct,interturn,4.41,False,30,25931562.088516586,0.047619047619047616,True
1kW,1kW_turn_current_4p41pct,interturn,4.41,False,31,26180362.049750604,0.047619047619047616,True
1kW,1kW_turn_current_4p41pct,interturn,4.41,False,32,26190260.255053215,0.047619047619047616,True
1kW,1kW_turn_current_4p41pct,interturn,4.41,False,33,23484046.922501836,0.047619047619047616,True
1kW,1kW_turn_current_4p41pct,interturn,4.41,False,34,25608951.27682042,0.047619047619047616,True
1kW,1kW_turn_current_4p41pct,interturn,4.41,False,35,25107827.252203677,0.047619047619047616,True
1kW,1kW_turn_current_4p41pct,interturn,4.41,False,36,23567767.744968202,0.047619047619047616,True
1kW,1kW_turn_current_4p41pct,interturn,4.41,False,37,23013926.2627654,0.047619047619047616,True
1kW,1kW_turn_current_4p41pct,interturn,4.41,False,38,25593713.557083506,0.047619047619047616,True
1kW,1kW_turn_current_4p41pct,interturn,4.41,False,39,23831371.15283312,0.047619047619047616,True
1kW,1kW_turn_current_6p48pct,interturn,6.48,False,0,228551.76080097925,0.047619047619047616,True
1kW,1kW_turn_current_6p48pct,interturn,6.48,False,1,213014.49710500936,0.047619047619047616,True
1kW,1kW_turn_current_6p48pct,interturn,6.48,False,2,213410.73127925507,0.047619047619047616,True
1kW,1kW_turn_current_6p48pct,interturn,6.48,False,3,199875.13068543494,0.047619047619047616,True
1kW,1kW_turn_current_6p48pct,interturn,6.48,False,4,225024.28882374315,0.047619047619047616,True
1kW,1kW_turn_current_6p48pct,interturn,6.48,False,5,168452.2826858726,0.047619047619047616,True
1kW,1kW_turn_current_6p48pct,interturn,6.48,False,6,160148.66938193454,0.047619047619047616,True
1kW,1kW_turn_current_6p48pct,interturn,6.48,False,7,172177.40072447012,0.047619047619047616,True
1kW,1kW_turn_current_6p48pct,interturn,6.48,False,8,163012.19561260685,0.047619047619047616,True
1kW,1kW_turn_current_6p48pct,interturn,6.48,False,9,187584.8910497993,0.047619047619047616,True
1kW,1kW_turn_current_6p48pct,interturn,6.48,False,10,198049.70577460804,0.047619047619047616,True
1kW,1kW_turn_current_6p48pct,interturn,6.48,False,11,199966.13267973685,0.047619047619047616,True
1kW,1kW_turn_current_6p48pct,interturn,6.48,False,12,194641.40414366237,0.047619047619047616,True
1kW,1kW_turn_current_6p48pct,interturn,6.48,False,13,200178.17361739225,0.047619047619047616,True
1kW,1kW_turn_current_6p48pct,interturn,6.48,False,14,209217.8723379292,0.047619047619047616,True
1kW,1kW_turn_current_6p48pct,interturn,6.48,False,15,190692.9890109822,0.047619047619047616,True
1kW,1kW_turn_current_6p48pct,interturn,6.48,False,16,183572.49838036345,0.047619047619047616,True
1kW,1kW_turn_current_6p48pct,interturn,6.48,False,17,189410.87746019,0.047619047619047616,True
1kW,1kW_turn_current_6p48pct,interturn,6.48,False,18,177874.4507490056,0.047619047619047616,True
1kW,1kW_turn_current_6p48pct,interturn,6.48,False,19,197505.03827124208,0.047619047619047616,True
1kW,1kW_turn_current_6p48pct,interturn,6.48,False,20,170586.08667637955,0.047619047619047616,True
1kW,1kW_turn_current_6p48pct,interturn,6.48,False,21,180497.40991850733,0.047619047619047616,True
1kW,1kW_turn_current_6p48pct,interturn,6.48,False,22,196930.5789099236,0.047619047619047616,True
1kW,1kW_turn_current_6p48pct,interturn,6.48,False,23,197422.95290329645,0.047619047619047616,True
1kW,1kW_turn_current_6p48pct,interturn,6.48,False,24,200410.3207231871,0.047619047619047616,True
1kW,1kW_turn_current_6p48pct,interturn,6.48,False,25,203755.890749787,0.047619047619047616,True
1kW,1kW_turn_current_6p48pct,interturn,6.48,False,26,192343.79323326808,0.047619047619047616,True
1kW,1kW_turn_current_6p48pct,interturn,6.48,False,27,196950.2808703435,0.047619047619047616,True
1kW,1kW_turn_current_6p48pct,interturn,6.48,False,28,201321.24746543678,0.047619047619047616,True
1kW,1kW_turn_current_6p48pct,interturn,6.48,False,29,191107.53947664343,0.047619047619047616,True
1kW,1kW_turn_current_6p48pct,interturn,6.48,False,30,179900.8876083697,0.047619047619047616,True
1kW,1kW_turn_current_6p48pct,interturn,6.48,False,31,199198.79852756427,0.047619047619047616,True
1kW,1kW_turn_current_6p48pct,interturn,6.48,False,32,176886.0945259785,0.047619047619047616,True
1kW,1kW_turn_current_6p48pct,interturn,6.48,False,33,193931.3404204443,0.047619047619047616,True
1kW,1kW_turn_current_6p48pct,interturn,6.48,False,34,188218.8736889671,0.047619047619047616,True
1kW,1kW_turn_current_6p48pct,interturn,6.48,False,35,234913.20896606622,0.047619047619047616,True
1kW,1kW_turn_current_6p48pct,interturn,6.48,False,36,296635.31153841474,0.047619047619047616,True
1kW,1kW_turn_current_6p48pct,interturn,6.48,False,37,244620.3935680602,0.047619047619047616,True
1kW,1kW_turn_current_6p48pct,interturn,6.48,False,38,199545.80205990744,0.047619047619047616,True
1kW,1kW_turn_current_6p48pct,interturn,6.48,False,39,219827.98828628313,0.047619047619047616,True
