motor_id,record_id,fault_family,severity_percent,is_healthy,block_id,score,p_value,alarm,method,seed
1.5kW,1.5kW_coil_current_0pct,intercoil,0.0,True,0,0.5178227000690018,0.9523809523809523,False,target_isolation_forest,20260820
1.5kW,1.5kW_coil_current_0pct,intercoil,0.0,True,1,0.5126154077576746,0.9523809523809523,False,target_isolation_forest,20260820
1.5kW,1.5kW_coil_current_0pct,intercoil,0.0,True,2,0.5827105381459811,0.047619047619047616,True,target_isolation_forest,20260820
1.5kW,1.5kW_coil_current_0pct,intercoil,0.0,True,3,0.5055250289217804,0.9523809523809523,False,target_isolation_forest,20260820
1.5kW,1.5kW_coil_current_0pct,intercoil,0.0,True,4,0.5178584018978352,0.9523809523809523,False,target_isolation_forest,20260820
1.5kW,1.5kW_coil_current_0pct,intercoil,0.0,True,5,0.5197151564335541,0.9047619047619048,False,target_isolation_forest,20260820
1.5kW,1.5kW_coil_current_0pct,intercoil,0.0,True,6,0.5029297993128081,1.0,False,target_isolation_forest,20260820
1.5kW,1.5kW_coil_current_0pct,intercoil,0.0,True,7,0.5192154614858417,0.9523809523809523,False,target_isolation_forest,20260820
1.5kW,1.5kW_coil_current_0pct,intercoil,0.0,True,8,0.5338544873431763,0.6190476190476191,False,target_isolation_forest,20260820
1.5kW,1.5kW_coil_current_0pct,intercoil,0.0,True,9,0.5213508538948394,0.8571428571428571,False,target_isolation_forest,20260820
1.5kW,1.5kW_coil_current_0pct,intercoil,0.0,True,10,0.5248523042501393,0.7619047619047619,False,target_isolation_forest,20260820
1.5kW,1.5kW_coil_current_0pct,intercoil,0.0,True,11,0.530872044656806,0.6666666666666666,False,target_isolation_forest,20260820
1.5kW,1.5kW_coil_current_0pct,intercoil,0.0,True,12,0.5533343389075444,0.19047619047619047,False,target_isolation_forest,20260820
1.5kW,1.5kW_coil_current_0pct,intercoil,0.0,True,13,0.5468085865019473,0.3333333333333333,False,target_isolation_forest,20260820
1.5kW,1.5kW_coil_current_0pct,intercoil,0.0,True,14,0.5276079077282784,0.7142857142857143,False,target_isolation_forest,20260820
1.5kW,1.5kW_coil_current_0pct,intercoil,0.0,True,15,0.5500979734898803,0.2857142857142857,False,target_isolation_forest,20260820
1.5kW,1.5kW_coil_current_0pct,intercoil,0.0,True,16,0.5353098131340746,0.5714285714285714,False,target_isolation_forest,20260820
1.5kW,1.5kW_coil_current_0pct,intercoil,0.0,True,17,0.5516199584597734,0.23809523809523808,False,target_isolation_forest,20260820
1.5kW,1.5kW_coil_current_0pct,intercoil,0.0,True,18,0.5433986581550031,0.38095238095238093,False,target_isolation_forest,20260820
1.5kW,1.5kW_coil_current_0pct,intercoil,0.0,True,19,0.5584137540617279,0.09523809523809523,False,target_isolation_forest,20260820
1.5kW,1.5kW_coil_current_0pct,intercoil,0.0,True,20,0.5581997166570832,0.14285714285714285,False,target_isolation_forest,20260820
1.5kW,1.5kW_coil_current_0pct,intercoil,0.0,True,21,0.5395389238996763,0.5238095238095238,False,target_isolation_forest,20260820
1.5kW,1.5kW_coil_current_0pct,intercoil,0.0,True,22,0.5418898551115832,0.47619047619047616,False,target_isolation_forest,20260820
1.5kW,1.5kW_coil_current_0pct,intercoil,0.0,True,23,0.5230453884958732,0.8095238095238095,False,target_isolation_forest,20260820
1.5kW,1.5kW_coil_current_0pct,intercoil,0.0,True,24,0.543107066037154,0.42857142857142855,False,target_isolation_forest,20260820
1.5kW,1.5kW_coil_current_0pct,intercoil,0.0,True,25,0.5601864217931015,0.047619047619047616,True,target_isolation_forest,20260820
1.5kW,1.5kW_coil_current_0pct,intercoil,0.0,True,26,0.5334605881004236,0.6190476190476191,False,target_isolation_forest,20260820
1.5kW,1.5kW_coil_current_0pct,intercoil,0.0,True,27,0.537647340516745,0.5238095238095238,False,target_isolation_forest,20260820
1.5kW,1.5kW_coil_current_0pct,intercoil,0.0,True,28,0.5481813436472521,0.2857142857142857,False,target_isolation_forest,20260820
1.5kW,1.5kW_coil_current_0pct,intercoil,0.0,True,29,0.5568572395309466,0.14285714285714285,False,target_isolation_forest,20260820
1.5kW,1.5kW_coil_current_0pct,intercoil,0.0,True,30,0.5377870599235827,0.5238095238095238,False,target_isolation_forest,20260820
1.5kW,1.5kW_coil_current_0pct,intercoil,0.0,True,31,0.5260316375496393,0.7142857142857143,False,target_isolation_forest,20260820
1.5kW,1.5kW_coil_current_0pct,intercoil,0.0,True,32,0.5432827151064418,0.38095238095238093,False,target_isolation_forest,20260820
1.5kW,1.5kW_coil_current_0pct,intercoil,0.0,True,33,0.5704130342622545,0.047619047619047616,True,target_isolation_forest,20260820
1.5kW,1.5kW_coil_current_0pct,intercoil,0.0,True,34,0.5332395228924238,0.6190476190476191,False,target_isolation_forest,20260820
1.5kW,1.5kW_coil_current_0pct,intercoil,0.0,True,35,0.5296518076875666,0.6666666666666666,False,target_isolation_forest,20260820
1.5kW,1.5kW_coil_current_0pct,intercoil,0.0,True,36,0.5470993758581544,0.2857142857142857,False,target_isolation_forest,20260820
1.5kW,1.5kW_coil_current_0pct,intercoil,0.0,True,37,0.5286587766705778,0.6666666666666666,False,target_isolation_forest,20260820
1.5kW,1.5kW_coil_current_0pct,intercoil,0.0,True,38,0.536845560821294,0.5238095238095238,False,target_isolation_forest,20260820
1.5kW,1.5kW_coil_current_0pct,intercoil,0.0,True,39,0.5426980816664221,0.42857142857142855,False,target_isolation_forest,20260820
1.5kW,1.5kW_coil_current_13p12pct,intercoil,13.12,False,0,0.6357721926563832,0.047619047619047616,True,target_isolation_forest,20260820
1.5kW,1.5kW_coil_current_13p12pct,intercoil,13.12,False,1,0.6264195983594741,0.047619047619047616,True,target_isolation_forest,20260820
1.5kW,1.5kW_coil_current_13p12pct,intercoil,13.12,False,2,0.6087760411978638,0.047619047619047616,True,target_isolation_forest,20260820
1.5kW,1.5kW_coil_current_13p12pct,intercoil,13.12,False,3,0.6499959448168668,0.047619047619047616,True,target_isolation_forest,20260820
1.5kW,1.5kW_coil_current_13p12pct,intercoil,13.12,False,4,0.6275299738217266,0.047619047619047616,True,target_isolation_forest,20260820
1.5kW,1.5kW_coil_current_13p12pct,intercoil,13.12,False,5,0.6142037219532427,0.047619047619047616,True,target_isolation_forest,20260820
1.5kW,1.5kW_coil_current_13p12pct,intercoil,13.12,False,6,0.6199370869969966,0.047619047619047616,True,target_isolation_forest,20260820
1.5kW,1.5kW_coil_current_13p12pct,intercoil,13.12,False,7,0.6240310977841715,0.047619047619047616,True,target_isolation_forest,20260820
1.5kW,1.5kW_coil_current_13p12pct,intercoil,13.12,False,8,0.6218707660190826,0.047619047619047616,True,target_isolation_forest,20260820
1.5kW,1.5kW_coil_current_13p12pct,intercoil,13.12,False,9,0.6327056744233036,0.047619047619047616,True,target_isolation_forest,20260820
1.5kW,1.5kW_coil_current_13p12pct,intercoil,13.12,False,10,0.6083458640940608,0.047619047619047616,True,target_isolation_forest,20260820
1.5kW,1.5kW_coil_current_13p12pct,intercoil,13.12,False,11,0.609726491151398,0.047619047619047616,True,target_isolation_forest,20260820
1.5kW,1.5kW_coil_current_13p12pct,intercoil,13.12,False,12,0.6260015711493054,0.047619047619047616,True,target_isolation_forest,20260820
1.5kW,1.5kW_coil_current_13p12pct,intercoil,13.12,False,13,0.597663924138349,0.047619047619047616,True,target_isolation_forest,20260820
1.5kW,1.5kW_coil_current_13p12pct,intercoil,13.12,False,14,0.6071911657387198,0.047619047619047616,True,target_isolation_forest,20260820
1.5kW,1.5kW_coil_current_13p12pct,intercoil,13.12,False,15,0.5665866705284252,0.047619047619047616,True,target_isolation_forest,20260820
1.5kW,1.5kW_coil_current_13p12pct,intercoil,13.12,False,16,0.5962943901082246,0.047619047619047616,True,target_isolation_forest,20260820
1.5kW,1.5kW_coil_current_13p12pct,intercoil,13.12,False,17,0.5899785203075456,0.047619047619047616,True,target_isolation_forest,20260820
1.5kW,1.5kW_coil_current_13p12pct,intercoil,13.12,False,18,0.5790682265538967,0.047619047619047616,True,target_isolation_forest,20260820
1.5kW,1.5kW_coil_current_13p12pct,intercoil,13.12,False,19,0.6042610907198234,0.047619047619047616,True,target_isolation_forest,20260820
1.5kW,1.5kW_coil_current_13p12pct,intercoil,13.12,False,20,0.6082920336507647,0.047619047619047616,True,target_isolation_forest,20260820
1.5kW,1.5kW_coil_current_13p12pct,intercoil,13.12,False,21,0.6327444415003148,0.047619047619047616,True,target_isolation_forest,20260820
1.5kW,1.5kW_coil_current_13p12pct,intercoil,13.12,False,22,0.5989393829428208,0.047619047619047616,True,target_isolation_forest,20260820
1.5kW,1.5kW_coil_current_13p12pct,intercoil,13.12,False,23,0.5973902284429269,0.047619047619047616,True,target_isolation_forest,20260820
1.5kW,1.5kW_coil_current_13p12pct,intercoil,13.12,False,24,0.6327451499919443,0.047619047619047616,True,target_isolation_forest,20260820
1.5kW,1.5kW_coil_current_13p12pct,intercoil,13.12,False,25,0.5981078041149951,0.047619047619047616,True,target_isolation_forest,20260820
1.5kW,1.5kW_coil_current_13p12pct,intercoil,13.12,False,26,0.5811680648179279,0.047619047619047616,True,target_isolation_forest,20260820
1.5kW,1.5kW_coil_current_13p12pct,intercoil,13.12,False,27,0.6468373172841482,0.047619047619047616,True,target_isolation_forest,20260820
1.5kW,1.5kW_coil_current_13p12pct,intercoil,13.12,False,28,0.6173516892857023,0.047619047619047616,True,target_isolation_forest,20260820
1.5kW,1.5kW_coil_current_13p12pct,intercoil,13.12,False,29,0.6298189646376916,0.047619047619047616,True,target_isolation_forest,20260820
1.5kW,1.5kW_coil_current_13p12pct,intercoil,13.12,False,30,0.6236995915263754,0.047619047619047616,True,target_isolation_forest,20260820
1.5kW,1.5kW_coil_current_13p12pct,intercoil,13.12,False,31,0.6215258851129952,0.047619047619047616,True,target_isolation_forest,20260820
1.5kW,1.5kW_coil_current_13p12pct,intercoil,13.12,False,32,0.6083067013569106,0.047619047619047616,True,target_isolation_forest,20260820
1.5kW,1.5kW_coil_current_13p12pct,intercoil,13.12,False,33,0.6190331595533359,0.047619047619047616,True,target_isolation_forest,20260820
1.5kW,1.5kW_coil_current_13p12pct,intercoil,13.12,False,34,0.6247972741910909,0.047619047619047616,True,target_isolation_forest,20260820
1.5kW,1.5kW_coil_current_13p12pct,intercoil,13.12,False,35,0.6239681696956525,0.047619047619047616,True,target_isolation_forest,20260820
1.5kW,1.5kW_coil_current_13p12pct,intercoil,13.12,False,36,0.6137223130792407,0.047619047619047616,True,target_isolation_forest,20260820
1.5kW,1.5kW_coil_current_13p12pct,intercoil,13.12,False,37,0.6109473635034071,0.047619047619047616,True,target_isolation_forest,20260820
1.5kW,1.5kW_coil_current_13p12pct,intercoil,13.12,False,38,0.609265006008535,0.047619047619047616,True,target_isolation_forest,20260820
1.5kW,1.5kW_coil_current_13p12pct,intercoil,13.12,False,39,0.6171038150007355,0.047619047619047616,True,target_isolation_forest,20260820
1.5kW,1.5kW_coil_current_23p2pct,intercoil,23.2,False,0,0.6319565325786332,0.047619047619047616,True,target_isolation_forest,20260820
1.5kW,1.5kW_coil_current_23p2pct,intercoil,23.2,False,1,0.6265575042772195,0.047619047619047616,True,target_isolation_forest,20260820
1.5kW,1.5kW_coil_current_23p2pct,intercoil,23.2,False,2,0.6313623055805212,0.047619047619047616,True,target_isolation_forest,20260820
1.5kW,1.5kW_coil_current_23p2pct,intercoil,23.2,False,3,0.6336289584893101,0.047619047619047616,True,target_isolation_forest,20260820
1.5kW,1.5kW_coil_current_23p2pct,intercoil,23.2,False,4,0.6382754377993771,0.047619047619047616,True,target_isolation_forest,20260820
1.5kW,1.5kW_coil_current_23p2pct,intercoil,23.2,False,5,0.6433185425534359,0.047619047619047616,True,target_isolation_forest,20260820
1.5kW,1.5kW_coil_current_23p2pct,intercoil,23.2,False,6,0.6358543754459093,0.047619047619047616,True,target_isolation_forest,20260820
1.5kW,1.5kW_coil_current_23p2pct,intercoil,23.2,False,7,0.6204191160698624,0.047619047619047616,True,target_isolation_forest,20260820
1.5kW,1.5kW_coil_current_23p2pct,intercoil,23.2,False,8,0.6232140033774528,0.047619047619047616,True,target_isolation_forest,20260820
1.5kW,1.5kW_coil_current_23p2pct,intercoil,23.2,False,9,0.639292685931765,0.047619047619047616,True,target_isolation_forest,20260820
1.5kW,1.5kW_coil_current_23p2pct,intercoil,23.2,False,10,0.6348776326362819,0.047619047619047616,True,target_isolation_forest,20260820
1.5kW,1.5kW_coil_current_23p2pct,intercoil,23.2,False,11,0.6229972091004599,0.047619047619047616,True,target_isolation_forest,20260820
1.5kW,1.5kW_coil_current_23p2pct,intercoil,23.2,False,12,0.6262129222971464,0.047619047619047616,True,target_isolation_forest,20260820
1.5kW,1.5kW_coil_current_23p2pct,intercoil,23.2,False,13,0.6305773922432533,0.047619047619047616,True,target_isolation_forest,20260820
1.5kW,1.5kW_coil_current_23p2pct,intercoil,23.2,False,14,0.6431626415126707,0.047619047619047616,True,target_isolation_forest,20260820
1.5kW,1.5kW_coil_current_23p2pct,intercoil,23.2,False,15,0.6518736371826532,0.047619047619047616,True,target_isolation_forest,20260820
1.5kW,1.5kW_coil_current_23p2pct,intercoil,23.2,False,16,0.6381650656447336,0.047619047619047616,True,target_isolation_forest,20260820
1.5kW,1.5kW_coil_current_23p2pct,intercoil,23.2,False,17,0.6279624143208118,0.047619047619047616,True,target_isolation_forest,20260820
1.5kW,1.5kW_coil_current_23p2pct,intercoil,23.2,False,18,0.6365361696570644,0.047619047619047616,True,target_isolation_forest,20260820
1.5kW,1.5kW_coil_current_23p2pct,intercoil,23.2,False,19,0.6385032410038131,0.047619047619047616,True,target_isolation_forest,20260820
1.5kW,1.5kW_coil_current_23p2pct,intercoil,23.2,False,20,0.6324148271299972,0.047619047619047616,True,target_isolation_forest,20260820
1.5kW,1.5kW_coil_current_23p2pct,intercoil,23.2,False,21,0.6283326269622332,0.047619047619047616,True,target_isolation_forest,20260820
1.5kW,1.5kW_coil_current_23p2pct,intercoil,23.2,False,22,0.6286894951937135,0.047619047619047616,True,target_isolation_forest,20260820
1.5kW,1.5kW_coil_current_23p2pct,intercoil,23.2,False,23,0.65959582639817,0.047619047619047616,True,target_isolation_forest,20260820
1.5kW,1.5kW_coil_current_23p2pct,intercoil,23.2,False,24,0.6309487348713826,0.047619047619047616,True,target_isolation_forest,20260820
1.5kW,1.5kW_coil_current_23p2pct,intercoil,23.2,False,25,0.622224686923427,0.047619047619047616,True,target_isolation_forest,20260820
1.5kW,1.5kW_coil_current_23p2pct,intercoil,23.2,False,26,0.6464128886928172,0.047619047619047616,True,target_isolation_forest,20260820
1.5kW,1.5kW_coil_current_23p2pct,intercoil,23.2,False,27,0.643928233912289,0.047619047619047616,True,target_isolation_forest,20260820
1.5kW,1.5kW_coil_current_23p2pct,intercoil,23.2,False,28,0.6390999845990463,0.047619047619047616,True,target_isolation_forest,20260820
1.5kW,1.5kW_coil_current_23p2pct,intercoil,23.2,False,29,0.6318403970379648,0.047619047619047616,True,target_isolation_forest,20260820
1.5kW,1.5kW_coil_current_23p2pct,intercoil,23.2,False,30,0.6542453599833792,0.047619047619047616,True,target_isolation_forest,20260820
1.5kW,1.5kW_coil_current_23p2pct,intercoil,23.2,False,31,0.6211304859827348,0.047619047619047616,True,target_isolation_forest,20260820
1.5kW,1.5kW_coil_current_23p2pct,intercoil,23.2,False,32,0.632755288153158,0.047619047619047616,True,target_isolation_forest,20260820
1.5kW,1.5kW_coil_current_23p2pct,intercoil,23.2,False,33,0.6302387885382872,0.047619047619047616,True,target_isolation_forest,20260820
1.5kW,1.5kW_coil_current_23p2pct,intercoil,23.2,False,34,0.6217556654680196,0.047619047619047616,True,target_isolation_forest,20260820
1.5kW,1.5kW_coil_current_23p2pct,intercoil,23.2,False,35,0.6478338612259873,0.047619047619047616,True,target_isolation_forest,20260820
1.5kW,1.5kW_coil_current_23p2pct,intercoil,23.2,False,36,0.6348363114265916,0.047619047619047616,True,target_isolation_forest,20260820
1.5kW,1.5kW_coil_current_23p2pct,intercoil,23.2,False,37,0.6393952684323478,0.047619047619047616,True,target_isolation_forest,20260820
1.5kW,1.5kW_coil_current_23p2pct,intercoil,23.2,False,38,0.6405765953463135,0.047619047619047616,True,target_isolation_forest,20260820
1.5kW,1.5kW_coil_current_23p2pct,intercoil,23.2,False,39,0.6382264384757526,0.047619047619047616,True,target_isolation_forest,20260820
1.5kW,1.5kW_coil_current_37p66pct,intercoil,37.66,False,0,0.6345861696434993,0.047619047619047616,True,target_isolation_forest,20260820
1.5kW,1.5kW_coil_current_37p66pct,intercoil,37.66,False,1,0.618311256825267,0.047619047619047616,True,target_isolation_forest,20260820
1.5kW,1.5kW_coil_current_37p66pct,intercoil,37.66,False,2,0.6238552289700892,0.047619047619047616,True,target_isolation_forest,20260820
1.5kW,1.5kW_coil_current_37p66pct,intercoil,37.66,False,3,0.6312835090408683,0.047619047619047616,True,target_isolation_forest,20260820
1.5kW,1.5kW_coil_current_37p66pct,intercoil,37.66,False,4,0.6253369304059389,0.047619047619047616,True,target_isolation_forest,20260820
1.5kW,1.5kW_coil_current_37p66pct,intercoil,37.66,False,5,0.6255684992931898,0.047619047619047616,True,target_isolation_forest,20260820
1.5kW,1.5kW_coil_current_37p66pct,intercoil,37.66,False,6,0.6261805194520046,0.047619047619047616,True,target_isolation_forest,20260820
1.5kW,1.5kW_coil_current_37p66pct,intercoil,37.66,False,7,0.6293999690564169,0.047619047619047616,True,target_isolation_forest,20260820
1.5kW,1.5kW_coil_current_37p66pct,intercoil,37.66,False,8,0.635340853245335,0.047619047619047616,True,target_isolation_forest,20260820
1.5kW,1.5kW_coil_current_37p66pct,intercoil,37.66,False,9,0.6119040757654118,0.047619047619047616,True,target_isolation_forest,20260820
1.5kW,1.5kW_coil_current_37p66pct,intercoil,37.66,False,10,0.6281352836505755,0.047619047619047616,True,target_isolation_forest,20260820
1.5kW,1.5kW_coil_current_37p66pct,intercoil,37.66,False,11,0.6216767100041158,0.047619047619047616,True,target_isolation_forest,20260820
1.5kW,1.5kW_coil_current_37p66pct,intercoil,37.66,False,12,0.6249698093696704,0.047619047619047616,True,target_isolation_forest,20260820
1.5kW,1.5kW_coil_current_37p66pct,intercoil,37.66,False,13,0.614663239671154,0.047619047619047616,True,target_isolation_forest,20260820
1.5kW,1.5kW_coil_current_37p66pct,intercoil,37.66,False,14,0.6249658120267396,0.047619047619047616,True,target_isolation_forest,20260820
1.5kW,1.5kW_coil_current_37p66pct,intercoil,37.66,False,15,0.6361716678441918,0.047619047619047616,True,target_isolation_forest,20260820
1.5kW,1.5kW_coil_current_37p66pct,intercoil,37.66,False,16,0.6333749225438496,0.047619047619047616,True,target_isolation_forest,20260820
1.5kW,1.5kW_coil_current_37p66pct,intercoil,37.66,False,17,0.6167600810996581,0.047619047619047616,True,target_isolation_forest,20260820
1.5kW,1.5kW_coil_current_37p66pct,intercoil,37.66,False,18,0.6155033306580293,0.047619047619047616,True,target_isolation_forest,20260820
1.5kW,1.5kW_coil_current_37p66pct,intercoil,37.66,False,19,0.6230054607420792,0.047619047619047616,True,target_isolation_forest,20260820
1.5kW,1.5kW_coil_current_37p66pct,intercoil,37.66,False,20,0.6171934874924597,0.047619047619047616,True,target_isolation_forest,20260820
1.5kW,1.5kW_coil_current_37p66pct,intercoil,37.66,False,21,0.640873382821339,0.047619047619047616,True,target_isolation_forest,20260820
1.5kW,1.5kW_coil_current_37p66pct,intercoil,37.66,False,22,0.6132896004961421,0.047619047619047616,True,target_isolation_forest,20260820
1.5kW,1.5kW_coil_current_37p66pct,intercoil,37.66,False,23,0.6266220702328769,0.047619047619047616,True,target_isolation_forest,20260820
1.5kW,1.5kW_coil_current_37p66pct,intercoil,37.66,False,24,0.6299086691757788,0.047619047619047616,True,target_isolation_forest,20260820
1.5kW,1.5kW_coil_current_37p66pct,intercoil,37.66,False,25,0.6214446625528418,0.047619047619047616,True,target_isolation_forest,20260820
1.5kW,1.5kW_coil_current_37p66pct,intercoil,37.66,False,26,0.6293846307634051,0.047619047619047616,True,target_isolation_forest,20260820
1.5kW,1.5kW_coil_current_37p66pct,intercoil,37.66,False,27,0.6288724593040026,0.047619047619047616,True,target_isolation_forest,20260820
1.5kW,1.5kW_coil_current_37p66pct,intercoil,37.66,False,28,0.6272228690202954,0.047619047619047616,True,target_isolation_forest,20260820
1.5kW,1.5kW_coil_current_37p66pct,intercoil,37.66,False,29,0.6187931293917565,0.047619047619047616,True,target_isolation_forest,20260820
1.5kW,1.5kW_coil_current_37p66pct,intercoil,37.66,False,30,0.615067572461088,0.047619047619047616,True,target_isolation_forest,20260820
1.5kW,1.5kW_coil_current_37p66pct,intercoil,37.66,False,31,0.6398258251357426,0.047619047619047616,True,target_isolation_forest,20260820
1.5kW,1.5kW_coil_current_37p66pct,intercoil,37.66,False,32,0.6116491531154181,0.047619047619047616,True,target_isolation_forest,20260820
1.5kW,1.5kW_coil_current_37p66pct,intercoil,37.66,False,33,0.623496262849752,0.047619047619047616,True,target_isolation_forest,20260820
1.5kW,1.5kW_coil_current_37p66pct,intercoil,37.66,False,34,0.611146536522308,0.047619047619047616,True,target_isolation_forest,20260820
1.5kW,1.5kW_coil_current_37p66pct,intercoil,37.66,False,35,0.6116450719344364,0.047619047619047616,True,target_isolation_forest,20260820
1.5kW,1.5kW_coil_current_37p66pct,intercoil,37.66,False,36,0.6001961398888327,0.047619047619047616,True,target_isolation_forest,20260820
1.5kW,1.5kW_coil_current_37p66pct,intercoil,37.66,False,37,0.5980719516546827,0.047619047619047616,True,target_isolation_forest,20260820
1.5kW,1.5kW_coil_current_37p66pct,intercoil,37.66,False,38,0.6191029853348838,0.047619047619047616,True,target_isolation_forest,20260820
1.5kW,1.5kW_coil_current_37p66pct,intercoil,37.66,False,39,0.6083081424409017,0.047619047619047616,True,target_isolation_forest,20260820
1.5kW,1.5kW_coil_current_4p79pct,intercoil,4.79,False,0,0.6602885518404769,0.047619047619047616,True,target_isolation_forest,20260820
1.5kW,1.5kW_coil_current_4p79pct,intercoil,4.79,False,1,0.6607983791116159,0.047619047619047616,True,target_isolation_forest,20260820
1.5kW,1.5kW_coil_current_4p79pct,intercoil,4.79,False,2,0.6363886051092724,0.047619047619047616,True,target_isolation_forest,20260820
1.5kW,1.5kW_coil_current_4p79pct,intercoil,4.79,False,3,0.644724264472136,0.047619047619047616,True,target_isolation_forest,20260820
1.5kW,1.5kW_coil_current_4p79pct,intercoil,4.79,False,4,0.6457126329492444,0.047619047619047616,True,target_isolation_forest,20260820
1.5kW,1.5kW_coil_current_4p79pct,intercoil,4.79,False,5,0.6372572086263545,0.047619047619047616,True,target_isolation_forest,20260820
1.5kW,1.5kW_coil_current_4p79pct,intercoil,4.79,False,6,0.6499379585625306,0.047619047619047616,True,target_isolation_forest,20260820
1.5kW,1.5kW_coil_current_4p79pct,intercoil,4.79,False,7,0.645739620334208,0.047619047619047616,True,target_isolation_forest,20260820
1.5kW,1.5kW_coil_current_4p79pct,intercoil,4.79,False,8,0.6537169065127305,0.047619047619047616,True,target_isolation_forest,20260820
1.5kW,1.5kW_coil_current_4p79pct,intercoil,4.79,False,9,0.6440284645609335,0.047619047619047616,True,target_isolation_forest,20260820
1.5kW,1.5kW_coil_current_4p79pct,intercoil,4.79,False,10,0.6416266210304541,0.047619047619047616,True,target_isolation_forest,20260820
1.5kW,1.5kW_coil_current_4p79pct,intercoil,4.79,False,11,0.6436835444269718,0.047619047619047616,True,target_isolation_forest,20260820
1.5kW,1.5kW_coil_current_4p79pct,intercoil,4.79,False,12,0.6445182938193996,0.047619047619047616,True,target_isolation_forest,20260820
1.5kW,1.5kW_coil_current_4p79pct,intercoil,4.79,False,13,0.6383533991871043,0.047619047619047616,True,target_isolation_forest,20260820
1.5kW,1.5kW_coil_current_4p79pct,intercoil,4.79,False,14,0.6478945961756011,0.047619047619047616,True,target_isolation_forest,20260820
1.5kW,1.5kW_coil_current_4p79pct,intercoil,4.79,False,15,0.6615417625475329,0.047619047619047616,True,target_isolation_forest,20260820
1.5kW,1.5kW_coil_current_4p79pct,intercoil,4.79,False,16,0.6642533515343001,0.047619047619047616,True,target_isolation_forest,20260820
1.5kW,1.5kW_coil_current_4p79pct,intercoil,4.79,False,17,0.6561721234718878,0.047619047619047616,True,target_isolation_forest,20260820
1.5kW,1.5kW_coil_current_4p79pct,intercoil,4.79,False,18,0.6595470901153077,0.047619047619047616,True,target_isolation_forest,20260820
1.5kW,1.5kW_coil_current_4p79pct,intercoil,4.79,False,19,0.6491765829368643,0.047619047619047616,True,target_isolation_forest,20260820
1.5kW,1.5kW_coil_current_4p79pct,intercoil,4.79,False,20,0.6527665610858706,0.047619047619047616,True,target_isolation_forest,20260820
1.5kW,1.5kW_coil_current_4p79pct,intercoil,4.79,False,21,0.6370318414582992,0.047619047619047616,True,target_isolation_forest,20260820
1.5kW,1.5kW_coil_current_4p79pct,intercoil,4.79,False,22,0.6428577936616567,0.047619047619047616,True,target_isolation_forest,20260820
1.5kW,1.5kW_coil_current_4p79pct,intercoil,4.79,False,23,0.6351627555478001,0.047619047619047616,True,target_isolation_forest,20260820
1.5kW,1.5kW_coil_current_4p79pct,intercoil,4.79,False,24,0.6441772486212802,0.047619047619047616,True,target_isolation_forest,20260820
1.5kW,1.5kW_coil_current_4p79pct,intercoil,4.79,False,25,0.6378752762475058,0.047619047619047616,True,target_isolation_forest,20260820
1.5kW,1.5kW_coil_current_4p79pct,intercoil,4.79,False,26,0.648069855156113,0.047619047619047616,True,target_isolation_forest,20260820
1.5kW,1.5kW_coil_current_4p79pct,intercoil,4.79,False,27,0.6340337164744998,0.047619047619047616,True,target_isolation_forest,20260820
1.5kW,1.5kW_coil_current_4p79pct,intercoil,4.79,False,28,0.6520151917266697,0.047619047619047616,True,target_isolation_forest,20260820
1.5kW,1.5kW_coil_current_4p79pct,intercoil,4.79,False,29,0.6490221921206039,0.047619047619047616,True,target_isolation_forest,20260820
1.5kW,1.5kW_coil_current_4p79pct,intercoil,4.79,False,30,0.627077112194597,0.047619047619047616,True,target_isolation_forest,20260820
1.5kW,1.5kW_coil_current_4p79pct,intercoil,4.79,False,31,0.6488037830253442,0.047619047619047616,True,target_isolation_forest,20260820
1.5kW,1.5kW_coil_current_4p79pct,intercoil,4.79,False,32,0.6297815665969364,0.047619047619047616,True,target_isolation_forest,20260820
1.5kW,1.5kW_coil_current_4p79pct,intercoil,4.79,False,33,0.6489087677391827,0.047619047619047616,True,target_isolation_forest,20260820
1.5kW,1.5kW_coil_current_4p79pct,intercoil,4.79,False,34,0.6453701326959036,0.047619047619047616,True,target_isolation_forest,20260820
1.5kW,1.5kW_coil_current_4p79pct,intercoil,4.79,False,35,0.6245206838192023,0.047619047619047616,True,target_isolation_forest,20260820
1.5kW,1.5kW_coil_current_4p79pct,intercoil,4.79,False,36,0.6410692373996327,0.047619047619047616,True,target_isolation_forest,20260820
1.5kW,1.5kW_coil_current_4p79pct,intercoil,4.79,False,37,0.6320718373049762,0.047619047619047616,True,target_isolation_forest,20260820
1.5kW,1.5kW_coil_current_4p79pct,intercoil,4.79,False,38,0.6434593086581014,0.047619047619047616,True,target_isolation_forest,20260820
1.5kW,1.5kW_coil_current_4p79pct,intercoil,4.79,False,39,0.6604767308317037,0.047619047619047616,True,target_isolation_forest,20260820
1.5kW,1.5kW_coil_current_5p7pct,intercoil,5.7,False,0,0.6432362410515894,0.047619047619047616,True,target_isolation_forest,20260820
1.5kW,1.5kW_coil_current_5p7pct,intercoil,5.7,False,1,0.6582237698717845,0.047619047619047616,True,target_isolation_forest,20260820
1.5kW,1.5kW_coil_current_5p7pct,intercoil,5.7,False,2,0.6496236914337213,0.047619047619047616,True,target_isolation_forest,20260820
1.5kW,1.5kW_coil_current_5p7pct,intercoil,5.7,False,3,0.642751948976069,0.047619047619047616,True,target_isolation_forest,20260820
1.5kW,1.5kW_coil_current_5p7pct,intercoil,5.7,False,4,0.6440590627418143,0.047619047619047616,True,target_isolation_forest,20260820
1.5kW,1.5kW_coil_current_5p7pct,intercoil,5.7,False,5,0.6575197580238978,0.047619047619047616,True,target_isolation_forest,20260820
1.5kW,1.5kW_coil_current_5p7pct,intercoil,5.7,False,6,0.6366589857063104,0.047619047619047616,True,target_isolation_forest,20260820
1.5kW,1.5kW_coil_current_5p7pct,intercoil,5.7,False,7,0.663467064205977,0.047619047619047616,True,target_isolation_forest,20260820
1.5kW,1.5kW_coil_current_5p7pct,intercoil,5.7,False,8,0.6382074430724349,0.047619047619047616,True,target_isolation_forest,20260820
1.5kW,1.5kW_coil_current_5p7pct,intercoil,5.7,False,9,0.6372727426744338,0.047619047619047616,True,target_isolation_forest,20260820
1.5kW,1.5kW_coil_current_5p7pct,intercoil,5.7,False,10,0.6524858406236846,0.047619047619047616,True,target_isolation_forest,20260820
1.5kW,1.5kW_coil_current_5p7pct,intercoil,5.7,False,11,0.6450634902391174,0.047619047619047616,True,target_isolation_forest,20260820
1.5kW,1.5kW_coil_current_5p7pct,intercoil,5.7,False,12,0.6766200073397656,0.047619047619047616,True,target_isolation_forest,20260820
1.5kW,1.5kW_coil_current_5p7pct,intercoil,5.7,False,13,0.6480342968107714,0.047619047619047616,True,target_isolation_forest,20260820
1.5kW,1.5kW_coil_current_5p7pct,intercoil,5.7,False,14,0.6249454184708286,0.047619047619047616,True,target_isolation_forest,20260820
1.5kW,1.5kW_coil_current_5p7pct,intercoil,5.7,False,15,0.6309934007825836,0.047619047619047616,True,target_isolation_forest,20260820
1.5kW,1.5kW_coil_current_5p7pct,intercoil,5.7,False,16,0.6395736298668354,0.047619047619047616,True,target_isolation_forest,20260820
1.5kW,1.5kW_coil_current_5p7pct,intercoil,5.7,False,17,0.6453599804145395,0.047619047619047616,True,target_isolation_forest,20260820
1.5kW,1.5kW_coil_current_5p7pct,intercoil,5.7,False,18,0.6414755643006218,0.047619047619047616,True,target_isolation_forest,20260820
1.5kW,1.5kW_coil_current_5p7pct,intercoil,5.7,False,19,0.6278652689947936,0.047619047619047616,True,target_isolation_forest,20260820
1.5kW,1.5kW_coil_current_5p7pct,intercoil,5.7,False,20,0.6246382661759461,0.047619047619047616,True,target_isolation_forest,20260820
1.5kW,1.5kW_coil_current_5p7pct,intercoil,5.7,False,21,0.6277582787731437,0.047619047619047616,True,target_isolation_forest,20260820
1.5kW,1.5kW_coil_current_5p7pct,intercoil,5.7,False,22,0.6444170945088905,0.047619047619047616,True,target_isolation_forest,20260820
1.5kW,1.5kW_coil_current_5p7pct,intercoil,5.7,False,23,0.6379183013195203,0.047619047619047616,True,target_isolation_forest,20260820
1.5kW,1.5kW_coil_current_5p7pct,intercoil,5.7,False,24,0.6592869779301013,0.047619047619047616,True,target_isolation_forest,20260820
1.5kW,1.5kW_coil_current_5p7pct,intercoil,5.7,False,25,0.628395575481852,0.047619047619047616,True,target_isolation_forest,20260820
1.5kW,1.5kW_coil_current_5p7pct,intercoil,5.7,False,26,0.6477047296713113,0.047619047619047616,True,target_isolation_forest,20260820
1.5kW,1.5kW_coil_current_5p7pct,intercoil,5.7,False,27,0.6360956625163805,0.047619047619047616,True,target_isolation_forest,20260820
1.5kW,1.5kW_coil_current_5p7pct,intercoil,5.7,False,28,0.6417281649261802,0.047619047619047616,True,target_isolation_forest,20260820
1.5kW,1.5kW_coil_current_5p7pct,intercoil,5.7,False,29,0.6345594072621824,0.047619047619047616,True,target_isolation_forest,20260820
1.5kW,1.5kW_coil_current_5p7pct,intercoil,5.7,False,30,0.6276449547855343,0.047619047619047616,True,target_isolation_forest,20260820
1.5kW,1.5kW_coil_current_5p7pct,intercoil,5.7,False,31,0.6331797055882664,0.047619047619047616,True,target_isolation_forest,20260820
1.5kW,1.5kW_coil_current_5p7pct,intercoil,5.7,False,32,0.6299073007045818,0.047619047619047616,True,target_isolation_forest,20260820
1.5kW,1.5kW_coil_current_5p7pct,intercoil,5.7,False,33,0.637188774326303,0.047619047619047616,True,target_isolation_forest,20260820
1.5kW,1.5kW_coil_current_5p7pct,intercoil,5.7,False,34,0.6433956954046279,0.047619047619047616,True,target_isolation_forest,20260820
1.5kW,1.5kW_coil_current_5p7pct,intercoil,5.7,False,35,0.6318288673294641,0.047619047619047616,True,target_isolation_forest,20260820
1.5kW,1.5kW_coil_current_5p7pct,intercoil,5.7,False,36,0.650232850915683,0.047619047619047616,True,target_isolation_forest,20260820
1.5kW,1.5kW_coil_current_5p7pct,intercoil,5.7,False,37,0.6454858968031982,0.047619047619047616,True,target_isolation_forest,20260820
1.5kW,1.5kW_coil_current_5p7pct,intercoil,5.7,False,38,0.6393217661304382,0.047619047619047616,True,target_isolation_forest,20260820
1.5kW,1.5kW_coil_current_5p7pct,intercoil,5.7,False,39,0.6394830512722746,0.047619047619047616,True,target_isolation_forest,20260820
1.5kW,1.5kW_coil_current_7p02pct,intercoil,7.02,False,0,0.5884142977793758,0.047619047619047616,True,target_isolation_forest,20260820
1.5kW,1.5kW_coil_current_7p02pct,intercoil,7.02,False,1,0.5775347681896833,0.047619047619047616,True,target_isolation_forest,20260820
1.5kW,1.5kW_coil_current_7p02pct,intercoil,7.02,False,2,0.5878806610904698,0.047619047619047616,True,target_isolation_forest,20260820
1.5kW,1.5kW_coil_current_7p02pct,intercoil,7.02,False,3,0.6027341300259207,0.047619047619047616,True,target_isolation_forest,20260820
1.5kW,1.5kW_coil_current_7p02pct,intercoil,7.02,False,4,0.5788411443825663,0.047619047619047616,True,target_isolation_forest,20260820
1.5kW,1.5kW_coil_current_7p02pct,intercoil,7.02,False,5,0.6017194105569523,0.047619047619047616,True,target_isolation_forest,20260820
1.5kW,1.5kW_coil_current_7p02pct,intercoil,7.02,False,6,0.6009878652858803,0.047619047619047616,True,target_isolation_forest,20260820
1.5kW,1.5kW_coil_current_7p02pct,intercoil,7.02,False,7,0.6110719566594294,0.047619047619047616,True,target_isolation_forest,20260820
1.5kW,1.5kW_coil_current_7p02pct,intercoil,7.02,False,8,0.6130999702410248,0.047619047619047616,True,target_isolation_forest,20260820
1.5kW,1.5kW_coil_current_7p02pct,intercoil,7.02,False,9,0.6203044421719033,0.047619047619047616,True,target_isolation_forest,20260820
1.5kW,1.5kW_coil_current_7p02pct,intercoil,7.02,False,10,0.6101887506955499,0.047619047619047616,True,target_isolation_forest,20260820
1.5kW,1.5kW_coil_current_7p02pct,intercoil,7.02,False,11,0.6232073207770478,0.047619047619047616,True,target_isolation_forest,20260820
1.5kW,1.5kW_coil_current_7p02pct,intercoil,7.02,False,12,0.5925101171153411,0.047619047619047616,True,target_isolation_forest,20260820
1.5kW,1.5kW_coil_current_7p02pct,intercoil,7.02,False,13,0.6210761501180841,0.047619047619047616,True,target_isolation_forest,20260820
1.5kW,1.5kW_coil_current_7p02pct,intercoil,7.02,False,14,0.6089888390565267,0.047619047619047616,True,target_isolation_forest,20260820
1.5kW,1.5kW_coil_current_7p02pct,intercoil,7.02,False,15,0.5889136886459722,0.047619047619047616,True,target_isolation_forest,20260820
1.5kW,1.5kW_coil_current_7p02pct,intercoil,7.02,False,16,0.6055171897861638,0.047619047619047616,True,target_isolation_forest,20260820
1.5kW,1.5kW_coil_current_7p02pct,intercoil,7.02,False,17,0.6043933270818975,0.047619047619047616,True,target_isolation_forest,20260820
1.5kW,1.5kW_coil_current_7p02pct,intercoil,7.02,False,18,0.602561745932088,0.047619047619047616,True,target_isolation_forest,20260820
1.5kW,1.5kW_coil_current_7p02pct,intercoil,7.02,False,19,0.5750144683404247,0.047619047619047616,True,target_isolation_forest,20260820
1.5kW,1.5kW_coil_current_7p02pct,intercoil,7.02,False,20,0.5758163554778534,0.047619047619047616,True,target_isolation_forest,20260820
1.5kW,1.5kW_coil_current_7p02pct,intercoil,7.02,False,21,0.577107262996786,0.047619047619047616,True,target_isolation_forest,20260820
1.5kW,1.5kW_coil_current_7p02pct,intercoil,7.02,False,22,0.5864317481344553,0.047619047619047616,True,target_isolation_forest,20260820
1.5kW,1.5kW_coil_current_7p02pct,intercoil,7.02,False,23,0.5816879187879125,0.047619047619047616,True,target_isolation_forest,20260820
1.5kW,1.5kW_coil_current_7p02pct,intercoil,7.02,False,24,0.5781560904850845,0.047619047619047616,True,target_isolation_forest,20260820
1.5kW,1.5kW_coil_current_7p02pct,intercoil,7.02,False,25,0.5863955082175891,0.047619047619047616,True,target_isolation_forest,20260820
1.5kW,1.5kW_coil_current_7p02pct,intercoil,7.02,False,26,0.5907756975916174,0.047619047619047616,True,target_isolation_forest,20260820
1.5kW,1.5kW_coil_current_7p02pct,intercoil,7.02,False,27,0.5847190280890259,0.047619047619047616,True,target_isolation_forest,20260820
1.5kW,1.5kW_coil_current_7p02pct,intercoil,7.02,False,28,0.5979070328648549,0.047619047619047616,True,target_isolation_forest,20260820
1.5kW,1.5kW_coil_current_7p02pct,intercoil,7.02,False,29,0.5793364857694295,0.047619047619047616,True,target_isolation_forest,20260820
1.5kW,1.5kW_coil_current_7p02pct,intercoil,7.02,False,30,0.5888437179987563,0.047619047619047616,True,target_isolation_forest,20260820
1.5kW,1.5kW_coil_current_7p02pct,intercoil,7.02,False,31,0.6103468684246532,0.047619047619047616,True,target_isolation_forest,20260820
1.5kW,1.5kW_coil_current_7p02pct,intercoil,7.02,False,32,0.5880981074608119,0.047619047619047616,True,target_isolation_forest,20260820
1.5kW,1.5kW_coil_current_7p02pct,intercoil,7.02,False,33,0.5884181298958551,0.047619047619047616,True,target_isolation_forest,20260820
1.5kW,1.5kW_coil_current_7p02pct,intercoil,7.02,False,34,0.6167228283338861,0.047619047619047616,True,target_isolation_forest,20260820
1.5kW,1.5kW_coil_current_7p02pct,intercoil,7.02,False,35,0.5962057362502763,0.047619047619047616,True,target_isolation_forest,20260820
1.5kW,1.5kW_coil_current_7p02pct,intercoil,7.02,False,36,0.609308223930279,0.047619047619047616,True,target_isolation_forest,20260820
1.5kW,1.5kW_coil_current_7p02pct,intercoil,7.02,False,37,0.5820397188271557,0.047619047619047616,True,target_isolation_forest,20260820
1.5kW,1.5kW_coil_current_7p02pct,intercoil,7.02,False,38,0.6236259488751098,0.047619047619047616,True,target_isolation_forest,20260820
1.5kW,1.5kW_coil_current_7p02pct,intercoil,7.02,False,39,0.6192686078671025,0.047619047619047616,True,target_isolation_forest,20260820
1.5kW,1.5kW_coil_current_9p15pct,intercoil,9.15,False,0,0.6246238691579145,0.047619047619047616,True,target_isolation_forest,20260820
1.5kW,1.5kW_coil_current_9p15pct,intercoil,9.15,False,1,0.6347417679177378,0.047619047619047616,True,target_isolation_forest,20260820
1.5kW,1.5kW_coil_current_9p15pct,intercoil,9.15,False,2,0.6438087642163989,0.047619047619047616,True,target_isolation_forest,20260820
1.5kW,1.5kW_coil_current_9p15pct,intercoil,9.15,False,3,0.6302093274463387,0.047619047619047616,True,target_isolation_forest,20260820
1.5kW,1.5kW_coil_current_9p15pct,intercoil,9.15,False,4,0.630682122798784,0.047619047619047616,True,target_isolation_forest,20260820
1.5kW,1.5kW_coil_current_9p15pct,intercoil,9.15,False,5,0.6086044143149498,0.047619047619047616,True,target_isolation_forest,20260820
1.5kW,1.5kW_coil_current_9p15pct,intercoil,9.15,False,6,0.6250882878852514,0.047619047619047616,True,target_isolation_forest,20260820
1.5kW,1.5kW_coil_current_9p15pct,intercoil,9.15,False,7,0.6151413701855584,0.047619047619047616,True,target_isolation_forest,20260820
1.5kW,1.5kW_coil_current_9p15pct,intercoil,9.15,False,8,0.6152467138028163,0.047619047619047616,True,target_isolation_forest,20260820
1.5kW,1.5kW_coil_current_9p15pct,intercoil,9.15,False,9,0.646894167655473,0.047619047619047616,True,target_isolation_forest,20260820
1.5kW,1.5kW_coil_current_9p15pct,intercoil,9.15,False,10,0.6346872135913805,0.047619047619047616,True,target_isolation_forest,20260820
1.5kW,1.5kW_coil_current_9p15pct,intercoil,9.15,False,11,0.6194777004150379,0.047619047619047616,True,target_isolation_forest,20260820
1.5kW,1.5kW_coil_current_9p15pct,intercoil,9.15,False,12,0.63386239903225,0.047619047619047616,True,target_isolation_forest,20260820
1.5kW,1.5kW_coil_current_9p15pct,intercoil,9.15,False,13,0.619957879693341,0.047619047619047616,True,target_isolation_forest,20260820
1.5kW,1.5kW_coil_current_9p15pct,intercoil,9.15,False,14,0.632124307103979,0.047619047619047616,True,target_isolation_forest,20260820
1.5kW,1.5kW_coil_current_9p15pct,intercoil,9.15,False,15,0.6383660603245863,0.047619047619047616,True,target_isolation_forest,20260820
1.5kW,1.5kW_coil_current_9p15pct,intercoil,9.15,False,16,0.6181566570748966,0.047619047619047616,True,target_isolation_forest,20260820
1.5kW,1.5kW_coil_current_9p15pct,intercoil,9.15,False,17,0.609287334753961,0.047619047619047616,True,target_isolation_forest,20260820
1.5kW,1.5kW_coil_current_9p15pct,intercoil,9.15,False,18,0.6319977320034345,0.047619047619047616,True,target_isolation_forest,20260820
1.5kW,1.5kW_coil_current_9p15pct,intercoil,9.15,False,19,0.6392943488340628,0.047619047619047616,True,target_isolation_forest,20260820
1.5kW,1.5kW_coil_current_9p15pct,intercoil,9.15,False,20,0.6216364845716769,0.047619047619047616,True,target_isolation_forest,20260820
1.5kW,1.5kW_coil_current_9p15pct,intercoil,9.15,False,21,0.6409480514609152,0.047619047619047616,True,target_isolation_forest,20260820
1.5kW,1.5kW_coil_current_9p15pct,intercoil,9.15,False,22,0.6225219250390003,0.047619047619047616,True,target_isolation_forest,20260820
1.5kW,1.5kW_coil_current_9p15pct,intercoil,9.15,False,23,0.6415906292787718,0.047619047619047616,True,target_isolation_forest,20260820
1.5kW,1.5kW_coil_current_9p15pct,intercoil,9.15,False,24,0.6214006732463309,0.047619047619047616,True,target_isolation_forest,20260820
1.5kW,1.5kW_coil_current_9p15pct,intercoil,9.15,False,25,0.6350141713669611,0.047619047619047616,True,target_isolation_forest,20260820
1.5kW,1.5kW_coil_current_9p15pct,intercoil,9.15,False,26,0.6223531507413705,0.047619047619047616,True,target_isolation_forest,20260820
1.5kW,1.5kW_coil_current_9p15pct,intercoil,9.15,False,27,0.6174513186471995,0.047619047619047616,True,target_isolation_forest,20260820
1.5kW,1.5kW_coil_current_9p15pct,intercoil,9.15,False,28,0.6420490475794185,0.047619047619047616,True,target_isolation_forest,20260820
1.5kW,1.5kW_coil_current_9p15pct,intercoil,9.15,False,29,0.6359785611117026,0.047619047619047616,True,target_isolation_forest,20260820
1.5kW,1.5kW_coil_current_9p15pct,intercoil,9.15,False,30,0.6254547095539105,0.047619047619047616,True,target_isolation_forest,20260820
1.5kW,1.5kW_coil_current_9p15pct,intercoil,9.15,False,31,0.6163868759436564,0.047619047619047616,True,target_isolation_forest,20260820
1.5kW,1.5kW_coil_current_9p15pct,intercoil,9.15,False,32,0.6228239375819928,0.047619047619047616,True,target_isolation_forest,20260820
1.5kW,1.5kW_coil_current_9p15pct,intercoil,9.15,False,33,0.6351914290247251,0.047619047619047616,True,target_isolation_forest,20260820
1.5kW,1.5kW_coil_current_9p15pct,intercoil,9.15,False,34,0.6334989577631381,0.047619047619047616,True,target_isolation_forest,20260820
1.5kW,1.5kW_coil_current_9p15pct,intercoil,9.15,False,35,0.6196815925298631,0.047619047619047616,True,target_isolation_forest,20260820
1.5kW,1.5kW_coil_current_9p15pct,intercoil,9.15,False,36,0.6225879534453893,0.047619047619047616,True,target_isolation_forest,20260820
1.5kW,1.5kW_coil_current_9p15pct,intercoil,9.15,False,37,0.631627209931499,0.047619047619047616,True,target_isolation_forest,20260820
1.5kW,1.5kW_coil_current_9p15pct,intercoil,9.15,False,38,0.6429254682977312,0.047619047619047616,True,target_isolation_forest,20260820
1.5kW,1.5kW_coil_current_9p15pct,intercoil,9.15,False,39,0.6278399476081653,0.047619047619047616,True,target_isolation_forest,20260820
1.5kW,1.5kW_turn_current_16p08pct,interturn,16.08,False,0,0.6543293840931249,0.047619047619047616,True,target_isolation_forest,20260820
1.5kW,1.5kW_turn_current_16p08pct,interturn,16.08,False,1,0.6403560402747521,0.047619047619047616,True,target_isolation_forest,20260820
1.5kW,1.5kW_turn_current_16p08pct,interturn,16.08,False,2,0.6492515560111646,0.047619047619047616,True,target_isolation_forest,20260820
1.5kW,1.5kW_turn_current_16p08pct,interturn,16.08,False,3,0.650216639495427,0.047619047619047616,True,target_isolation_forest,20260820
1.5kW,1.5kW_turn_current_16p08pct,interturn,16.08,False,4,0.6451354169903357,0.047619047619047616,True,target_isolation_forest,20260820
1.5kW,1.5kW_turn_current_16p08pct,interturn,16.08,False,5,0.6475371716186334,0.047619047619047616,True,target_isolation_forest,20260820
1.5kW,1.5kW_turn_current_16p08pct,interturn,16.08,False,6,0.6438713790838377,0.047619047619047616,True,target_isolation_forest,20260820
1.5kW,1.5kW_turn_current_16p08pct,interturn,16.08,False,7,0.65235880421315,0.047619047619047616,True,target_isolation_forest,20260820
1.5kW,1.5kW_turn_current_16p08pct,interturn,16.08,False,8,0.6395184251965403,0.047619047619047616,True,target_isolation_forest,20260820
1.5kW,1.5kW_turn_current_16p08pct,interturn,16.08,False,9,0.6413471751106029,0.047619047619047616,True,target_isolation_forest,20260820
1.5kW,1.5kW_turn_current_16p08pct,interturn,16.08,False,10,0.6420375965624382,0.047619047619047616,True,target_isolation_forest,20260820
1.5kW,1.5kW_turn_current_16p08pct,interturn,16.08,False,11,0.6442354305521827,0.047619047619047616,True,target_isolation_forest,20260820
1.5kW,1.5kW_turn_current_16p08pct,interturn,16.08,False,12,0.6445562652393237,0.047619047619047616,True,target_isolation_forest,20260820
1.5kW,1.5kW_turn_current_16p08pct,interturn,16.08,False,13,0.6428734909025244,0.047619047619047616,True,target_isolation_forest,20260820
1.5kW,1.5kW_turn_current_16p08pct,interturn,16.08,False,14,0.6403782102554904,0.047619047619047616,True,target_isolation_forest,20260820
1.5kW,1.5kW_turn_current_16p08pct,interturn,16.08,False,15,0.6448097409008068,0.047619047619047616,True,target_isolation_forest,20260820
1.5kW,1.5kW_turn_current_16p08pct,interturn,16.08,False,16,0.6482009661075947,0.047619047619047616,True,target_isolation_forest,20260820
1.5kW,1.5kW_turn_current_16p08pct,interturn,16.08,False,17,0.6477362930780053,0.047619047619047616,True,target_isolation_forest,20260820
1.5kW,1.5kW_turn_current_16p08pct,interturn,16.08,False,18,0.6476163196459944,0.047619047619047616,True,target_isolation_forest,20260820
1.5kW,1.5kW_turn_current_16p08pct,interturn,16.08,False,19,0.6512629787943801,0.047619047619047616,True,target_isolation_forest,20260820
1.5kW,1.5kW_turn_current_16p08pct,interturn,16.08,False,20,0.6504278070706025,0.047619047619047616,True,target_isolation_forest,20260820
1.5kW,1.5kW_turn_current_16p08pct,interturn,16.08,False,21,0.6436362427197949,0.047619047619047616,True,target_isolation_forest,20260820
1.5kW,1.5kW_turn_current_16p08pct,interturn,16.08,False,22,0.6476794826310671,0.047619047619047616,True,target_isolation_forest,20260820
1.5kW,1.5kW_turn_current_16p08pct,interturn,16.08,False,23,0.6467170002291437,0.047619047619047616,True,target_isolation_forest,20260820
1.5kW,1.5kW_turn_current_16p08pct,interturn,16.08,False,24,0.6462821347697422,0.047619047619047616,True,target_isolation_forest,20260820
1.5kW,1.5kW_turn_current_16p08pct,interturn,16.08,False,25,0.6426690625979762,0.047619047619047616,True,target_isolation_forest,20260820
1.5kW,1.5kW_turn_current_16p08pct,interturn,16.08,False,26,0.6351655242266017,0.047619047619047616,True,target_isolation_forest,20260820
1.5kW,1.5kW_turn_current_16p08pct,interturn,16.08,False,27,0.6358407763568769,0.047619047619047616,True,target_isolation_forest,20260820
1.5kW,1.5kW_turn_current_16p08pct,interturn,16.08,False,28,0.626240735361181,0.047619047619047616,True,target_isolation_forest,20260820
1.5kW,1.5kW_turn_current_16p08pct,interturn,16.08,False,29,0.640520426313423,0.047619047619047616,True,target_isolation_forest,20260820
1.5kW,1.5kW_turn_current_16p08pct,interturn,16.08,False,30,0.6400371478324657,0.047619047619047616,True,target_isolation_forest,20260820
1.5kW,1.5kW_turn_current_16p08pct,interturn,16.08,False,31,0.641050503904807,0.047619047619047616,True,target_isolation_forest,20260820
1.5kW,1.5kW_turn_current_16p08pct,interturn,16.08,False,32,0.6393194489440887,0.047619047619047616,True,target_isolation_forest,20260820
1.5kW,1.5kW_turn_current_16p08pct,interturn,16.08,False,33,0.6453778642597547,0.047619047619047616,True,target_isolation_forest,20260820
1.5kW,1.5kW_turn_current_16p08pct,interturn,16.08,False,34,0.6361867234575822,0.047619047619047616,True,target_isolation_forest,20260820
1.5kW,1.5kW_turn_current_16p08pct,interturn,16.08,False,35,0.640134439829172,0.047619047619047616,True,target_isolation_forest,20260820
1.5kW,1.5kW_turn_current_16p08pct,interturn,16.08,False,36,0.6489309057198671,0.047619047619047616,True,target_isolation_forest,20260820
1.5kW,1.5kW_turn_current_16p08pct,interturn,16.08,False,37,0.6408626197577689,0.047619047619047616,True,target_isolation_forest,20260820
1.5kW,1.5kW_turn_current_16p08pct,interturn,16.08,False,38,0.6529508524020234,0.047619047619047616,True,target_isolation_forest,20260820
1.5kW,1.5kW_turn_current_16p08pct,interturn,16.08,False,39,0.6374837331966242,0.047619047619047616,True,target_isolation_forest,20260820
1.5kW,1.5kW_turn_current_1p57pct,interturn,1.57,False,0,0.5983318730140192,0.047619047619047616,True,target_isolation_forest,20260820
1.5kW,1.5kW_turn_current_1p57pct,interturn,1.57,False,1,0.5988015134860775,0.047619047619047616,True,target_isolation_forest,20260820
1.5kW,1.5kW_turn_current_1p57pct,interturn,1.57,False,2,0.6054738402298006,0.047619047619047616,True,target_isolation_forest,20260820
1.5kW,1.5kW_turn_current_1p57pct,interturn,1.57,False,3,0.6041272676490655,0.047619047619047616,True,target_isolation_forest,20260820
1.5kW,1.5kW_turn_current_1p57pct,interturn,1.57,False,4,0.6060823561017522,0.047619047619047616,True,target_isolation_forest,20260820
1.5kW,1.5kW_turn_current_1p57pct,interturn,1.57,False,5,0.6006912814999406,0.047619047619047616,True,target_isolation_forest,20260820
1.5kW,1.5kW_turn_current_1p57pct,interturn,1.57,False,6,0.6022273554109009,0.047619047619047616,True,target_isolation_forest,20260820
1.5kW,1.5kW_turn_current_1p57pct,interturn,1.57,False,7,0.6046395919333354,0.047619047619047616,True,target_isolation_forest,20260820
1.5kW,1.5kW_turn_current_1p57pct,interturn,1.57,False,8,0.6008567867387102,0.047619047619047616,True,target_isolation_forest,20260820
1.5kW,1.5kW_turn_current_1p57pct,interturn,1.57,False,9,0.6054512842356206,0.047619047619047616,True,target_isolation_forest,20260820
1.5kW,1.5kW_turn_current_1p57pct,interturn,1.57,False,10,0.5977203726304676,0.047619047619047616,True,target_isolation_forest,20260820
1.5kW,1.5kW_turn_current_1p57pct,interturn,1.57,False,11,0.6002982943547552,0.047619047619047616,True,target_isolation_forest,20260820
1.5kW,1.5kW_turn_current_1p57pct,interturn,1.57,False,12,0.5976093707971878,0.047619047619047616,True,target_isolation_forest,20260820
1.5kW,1.5kW_turn_current_1p57pct,interturn,1.57,False,13,0.5964404034447385,0.047619047619047616,True,target_isolation_forest,20260820
1.5kW,1.5kW_turn_current_1p57pct,interturn,1.57,False,14,0.6005110890693933,0.047619047619047616,True,target_isolation_forest,20260820
1.5kW,1.5kW_turn_current_1p57pct,interturn,1.57,False,15,0.6028790296985531,0.047619047619047616,True,target_isolation_forest,20260820
1.5kW,1.5kW_turn_current_1p57pct,interturn,1.57,False,16,0.5895472812634176,0.047619047619047616,True,target_isolation_forest,20260820
1.5kW,1.5kW_turn_current_1p57pct,interturn,1.57,False,17,0.6025280252104995,0.047619047619047616,True,target_isolation_forest,20260820
1.5kW,1.5kW_turn_current_1p57pct,interturn,1.57,False,18,0.5941318148201892,0.047619047619047616,True,target_isolation_forest,20260820
1.5kW,1.5kW_turn_current_1p57pct,interturn,1.57,False,19,0.583048592224478,0.047619047619047616,True,target_isolation_forest,20260820
1.5kW,1.5kW_turn_current_1p57pct,interturn,1.57,False,20,0.5960134857831427,0.047619047619047616,True,target_isolation_forest,20260820
1.5kW,1.5kW_turn_current_1p57pct,interturn,1.57,False,21,0.6047653496535734,0.047619047619047616,True,target_isolation_forest,20260820
1.5kW,1.5kW_turn_current_1p57pct,interturn,1.57,False,22,0.5923621346140704,0.047619047619047616,True,target_isolation_forest,20260820
1.5kW,1.5kW_turn_current_1p57pct,interturn,1.57,False,23,0.6082680456131658,0.047619047619047616,True,target_isolation_forest,20260820
1.5kW,1.5kW_turn_current_1p57pct,interturn,1.57,False,24,0.5937629264983013,0.047619047619047616,True,target_isolation_forest,20260820
1.5kW,1.5kW_turn_current_1p57pct,interturn,1.57,False,25,0.5920058265489264,0.047619047619047616,True,target_isolation_forest,20260820
1.5kW,1.5kW_turn_current_1p57pct,interturn,1.57,False,26,0.5904228544645372,0.047619047619047616,True,target_isolation_forest,20260820
1.5kW,1.5kW_turn_current_1p57pct,interturn,1.57,False,27,0.5898211839190033,0.047619047619047616,True,target_isolation_forest,20260820
1.5kW,1.5kW_turn_current_1p57pct,interturn,1.57,False,28,0.591905425165104,0.047619047619047616,True,target_isolation_forest,20260820
1.5kW,1.5kW_turn_current_1p57pct,interturn,1.57,False,29,0.5935659063095022,0.047619047619047616,True,target_isolation_forest,20260820
1.5kW,1.5kW_turn_current_1p57pct,interturn,1.57,False,30,0.5991868182933247,0.047619047619047616,True,target_isolation_forest,20260820
1.5kW,1.5kW_turn_current_1p57pct,interturn,1.57,False,31,0.58837394324344,0.047619047619047616,True,target_isolation_forest,20260820
1.5kW,1.5kW_turn_current_1p57pct,interturn,1.57,False,32,0.5840411963372084,0.047619047619047616,True,target_isolation_forest,20260820
1.5kW,1.5kW_turn_current_1p57pct,interturn,1.57,False,33,0.6003493699029191,0.047619047619047616,True,target_isolation_forest,20260820
1.5kW,1.5kW_turn_current_1p57pct,interturn,1.57,False,34,0.5881243902902965,0.047619047619047616,True,target_isolation_forest,20260820
1.5kW,1.5kW_turn_current_1p57pct,interturn,1.57,False,35,0.5842356880077412,0.047619047619047616,True,target_isolation_forest,20260820
1.5kW,1.5kW_turn_current_1p57pct,interturn,1.57,False,36,0.5846974395796168,0.047619047619047616,True,target_isolation_forest,20260820
1.5kW,1.5kW_turn_current_1p57pct,interturn,1.57,False,37,0.5904227963719968,0.047619047619047616,True,target_isolation_forest,20260820
1.5kW,1.5kW_turn_current_1p57pct,interturn,1.57,False,38,0.5910330145566738,0.047619047619047616,True,target_isolation_forest,20260820
1.5kW,1.5kW_turn_current_1p57pct,interturn,1.57,False,39,0.5934881047030415,0.047619047619047616,True,target_isolation_forest,20260820
1.5kW,1.5kW_turn_current_1p88pct,interturn,1.88,False,0,0.609425997308675,0.047619047619047616,True,target_isolation_forest,20260820
1.5kW,1.5kW_turn_current_1p88pct,interturn,1.88,False,1,0.6129391797742985,0.047619047619047616,True,target_isolation_forest,20260820
1.5kW,1.5kW_turn_current_1p88pct,interturn,1.88,False,2,0.6253956472252539,0.047619047619047616,True,target_isolation_forest,20260820
1.5kW,1.5kW_turn_current_1p88pct,interturn,1.88,False,3,0.6123805362559414,0.047619047619047616,True,target_isolation_forest,20260820
1.5kW,1.5kW_turn_current_1p88pct,interturn,1.88,False,4,0.6028798271180456,0.047619047619047616,True,target_isolation_forest,20260820
1.5kW,1.5kW_turn_current_1p88pct,interturn,1.88,False,5,0.5859455181362074,0.047619047619047616,True,target_isolation_forest,20260820
1.5kW,1.5kW_turn_current_1p88pct,interturn,1.88,False,6,0.5941706436942281,0.047619047619047616,True,target_isolation_forest,20260820
1.5kW,1.5kW_turn_current_1p88pct,interturn,1.88,False,7,0.600265664962513,0.047619047619047616,True,target_isolation_forest,20260820
1.5kW,1.5kW_turn_current_1p88pct,interturn,1.88,False,8,0.5928997512817142,0.047619047619047616,True,target_isolation_forest,20260820
1.5kW,1.5kW_turn_current_1p88pct,interturn,1.88,False,9,0.5772776308455485,0.047619047619047616,True,target_isolation_forest,20260820
1.5kW,1.5kW_turn_current_1p88pct,interturn,1.88,False,10,0.5768483279915411,0.047619047619047616,True,target_isolation_forest,20260820
1.5kW,1.5kW_turn_current_1p88pct,interturn,1.88,False,11,0.5955394277471096,0.047619047619047616,True,target_isolation_forest,20260820
1.5kW,1.5kW_turn_current_1p88pct,interturn,1.88,False,12,0.6005387898160488,0.047619047619047616,True,target_isolation_forest,20260820
1.5kW,1.5kW_turn_current_1p88pct,interturn,1.88,False,13,0.5928704097706076,0.047619047619047616,True,target_isolation_forest,20260820
1.5kW,1.5kW_turn_current_1p88pct,interturn,1.88,False,14,0.597373568593823,0.047619047619047616,True,target_isolation_forest,20260820
1.5kW,1.5kW_turn_current_1p88pct,interturn,1.88,False,15,0.5903712206639513,0.047619047619047616,True,target_isolation_forest,20260820
1.5kW,1.5kW_turn_current_1p88pct,interturn,1.88,False,16,0.5848697607764481,0.047619047619047616,True,target_isolation_forest,20260820
1.5kW,1.5kW_turn_current_1p88pct,interturn,1.88,False,17,0.583994710891399,0.047619047619047616,True,target_isolation_forest,20260820
1.5kW,1.5kW_turn_current_1p88pct,interturn,1.88,False,18,0.5886845799534288,0.047619047619047616,True,target_isolation_forest,20260820
1.5kW,1.5kW_turn_current_1p88pct,interturn,1.88,False,19,0.5876691695423977,0.047619047619047616,True,target_isolation_forest,20260820
1.5kW,1.5kW_turn_current_1p88pct,interturn,1.88,False,20,0.5976338237538493,0.047619047619047616,True,target_isolation_forest,20260820
1.5kW,1.5kW_turn_current_1p88pct,interturn,1.88,False,21,0.5882266576416403,0.047619047619047616,True,target_isolation_forest,20260820
1.5kW,1.5kW_turn_current_1p88pct,interturn,1.88,False,22,0.5705122560827504,0.047619047619047616,True,target_isolation_forest,20260820
1.5kW,1.5kW_turn_current_1p88pct,interturn,1.88,False,23,0.5855688070644046,0.047619047619047616,True,target_isolation_forest,20260820
1.5kW,1.5kW_turn_current_1p88pct,interturn,1.88,False,24,0.5836637542412918,0.047619047619047616,True,target_isolation_forest,20260820
1.5kW,1.5kW_turn_current_1p88pct,interturn,1.88,False,25,0.5883570435103306,0.047619047619047616,True,target_isolation_forest,20260820
1.5kW,1.5kW_turn_current_1p88pct,interturn,1.88,False,26,0.5933386895582972,0.047619047619047616,True,target_isolation_forest,20260820
1.5kW,1.5kW_turn_current_1p88pct,interturn,1.88,False,27,0.5794306611968449,0.047619047619047616,True,target_isolation_forest,20260820
1.5kW,1.5kW_turn_current_1p88pct,interturn,1.88,False,28,0.5884167603969371,0.047619047619047616,True,target_isolation_forest,20260820
1.5kW,1.5kW_turn_current_1p88pct,interturn,1.88,False,29,0.5951195617057089,0.047619047619047616,True,target_isolation_forest,20260820
1.5kW,1.5kW_turn_current_1p88pct,interturn,1.88,False,30,0.596949285615956,0.047619047619047616,True,target_isolation_forest,20260820
1.5kW,1.5kW_turn_current_1p88pct,interturn,1.88,False,31,0.5748677014228807,0.047619047619047616,True,target_isolation_forest,20260820
1.5kW,1.5kW_turn_current_1p88pct,interturn,1.88,False,32,0.5951487275762797,0.047619047619047616,True,target_isolation_forest,20260820
1.5kW,1.5kW_turn_current_1p88pct,interturn,1.88,False,33,0.5820218345600887,0.047619047619047616,True,target_isolation_forest,20260820
1.5kW,1.5kW_turn_current_1p88pct,interturn,1.88,False,34,0.5858547509775186,0.047619047619047616,True,target_isolation_forest,20260820
1.5kW,1.5kW_turn_current_1p88pct,interturn,1.88,False,35,0.5742997101215561,0.047619047619047616,True,target_isolation_forest,20260820
1.5kW,1.5kW_turn_current_1p88pct,interturn,1.88,False,36,0.5929928478825249,0.047619047619047616,True,target_isolation_forest,20260820
1.5kW,1.5kW_turn_current_1p88pct,interturn,1.88,False,37,0.5890637320546395,0.047619047619047616,True,target_isolation_forest,20260820
1.5kW,1.5kW_turn_current_1p88pct,interturn,1.88,False,38,0.5917772684360054,0.047619047619047616,True,target_isolation_forest,20260820
1.5kW,1.5kW_turn_current_1p88pct,interturn,1.88,False,39,0.5966523658442991,0.047619047619047616,True,target_isolation_forest,20260820
1.5kW,1.5kW_turn_current_2p34pct,interturn,2.34,False,0,0.5604313033618173,0.047619047619047616,True,target_isolation_forest,20260820
1.5kW,1.5kW_turn_current_2p34pct,interturn,2.34,False,1,0.5534487022555534,0.14285714285714285,False,target_isolation_forest,20260820
1.5kW,1.5kW_turn_current_2p34pct,interturn,2.34,False,2,0.5535148110379542,0.14285714285714285,False,target_isolation_forest,20260820
1.5kW,1.5kW_turn_current_2p34pct,interturn,2.34,False,3,0.587631581698978,0.047619047619047616,True,target_isolation_forest,20260820
1.5kW,1.5kW_turn_current_2p34pct,interturn,2.34,False,4,0.541482828184735,0.47619047619047616,False,target_isolation_forest,20260820
1.5kW,1.5kW_turn_current_2p34pct,interturn,2.34,False,5,0.5604032161480146,0.047619047619047616,True,target_isolation_forest,20260820
1.5kW,1.5kW_turn_current_2p34pct,interturn,2.34,False,6,0.5422557659471114,0.42857142857142855,False,target_isolation_forest,20260820
1.5kW,1.5kW_turn_current_2p34pct,interturn,2.34,False,7,0.5595484427563961,0.047619047619047616,True,target_isolation_forest,20260820
1.5kW,1.5kW_turn_current_2p34pct,interturn,2.34,False,8,0.5760514193246441,0.047619047619047616,True,target_isolation_forest,20260820
1.5kW,1.5kW_turn_current_2p34pct,interturn,2.34,False,9,0.5657852651705771,0.047619047619047616,True,target_isolation_forest,20260820
1.5kW,1.5kW_turn_current_2p34pct,interturn,2.34,False,10,0.5481877539865231,0.2857142857142857,False,target_isolation_forest,20260820
1.5kW,1.5kW_turn_current_2p34pct,interturn,2.34,False,11,0.5739977088239167,0.047619047619047616,True,target_isolation_forest,20260820
1.5kW,1.5kW_turn_current_2p34pct,interturn,2.34,False,12,0.540681799340751,0.47619047619047616,False,target_isolation_forest,20260820
1.5kW,1.5kW_turn_current_2p34pct,interturn,2.34,False,13,0.5493356842500816,0.2857142857142857,False,target_isolation_forest,20260820
1.5kW,1.5kW_turn_current_2p34pct,interturn,2.34,False,14,0.5589735342169723,0.047619047619047616,True,target_isolation_forest,20260820
1.5kW,1.5kW_turn_current_2p34pct,interturn,2.34,False,15,0.5459686686935947,0.3333333333333333,False,target_isolation_forest,20260820
1.5kW,1.5kW_turn_current_2p34pct,interturn,2.34,False,16,0.5486391444685053,0.2857142857142857,False,target_isolation_forest,20260820
1.5kW,1.5kW_turn_current_2p34pct,interturn,2.34,False,17,0.549037060963502,0.2857142857142857,False,target_isolation_forest,20260820
1.5kW,1.5kW_turn_current_2p34pct,interturn,2.34,False,18,0.5544092831584992,0.14285714285714285,False,target_isolation_forest,20260820
1.5kW,1.5kW_turn_current_2p34pct,interturn,2.34,False,19,0.5510977315428017,0.23809523809523808,False,target_isolation_forest,20260820
1.5kW,1.5kW_turn_current_2p34pct,interturn,2.34,False,20,0.55610921919642,0.14285714285714285,False,target_isolation_forest,20260820
1.5kW,1.5kW_turn_current_2p34pct,interturn,2.34,False,21,0.5457899529770314,0.3333333333333333,False,target_isolation_forest,20260820
1.5kW,1.5kW_turn_current_2p34pct,interturn,2.34,False,22,0.5398772036465249,0.47619047619047616,False,target_isolation_forest,20260820
1.5kW,1.5kW_turn_current_2p34pct,interturn,2.34,False,23,0.5539044391590714,0.14285714285714285,False,target_isolation_forest,20260820
1.5kW,1.5kW_turn_current_2p34pct,interturn,2.34,False,24,0.5216876365053704,0.8095238095238095,False,target_isolation_forest,20260820
1.5kW,1.5kW_turn_current_2p34pct,interturn,2.34,False,25,0.5457071411355984,0.3333333333333333,False,target_isolation_forest,20260820
1.5kW,1.5kW_turn_current_2p34pct,interturn,2.34,False,26,0.5538741376039511,0.14285714285714285,False,target_isolation_forest,20260820
1.5kW,1.5kW_turn_current_2p34pct,interturn,2.34,False,27,0.5648529462671764,0.047619047619047616,True,target_isolation_forest,20260820
1.5kW,1.5kW_turn_current_2p34pct,interturn,2.34,False,28,0.5477031258894108,0.2857142857142857,False,target_isolation_forest,20260820
1.5kW,1.5kW_turn_current_2p34pct,interturn,2.34,False,29,0.5739892644273684,0.047619047619047616,True,target_isolation_forest,20260820
1.5kW,1.5kW_turn_current_2p34pct,interturn,2.34,False,30,0.5771155289978874,0.047619047619047616,True,target_isolation_forest,20260820
1.5kW,1.5kW_turn_current_2p34pct,interturn,2.34,False,31,0.5504916648845807,0.23809523809523808,False,target_isolation_forest,20260820
1.5kW,1.5kW_turn_current_2p34pct,interturn,2.34,False,32,0.5630632640374734,0.047619047619047616,True,target_isolation_forest,20260820
1.5kW,1.5kW_turn_current_2p34pct,interturn,2.34,False,33,0.5518724470277466,0.19047619047619047,False,target_isolation_forest,20260820
1.5kW,1.5kW_turn_current_2p34pct,interturn,2.34,False,34,0.5676674788397382,0.047619047619047616,True,target_isolation_forest,20260820
1.5kW,1.5kW_turn_current_2p34pct,interturn,2.34,False,35,0.5419111815336829,0.42857142857142855,False,target_isolation_forest,20260820
1.5kW,1.5kW_turn_current_2p34pct,interturn,2.34,False,36,0.5503686001804242,0.23809523809523808,False,target_isolation_forest,20260820
1.5kW,1.5kW_turn_current_2p34pct,interturn,2.34,False,37,0.5693536487009482,0.047619047619047616,True,target_isolation_forest,20260820
1.5kW,1.5kW_turn_current_2p34pct,interturn,2.34,False,38,0.5393889050210499,0.5238095238095238,False,target_isolation_forest,20260820
1.5kW,1.5kW_turn_current_2p34pct,interturn,2.34,False,39,0.534690647600758,0.5714285714285714,False,target_isolation_forest,20260820
1.5kW,1.5kW_turn_current_3p1pct,interturn,3.1,False,0,0.5903352613997485,0.047619047619047616,True,target_isolation_forest,20260820
1.5kW,1.5kW_turn_current_3p1pct,interturn,3.1,False,1,0.5796617174051687,0.047619047619047616,True,target_isolation_forest,20260820
1.5kW,1.5kW_turn_current_3p1pct,interturn,3.1,False,2,0.5766672631713202,0.047619047619047616,True,target_isolation_forest,20260820
1.5kW,1.5kW_turn_current_3p1pct,interturn,3.1,False,3,0.5924018371500352,0.047619047619047616,True,target_isolation_forest,20260820
1.5kW,1.5kW_turn_current_3p1pct,interturn,3.1,False,4,0.5904988573657711,0.047619047619047616,True,target_isolation_forest,20260820
1.5kW,1.5kW_turn_current_3p1pct,interturn,3.1,False,5,0.6143769897085568,0.047619047619047616,True,target_isolation_forest,20260820
1.5kW,1.5kW_turn_current_3p1pct,interturn,3.1,False,6,0.5956041634945672,0.047619047619047616,True,target_isolation_forest,20260820
1.5kW,1.5kW_turn_current_3p1pct,interturn,3.1,False,7,0.5891435792538661,0.047619047619047616,True,target_isolation_forest,20260820
1.5kW,1.5kW_turn_current_3p1pct,interturn,3.1,False,8,0.5897716091036113,0.047619047619047616,True,target_isolation_forest,20260820
1.5kW,1.5kW_turn_current_3p1pct,interturn,3.1,False,9,0.5969716220705346,0.047619047619047616,True,target_isolation_forest,20260820
1.5kW,1.5kW_turn_current_3p1pct,interturn,3.1,False,10,0.5925302190151233,0.047619047619047616,True,target_isolation_forest,20260820
1.5kW,1.5kW_turn_current_3p1pct,interturn,3.1,False,11,0.5944818651068011,0.047619047619047616,True,target_isolation_forest,20260820
1.5kW,1.5kW_turn_current_3p1pct,interturn,3.1,False,12,0.6122594511843027,0.047619047619047616,True,target_isolation_forest,20260820
1.5kW,1.5kW_turn_current_3p1pct,interturn,3.1,False,13,0.5923458080243715,0.047619047619047616,True,target_isolation_forest,20260820
1.5kW,1.5kW_turn_current_3p1pct,interturn,3.1,False,14,0.6113535275922087,0.047619047619047616,True,target_isolation_forest,20260820
1.5kW,1.5kW_turn_current_3p1pct,interturn,3.1,False,15,0.6006031753945548,0.047619047619047616,True,target_isolation_forest,20260820
1.5kW,1.5kW_turn_current_3p1pct,interturn,3.1,False,16,0.5955268878702145,0.047619047619047616,True,target_isolation_forest,20260820
1.5kW,1.5kW_turn_current_3p1pct,interturn,3.1,False,17,0.5820974919689573,0.047619047619047616,True,target_isolation_forest,20260820
1.5kW,1.5kW_turn_current_3p1pct,interturn,3.1,False,18,0.5906656911301243,0.047619047619047616,True,target_isolation_forest,20260820
1.5kW,1.5kW_turn_current_3p1pct,interturn,3.1,False,19,0.5918310188334341,0.047619047619047616,True,target_isolation_forest,20260820
1.5kW,1.5kW_turn_current_3p1pct,interturn,3.1,False,20,0.5786952987913948,0.047619047619047616,True,target_isolation_forest,20260820
1.5kW,1.5kW_turn_current_3p1pct,interturn,3.1,False,21,0.5917304256348024,0.047619047619047616,True,target_isolation_forest,20260820
1.5kW,1.5kW_turn_current_3p1pct,interturn,3.1,False,22,0.5918505705527689,0.047619047619047616,True,target_isolation_forest,20260820
1.5kW,1.5kW_turn_current_3p1pct,interturn,3.1,False,23,0.5781539248039667,0.047619047619047616,True,target_isolation_forest,20260820
1.5kW,1.5kW_turn_current_3p1pct,interturn,3.1,False,24,0.5716348443423513,0.047619047619047616,True,target_isolation_forest,20260820
1.5kW,1.5kW_turn_current_3p1pct,interturn,3.1,False,25,0.5803028407335374,0.047619047619047616,True,target_isolation_forest,20260820
1.5kW,1.5kW_turn_current_3p1pct,interturn,3.1,False,26,0.5763987536654154,0.047619047619047616,True,target_isolation_forest,20260820
1.5kW,1.5kW_turn_current_3p1pct,interturn,3.1,False,27,0.5790403305131034,0.047619047619047616,True,target_isolation_forest,20260820
1.5kW,1.5kW_turn_current_3p1pct,interturn,3.1,False,28,0.5822330740981806,0.047619047619047616,True,target_isolation_forest,20260820
1.5kW,1.5kW_turn_current_3p1pct,interturn,3.1,False,29,0.5846691499387955,0.047619047619047616,True,target_isolation_forest,20260820
1.5kW,1.5kW_turn_current_3p1pct,interturn,3.1,False,30,0.5754814923498156,0.047619047619047616,True,target_isolation_forest,20260820
1.5kW,1.5kW_turn_current_3p1pct,interturn,3.1,False,31,0.5867997962257906,0.047619047619047616,True,target_isolation_forest,20260820
1.5kW,1.5kW_turn_current_3p1pct,interturn,3.1,False,32,0.5810352730485179,0.047619047619047616,True,target_isolation_forest,20260820
1.5kW,1.5kW_turn_current_3p1pct,interturn,3.1,False,33,0.5818265193632296,0.047619047619047616,True,target_isolation_forest,20260820
1.5kW,1.5kW_turn_current_3p1pct,interturn,3.1,False,34,0.5824196160080367,0.047619047619047616,True,target_isolation_forest,20260820
1.5kW,1.5kW_turn_current_3p1pct,interturn,3.1,False,35,0.5718615791873595,0.047619047619047616,True,target_isolation_forest,20260820
1.5kW,1.5kW_turn_current_3p1pct,interturn,3.1,False,36,0.5834762808553318,0.047619047619047616,True,target_isolation_forest,20260820
1.5kW,1.5kW_turn_current_3p1pct,interturn,3.1,False,37,0.5803027704464176,0.047619047619047616,True,target_isolation_forest,20260820
1.5kW,1.5kW_turn_current_3p1pct,interturn,3.1,False,38,0.5746647243713855,0.047619047619047616,True,target_isolation_forest,20260820
1.5kW,1.5kW_turn_current_3p1pct,interturn,3.1,False,39,0.5768610571533094,0.047619047619047616,True,target_isolation_forest,20260820
1.5kW,1.5kW_turn_current_4p57pct,interturn,4.57,False,0,0.5921929601767986,0.047619047619047616,True,target_isolation_forest,20260820
1.5kW,1.5kW_turn_current_4p57pct,interturn,4.57,False,1,0.5894348965455629,0.047619047619047616,True,target_isolation_forest,20260820
1.5kW,1.5kW_turn_current_4p57pct,interturn,4.57,False,2,0.5870678578949519,0.047619047619047616,True,target_isolation_forest,20260820
1.5kW,1.5kW_turn_current_4p57pct,interturn,4.57,False,3,0.5823004835938683,0.047619047619047616,True,target_isolation_forest,20260820
1.5kW,1.5kW_turn_current_4p57pct,interturn,4.57,False,4,0.6002600621897886,0.047619047619047616,True,target_isolation_forest,20260820
1.5kW,1.5kW_turn_current_4p57pct,interturn,4.57,False,5,0.5892093257646535,0.047619047619047616,True,target_isolation_forest,20260820
1.5kW,1.5kW_turn_current_4p57pct,interturn,4.57,False,6,0.610419999678919,0.047619047619047616,True,target_isolation_forest,20260820
1.5kW,1.5kW_turn_current_4p57pct,interturn,4.57,False,7,0.5902111002924051,0.047619047619047616,True,target_isolation_forest,20260820
1.5kW,1.5kW_turn_current_4p57pct,interturn,4.57,False,8,0.5892230214988909,0.047619047619047616,True,target_isolation_forest,20260820
1.5kW,1.5kW_turn_current_4p57pct,interturn,4.57,False,9,0.5872124488136318,0.047619047619047616,True,target_isolation_forest,20260820
1.5kW,1.5kW_turn_current_4p57pct,interturn,4.57,False,10,0.6047330160703449,0.047619047619047616,True,target_isolation_forest,20260820
1.5kW,1.5kW_turn_current_4p57pct,interturn,4.57,False,11,0.5871497136076861,0.047619047619047616,True,target_isolation_forest,20260820
1.5kW,1.5kW_turn_current_4p57pct,interturn,4.57,False,12,0.5692003649346685,0.047619047619047616,True,target_isolation_forest,20260820
1.5kW,1.5kW_turn_current_4p57pct,interturn,4.57,False,13,0.5771295262582345,0.047619047619047616,True,target_isolation_forest,20260820
1.5kW,1.5kW_turn_current_4p57pct,interturn,4.57,False,14,0.6144934473147704,0.047619047619047616,True,target_isolation_forest,20260820
1.5kW,1.5kW_turn_current_4p57pct,interturn,4.57,False,15,0.6213360145229309,0.047619047619047616,True,target_isolation_forest,20260820
1.5kW,1.5kW_turn_current_4p57pct,interturn,4.57,False,16,0.5949637101423263,0.047619047619047616,True,target_isolation_forest,20260820
1.5kW,1.5kW_turn_current_4p57pct,interturn,4.57,False,17,0.5918718925303126,0.047619047619047616,True,target_isolation_forest,20260820
1.5kW,1.5kW_turn_current_4p57pct,interturn,4.57,False,18,0.5887072285541629,0.047619047619047616,True,target_isolation_forest,20260820
1.5kW,1.5kW_turn_current_4p57pct,interturn,4.57,False,19,0.5962176372180987,0.047619047619047616,True,target_isolation_forest,20260820
1.5kW,1.5kW_turn_current_4p57pct,interturn,4.57,False,20,0.602176734624876,0.047619047619047616,True,target_isolation_forest,20260820
1.5kW,1.5kW_turn_current_4p57pct,interturn,4.57,False,21,0.5856561467504088,0.047619047619047616,True,target_isolation_forest,20260820
1.5kW,1.5kW_turn_current_4p57pct,interturn,4.57,False,22,0.6006577571564047,0.047619047619047616,True,target_isolation_forest,20260820
1.5kW,1.5kW_turn_current_4p57pct,interturn,4.57,False,23,0.5934173940917827,0.047619047619047616,True,target_isolation_forest,20260820
1.5kW,1.5kW_turn_current_4p57pct,interturn,4.57,False,24,0.5847463259579532,0.047619047619047616,True,target_isolation_forest,20260820
1.5kW,1.5kW_turn_current_4p57pct,interturn,4.57,False,25,0.5975288958838156,0.047619047619047616,True,target_isolation_forest,20260820
1.5kW,1.5kW_turn_current_4p57pct,interturn,4.57,False,26,0.585959088937794,0.047619047619047616,True,target_isolation_forest,20260820
1.5kW,1.5kW_turn_current_4p57pct,interturn,4.57,False,27,0.5867355334896823,0.047619047619047616,True,target_isolation_forest,20260820
1.5kW,1.5kW_turn_current_4p57pct,interturn,4.57,False,28,0.5912604438734473,0.047619047619047616,True,target_isolation_forest,20260820
1.5kW,1.5kW_turn_current_4p57pct,interturn,4.57,False,29,0.5696047721818192,0.047619047619047616,True,target_isolation_forest,20260820
1.5kW,1.5kW_turn_current_4p57pct,interturn,4.57,False,30,0.5777990326858665,0.047619047619047616,True,target_isolation_forest,20260820
1.5kW,1.5kW_turn_current_4p57pct,interturn,4.57,False,31,0.5868533603373952,0.047619047619047616,True,target_isolation_forest,20260820
1.5kW,1.5kW_turn_current_4p57pct,interturn,4.57,False,32,0.5922671145267139,0.047619047619047616,True,target_isolation_forest,20260820
1.5kW,1.5kW_turn_current_4p57pct,interturn,4.57,False,33,0.6147392085141535,0.047619047619047616,True,target_isolation_forest,20260820
1.5kW,1.5kW_turn_current_4p57pct,interturn,4.57,False,34,0.5930439801290452,0.047619047619047616,True,target_isolation_forest,20260820
1.5kW,1.5kW_turn_current_4p57pct,interturn,4.57,False,35,0.5668685861835292,0.047619047619047616,True,target_isolation_forest,20260820
1.5kW,1.5kW_turn_current_4p57pct,interturn,4.57,False,36,0.5905580271875093,0.047619047619047616,True,target_isolation_forest,20260820
1.5kW,1.5kW_turn_current_4p57pct,interturn,4.57,False,37,0.5822061591059264,0.047619047619047616,True,target_isolation_forest,20260820
1.5kW,1.5kW_turn_current_4p57pct,interturn,4.57,False,38,0.5999754306124855,0.047619047619047616,True,target_isolation_forest,20260820
1.5kW,1.5kW_turn_current_4p57pct,interturn,4.57,False,39,0.5836881826500347,0.047619047619047616,True,target_isolation_forest,20260820
1.5kW,1.5kW_turn_current_8p74pct,interturn,8.74,False,0,0.6106435082110546,0.047619047619047616,True,target_isolation_forest,20260820
1.5kW,1.5kW_turn_current_8p74pct,interturn,8.74,False,1,0.6174111602100599,0.047619047619047616,True,target_isolation_forest,20260820
1.5kW,1.5kW_turn_current_8p74pct,interturn,8.74,False,2,0.6046336361368103,0.047619047619047616,True,target_isolation_forest,20260820
1.5kW,1.5kW_turn_current_8p74pct,interturn,8.74,False,3,0.6098976733461045,0.047619047619047616,True,target_isolation_forest,20260820
1.5kW,1.5kW_turn_current_8p74pct,interturn,8.74,False,4,0.6020056565951367,0.047619047619047616,True,target_isolation_forest,20260820
1.5kW,1.5kW_turn_current_8p74pct,interturn,8.74,False,5,0.6045043604194726,0.047619047619047616,True,target_isolation_forest,20260820
1.5kW,1.5kW_turn_current_8p74pct,interturn,8.74,False,6,0.6002240395888244,0.047619047619047616,True,target_isolation_forest,20260820
1.5kW,1.5kW_turn_current_8p74pct,interturn,8.74,False,7,0.6050775415568483,0.047619047619047616,True,target_isolation_forest,20260820
1.5kW,1.5kW_turn_current_8p74pct,interturn,8.74,False,8,0.6182904844574258,0.047619047619047616,True,target_isolation_forest,20260820
1.5kW,1.5kW_turn_current_8p74pct,interturn,8.74,False,9,0.6098315415088703,0.047619047619047616,True,target_isolation_forest,20260820
1.5kW,1.5kW_turn_current_8p74pct,interturn,8.74,False,10,0.6093637867789862,0.047619047619047616,True,target_isolation_forest,20260820
1.5kW,1.5kW_turn_current_8p74pct,interturn,8.74,False,11,0.61248152809715,0.047619047619047616,True,target_isolation_forest,20260820
1.5kW,1.5kW_turn_current_8p74pct,interturn,8.74,False,12,0.6131493902392384,0.047619047619047616,True,target_isolation_forest,20260820
1.5kW,1.5kW_turn_current_8p74pct,interturn,8.74,False,13,0.6038954950627345,0.047619047619047616,True,target_isolation_forest,20260820
1.5kW,1.5kW_turn_current_8p74pct,interturn,8.74,False,14,0.6219776246554194,0.047619047619047616,True,target_isolation_forest,20260820
1.5kW,1.5kW_turn_current_8p74pct,interturn,8.74,False,15,0.6059828405943346,0.047619047619047616,True,target_isolation_forest,20260820
1.5kW,1.5kW_turn_current_8p74pct,interturn,8.74,False,16,0.6149729398477177,0.047619047619047616,True,target_isolation_forest,20260820
1.5kW,1.5kW_turn_current_8p74pct,interturn,8.74,False,17,0.6123180398522092,0.047619047619047616,True,target_isolation_forest,20260820
1.5kW,1.5kW_turn_current_8p74pct,interturn,8.74,False,18,0.60999249398733,0.047619047619047616,True,target_isolation_forest,20260820
1.5kW,1.5kW_turn_current_8p74pct,interturn,8.74,False,19,0.6037586612800567,0.047619047619047616,True,target_isolation_forest,20260820
1.5kW,1.5kW_turn_current_8p74pct,interturn,8.74,False,20,0.6173527403256683,0.047619047619047616,True,target_isolation_forest,20260820
1.5kW,1.5kW_turn_current_8p74pct,interturn,8.74,False,21,0.6112818678389064,0.047619047619047616,True,target_isolation_forest,20260820
1.5kW,1.5kW_turn_current_8p74pct,interturn,8.74,False,22,0.608443212153702,0.047619047619047616,True,target_isolation_forest,20260820
1.5kW,1.5kW_turn_current_8p74pct,interturn,8.74,False,23,0.6014523962691045,0.047619047619047616,True,target_isolation_forest,20260820
1.5kW,1.5kW_turn_current_8p74pct,interturn,8.74,False,24,0.5994053557502022,0.047619047619047616,True,target_isolation_forest,20260820
1.5kW,1.5kW_turn_current_8p74pct,interturn,8.74,False,25,0.607814924879154,0.047619047619047616,True,target_isolation_forest,20260820
1.5kW,1.5kW_turn_current_8p74pct,interturn,8.74,False,26,0.611969931782684,0.047619047619047616,True,target_isolation_forest,20260820
1.5kW,1.5kW_turn_current_8p74pct,interturn,8.74,False,27,0.6217556624899754,0.047619047619047616,True,target_isolation_forest,20260820
1.5kW,1.5kW_turn_current_8p74pct,interturn,8.74,False,28,0.6075735306804213,0.047619047619047616,True,target_isolation_forest,20260820
1.5kW,1.5kW_turn_current_8p74pct,interturn,8.74,False,29,0.6144912165129811,0.047619047619047616,True,target_isolation_forest,20260820
1.5kW,1.5kW_turn_current_8p74pct,interturn,8.74,False,30,0.6129117858422418,0.047619047619047616,True,target_isolation_forest,20260820
1.5kW,1.5kW_turn_current_8p74pct,interturn,8.74,False,31,0.6031140791146166,0.047619047619047616,True,target_isolation_forest,20260820
1.5kW,1.5kW_turn_current_8p74pct,interturn,8.74,False,32,0.6178889128380612,0.047619047619047616,True,target_isolation_forest,20260820
1.5kW,1.5kW_turn_current_8p74pct,interturn,8.74,False,33,0.6174115657238581,0.047619047619047616,True,target_isolation_forest,20260820
1.5kW,1.5kW_turn_current_8p74pct,interturn,8.74,False,34,0.6144330820392641,0.047619047619047616,True,target_isolation_forest,20260820
1.5kW,1.5kW_turn_current_8p74pct,interturn,8.74,False,35,0.6225527689908796,0.047619047619047616,True,target_isolation_forest,20260820
1.5kW,1.5kW_turn_current_8p74pct,interturn,8.74,False,36,0.6151393955941241,0.047619047619047616,True,target_isolation_forest,20260820
1.5kW,1.5kW_turn_current_8p74pct,interturn,8.74,False,37,0.6117540260974383,0.047619047619047616,True,target_isolation_forest,20260820
1.5kW,1.5kW_turn_current_8p74pct,interturn,8.74,False,38,0.6117006569904282,0.047619047619047616,True,target_isolation_forest,20260820
1.5kW,1.5kW_turn_current_8p74pct,interturn,8.74,False,39,0.611918398523509,0.047619047619047616,True,target_isolation_forest,20260820
