record_id,load_nm,fault_turns,fault_phase,blocks,alarms,block_alarm_rate,mean_score,max_score
external_dual_three_phase_flt1zu_load_0nm,0.0,1,u,8,1,0.125,0.6207513542611155,0.8432838735401488
external_dual_three_phase_flt1zu_load_10nm,10.0,1,u,8,1,0.125,0.543222313614812,0.832050399416098
external_dual_three_phase_flt1zu_load_15nm,15.0,1,u,8,1,0.125,0.5366191981082457,0.828070861017887
external_dual_three_phase_flt1zu_load_20nm,20.0,1,u,8,1,0.125,0.5387110069808474,0.8260881150138949
external_dual_three_phase_flt1zu_load_25nm,25.0,1,u,8,1,0.125,0.5400913701091012,0.8251660033450579
external_dual_three_phase_flt1zu_load_30nm,30.0,1,u,8,1,0.125,0.541223135762125,0.8246810171361999
external_dual_three_phase_flt1zu_load_35nm,35.0,1,u,8,1,0.125,0.5433770643400675,0.8240714383903724
external_dual_three_phase_flt1zu_load_5nm,5.0,1,u,8,1,0.125,0.5845956178337137,0.8427419637786837
external_dual_three_phase_flt2zv_load_0nm,0.0,2,v,8,1,0.125,0.7192540452138277,0.8252852349349883
external_dual_three_phase_flt2zv_load_10nm,10.0,2,v,8,0,0.0,0.6489509639893876,0.8158652997578514
external_dual_three_phase_flt2zv_load_15nm,15.0,2,v,8,1,0.125,0.6205809304427533,0.8175126312854084
external_dual_three_phase_flt2zv_load_20nm,20.0,2,v,8,1,0.125,0.6025958897105684,0.8187426946524431
external_dual_three_phase_flt2zv_load_25nm,25.0,2,v,8,1,0.125,0.5891258526993877,0.8194902588614049
external_dual_three_phase_flt2zv_load_30nm,30.0,2,v,8,1,0.125,0.5789000032556003,0.8168074118563213
external_dual_three_phase_flt2zv_load_35nm,35.0,2,v,8,1,0.125,0.5686619110147823,0.8173731886435248
external_dual_three_phase_flt2zv_load_5nm,5.0,2,v,8,0,0.0,0.6737022212001464,0.8117649677392362
external_dual_three_phase_flt3zu_load_0nm,0.0,3,u,8,1,0.125,0.7112176324623537,0.8489172943310056
external_dual_three_phase_flt3zu_load_10nm,10.0,3,u,8,1,0.125,0.6745348006221802,0.8161294695665511
external_dual_three_phase_flt3zu_load_15nm,15.0,3,u,8,1,0.125,0.6524943173854112,0.8170098329411508
external_dual_three_phase_flt3zu_load_20nm,20.0,3,u,8,1,0.125,0.6396373570864616,0.818336025648664
external_dual_three_phase_flt3zu_load_25nm,25.0,3,u,8,1,0.125,0.619733126251723,0.8190269209001833
external_dual_three_phase_flt3zu_load_30nm,30.0,3,u,8,1,0.125,0.6087809188914586,0.8193688987330867
external_dual_three_phase_flt3zu_load_35nm,35.0,3,u,8,1,0.125,0.5954484684151354,0.8196964055504201
external_dual_three_phase_flt3zu_load_5nm,5.0,3,u,8,0,0.0,0.698594668075047,0.8141579592860229
external_dual_three_phase_flt4zv_load_0nm,0.0,4,v,8,2,0.25,0.7384738856484454,0.8632576068894071
external_dual_three_phase_flt4zv_load_10nm,10.0,4,v,8,0,0.0,0.6851453468529803,0.8113767581094198
external_dual_three_phase_flt4zv_load_15nm,15.0,4,v,8,1,0.125,0.670306753263769,0.8172689739505907
external_dual_three_phase_flt4zv_load_20nm,20.0,4,v,8,1,0.125,0.6573555468767018,0.818721726331149
external_dual_three_phase_flt4zv_load_25nm,25.0,4,v,8,1,0.125,0.6454950719157085,0.8192052984621534
external_dual_three_phase_flt4zv_load_30nm,30.0,4,v,8,1,0.125,0.6333052254053718,0.8199581584862999
external_dual_three_phase_flt4zv_load_35nm,35.0,4,v,8,1,0.125,0.6245596542092898,0.8171318764443016
external_dual_three_phase_flt4zv_load_5nm,5.0,4,v,8,0,0.0,0.711999649904953,0.8070637180707765
external_dual_three_phase_flt5zu_load_0nm,0.0,5,u,8,3,0.375,0.7697622665405426,0.8632576073640703
external_dual_three_phase_flt5zu_load_10nm,10.0,5,u,8,1,0.125,0.7003457334677441,0.848000585748683
external_dual_three_phase_flt5zu_load_15nm,15.0,5,u,8,1,0.125,0.6736361930702756,0.8471692719568905
external_dual_three_phase_flt5zu_load_20nm,20.0,5,u,8,1,0.125,0.6592512587628017,0.8457400938652083
external_dual_three_phase_flt5zu_load_25nm,25.0,5,u,8,1,0.125,0.642587454887961,0.8439134790232106
external_dual_three_phase_flt5zu_load_30nm,30.0,5,u,8,1,0.125,0.6298441390870536,0.843014517519431
external_dual_three_phase_flt5zu_load_35nm,35.0,5,u,8,1,0.125,0.6214510794566626,0.8377757749188797
external_dual_three_phase_flt5zu_load_5nm,5.0,5,u,8,1,0.125,0.721243807400047,0.8508311925619543
external_dual_three_phase_flt6zu_load_0nm,0.0,6,u,8,3,0.375,0.7735491941864124,0.8632576073640703
external_dual_three_phase_flt6zu_load_10nm,10.0,6,u,8,1,0.125,0.6998370395629613,0.8468646227484667
external_dual_three_phase_flt6zu_load_15nm,15.0,6,u,8,1,0.125,0.6835910598603266,0.8470142460741563
external_dual_three_phase_flt6zu_load_20nm,20.0,6,u,8,1,0.125,0.6646977050773143,0.845240401057221
external_dual_three_phase_flt6zu_load_25nm,25.0,6,u,8,1,0.125,0.6476213852606946,0.8438375195397807
external_dual_three_phase_flt6zu_load_30nm,30.0,6,u,8,1,0.125,0.6414848693796023,0.8415504135051081
external_dual_three_phase_flt6zu_load_35nm,35.0,6,u,8,1,0.125,0.6251460167549918,0.8380938059247267
external_dual_three_phase_flt6zu_load_5nm,5.0,6,u,8,1,0.125,0.7291931630601503,0.850365065667223
