motor_id,record_id,fault_family,severity_percent,is_healthy,block_id,score,evaluation_role,p_value,alarm
1.5kW,1.5kW_coil_current_0pct,intercoil,0.0,True,0,43.99861795727897,adaptation,1.0,False
1.5kW,1.5kW_coil_current_0pct,intercoil,0.0,True,1,50.14868723011284,adaptation,1.0,False
1.5kW,1.5kW_coil_current_0pct,intercoil,0.0,True,2,44.36588750858397,adaptation,1.0,False
1.5kW,1.5kW_coil_current_0pct,intercoil,0.0,True,3,61.02567368025588,adaptation,0.9523809523809523,False
1.5kW,1.5kW_coil_current_0pct,intercoil,0.0,True,4,53.21246681551395,guard,1.0,False
1.5kW,1.5kW_coil_current_0pct,intercoil,0.0,True,5,62.76487316631226,calibration,0.9523809523809523,False
1.5kW,1.5kW_coil_current_0pct,intercoil,0.0,True,6,56.99350774085297,calibration,1.0,False
1.5kW,1.5kW_coil_current_0pct,intercoil,0.0,True,7,64.2617942224091,calibration,0.9047619047619048,False
1.5kW,1.5kW_coil_current_0pct,intercoil,0.0,True,8,68.24422070104265,calibration,0.8571428571428571,False
1.5kW,1.5kW_coil_current_0pct,intercoil,0.0,True,9,104.7646183321317,calibration,0.3333333333333333,False
1.5kW,1.5kW_coil_current_0pct,intercoil,0.0,True,10,68.54806007301488,calibration,0.8095238095238095,False
1.5kW,1.5kW_coil_current_0pct,intercoil,0.0,True,11,74.19462585017142,calibration,0.7619047619047619,False
1.5kW,1.5kW_coil_current_0pct,intercoil,0.0,True,12,74.41470416048294,calibration,0.7142857142857143,False
1.5kW,1.5kW_coil_current_0pct,intercoil,0.0,True,13,94.87101586613525,calibration,0.38095238095238093,False
1.5kW,1.5kW_coil_current_0pct,intercoil,0.0,True,14,94.0862007627176,calibration,0.42857142857142855,False
1.5kW,1.5kW_coil_current_0pct,intercoil,0.0,True,15,93.99335941053131,calibration,0.47619047619047616,False
1.5kW,1.5kW_coil_current_0pct,intercoil,0.0,True,16,114.0798657004422,calibration,0.2857142857142857,False
1.5kW,1.5kW_coil_current_0pct,intercoil,0.0,True,17,140.2389140440206,calibration,0.23809523809523808,False
1.5kW,1.5kW_coil_current_0pct,intercoil,0.0,True,18,143.71008539577167,calibration,0.14285714285714285,False
1.5kW,1.5kW_coil_current_0pct,intercoil,0.0,True,19,93.22405245673738,calibration,0.5238095238095238,False
1.5kW,1.5kW_coil_current_0pct,intercoil,0.0,True,20,143.9021016584209,calibration,0.09523809523809523,False
1.5kW,1.5kW_coil_current_0pct,intercoil,0.0,True,21,140.61246789149828,calibration,0.19047619047619047,False
1.5kW,1.5kW_coil_current_0pct,intercoil,0.0,True,22,89.52150867164042,calibration,0.5714285714285714,False
1.5kW,1.5kW_coil_current_0pct,intercoil,0.0,True,23,82.43350504372374,calibration,0.6190476190476191,False
1.5kW,1.5kW_coil_current_0pct,intercoil,0.0,True,24,81.38776780797701,calibration,0.6666666666666666,False
1.5kW,1.5kW_coil_current_0pct,intercoil,0.0,True,25,59.643809047065346,guard,0.9523809523809523,False
1.5kW,1.5kW_coil_current_0pct,intercoil,0.0,True,26,59.64950488989384,healthy_test,0.9523809523809523,False
1.5kW,1.5kW_coil_current_0pct,intercoil,0.0,True,27,63.23834547956355,healthy_test,0.9047619047619048,False
1.5kW,1.5kW_coil_current_0pct,intercoil,0.0,True,28,59.93829036457408,healthy_test,0.9523809523809523,False
1.5kW,1.5kW_coil_current_0pct,intercoil,0.0,True,29,63.83847760661962,healthy_test,0.9047619047619048,False
1.5kW,1.5kW_coil_current_0pct,intercoil,0.0,True,30,57.65469505974659,healthy_test,0.9523809523809523,False
1.5kW,1.5kW_coil_current_0pct,intercoil,0.0,True,31,66.81454015215633,healthy_test,0.8571428571428571,False
1.5kW,1.5kW_coil_current_0pct,intercoil,0.0,True,32,62.06439250625552,healthy_test,0.9523809523809523,False
1.5kW,1.5kW_coil_current_0pct,intercoil,0.0,True,33,55.16497682532522,healthy_test,1.0,False
1.5kW,1.5kW_coil_current_0pct,intercoil,0.0,True,34,54.586986792642726,healthy_test,1.0,False
1.5kW,1.5kW_coil_current_0pct,intercoil,0.0,True,35,63.619538917055586,healthy_test,0.9047619047619048,False
1.5kW,1.5kW_coil_current_0pct,intercoil,0.0,True,36,58.70276881946162,healthy_test,0.9523809523809523,False
1.5kW,1.5kW_coil_current_0pct,intercoil,0.0,True,37,60.157848725007376,healthy_test,0.9523809523809523,False
1.5kW,1.5kW_coil_current_0pct,intercoil,0.0,True,38,68.69558286189644,healthy_test,0.7619047619047619,False
1.5kW,1.5kW_coil_current_0pct,intercoil,0.0,True,39,73.9627715259639,healthy_test,0.7619047619047619,False
1.5kW,1.5kW_coil_current_13p12pct,intercoil,13.12,False,0,210.16347024228594,fault_test,0.047619047619047616,True
1.5kW,1.5kW_coil_current_13p12pct,intercoil,13.12,False,1,222.40368659785062,fault_test,0.047619047619047616,True
1.5kW,1.5kW_coil_current_13p12pct,intercoil,13.12,False,2,204.53934450478465,fault_test,0.047619047619047616,True
1.5kW,1.5kW_coil_current_13p12pct,intercoil,13.12,False,3,209.55947248496497,fault_test,0.047619047619047616,True
1.5kW,1.5kW_coil_current_13p12pct,intercoil,13.12,False,4,191.4407379598403,fault_test,0.047619047619047616,True
1.5kW,1.5kW_coil_current_13p12pct,intercoil,13.12,False,5,194.5611694504939,fault_test,0.047619047619047616,True
1.5kW,1.5kW_coil_current_13p12pct,intercoil,13.12,False,6,196.6767882929512,fault_test,0.047619047619047616,True
1.5kW,1.5kW_coil_current_13p12pct,intercoil,13.12,False,7,166.57276759945103,fault_test,0.047619047619047616,True
1.5kW,1.5kW_coil_current_13p12pct,intercoil,13.12,False,8,227.86429640590703,fault_test,0.047619047619047616,True
1.5kW,1.5kW_coil_current_13p12pct,intercoil,13.12,False,9,197.5676623064337,fault_test,0.047619047619047616,True
1.5kW,1.5kW_coil_current_13p12pct,intercoil,13.12,False,10,226.92465390085468,fault_test,0.047619047619047616,True
1.5kW,1.5kW_coil_current_13p12pct,intercoil,13.12,False,11,165.72894011975686,fault_test,0.047619047619047616,True
1.5kW,1.5kW_coil_current_13p12pct,intercoil,13.12,False,12,163.59764638438622,fault_test,0.047619047619047616,True
1.5kW,1.5kW_coil_current_13p12pct,intercoil,13.12,False,13,129.4409470490945,fault_test,0.23809523809523808,False
1.5kW,1.5kW_coil_current_13p12pct,intercoil,13.12,False,14,102.16753043592783,fault_test,0.3333333333333333,False
1.5kW,1.5kW_coil_current_13p12pct,intercoil,13.12,False,15,86.79115863102523,fault_test,0.5714285714285714,False
1.5kW,1.5kW_coil_current_13p12pct,intercoil,13.12,False,16,109.08135214879175,fault_test,0.2857142857142857,False
1.5kW,1.5kW_coil_current_13p12pct,intercoil,13.12,False,17,102.43883357856971,fault_test,0.3333333333333333,False
1.5kW,1.5kW_coil_current_13p12pct,intercoil,13.12,False,18,109.09398122678547,fault_test,0.2857142857142857,False
1.5kW,1.5kW_coil_current_13p12pct,intercoil,13.12,False,19,94.6696286923951,fault_test,0.38095238095238093,False
1.5kW,1.5kW_coil_current_13p12pct,intercoil,13.12,False,20,117.86809680584184,fault_test,0.23809523809523808,False
1.5kW,1.5kW_coil_current_13p12pct,intercoil,13.12,False,21,129.8488274233188,fault_test,0.23809523809523808,False
1.5kW,1.5kW_coil_current_13p12pct,intercoil,13.12,False,22,96.04432043994741,fault_test,0.3333333333333333,False
1.5kW,1.5kW_coil_current_13p12pct,intercoil,13.12,False,23,119.46755664307929,fault_test,0.23809523809523808,False
1.5kW,1.5kW_coil_current_13p12pct,intercoil,13.12,False,24,130.58454372938635,fault_test,0.23809523809523808,False
1.5kW,1.5kW_coil_current_13p12pct,intercoil,13.12,False,25,154.9062879566679,fault_test,0.047619047619047616,True
1.5kW,1.5kW_coil_current_13p12pct,intercoil,13.12,False,26,129.10531372674754,fault_test,0.23809523809523808,False
1.5kW,1.5kW_coil_current_13p12pct,intercoil,13.12,False,27,138.27917492126858,fault_test,0.23809523809523808,False
1.5kW,1.5kW_coil_current_13p12pct,intercoil,13.12,False,28,212.50989670707366,fault_test,0.047619047619047616,True
1.5kW,1.5kW_coil_current_13p12pct,intercoil,13.12,False,29,168.3142597546471,fault_test,0.047619047619047616,True
1.5kW,1.5kW_coil_current_13p12pct,intercoil,13.12,False,30,171.36966446627832,fault_test,0.047619047619047616,True
1.5kW,1.5kW_coil_current_13p12pct,intercoil,13.12,False,31,165.91627112165597,fault_test,0.047619047619047616,True
1.5kW,1.5kW_coil_current_13p12pct,intercoil,13.12,False,32,177.28316433956914,fault_test,0.047619047619047616,True
1.5kW,1.5kW_coil_current_13p12pct,intercoil,13.12,False,33,205.01418528407243,fault_test,0.047619047619047616,True
1.5kW,1.5kW_coil_current_13p12pct,intercoil,13.12,False,34,170.62660351644033,fault_test,0.047619047619047616,True
1.5kW,1.5kW_coil_current_13p12pct,intercoil,13.12,False,35,191.39170832954713,fault_test,0.047619047619047616,True
1.5kW,1.5kW_coil_current_13p12pct,intercoil,13.12,False,36,233.78545267221267,fault_test,0.047619047619047616,True
1.5kW,1.5kW_coil_current_13p12pct,intercoil,13.12,False,37,189.17369294570574,fault_test,0.047619047619047616,True
1.5kW,1.5kW_coil_current_13p12pct,intercoil,13.12,False,38,226.33438463604455,fault_test,0.047619047619047616,True
1.5kW,1.5kW_coil_current_13p12pct,intercoil,13.12,False,39,213.72345432083355,fault_test,0.047619047619047616,True
1.5kW,1.5kW_coil_current_23p2pct,intercoil,23.2,False,0,625.327168938957,fault_test,0.047619047619047616,True
1.5kW,1.5kW_coil_current_23p2pct,intercoil,23.2,False,1,642.2628057557183,fault_test,0.047619047619047616,True
1.5kW,1.5kW_coil_current_23p2pct,intercoil,23.2,False,2,664.0412499490799,fault_test,0.047619047619047616,True
1.5kW,1.5kW_coil_current_23p2pct,intercoil,23.2,False,3,649.8092214747833,fault_test,0.047619047619047616,True
1.5kW,1.5kW_coil_current_23p2pct,intercoil,23.2,False,4,657.0670067677765,fault_test,0.047619047619047616,True
1.5kW,1.5kW_coil_current_23p2pct,intercoil,23.2,False,5,674.5458207856428,fault_test,0.047619047619047616,True
1.5kW,1.5kW_coil_current_23p2pct,intercoil,23.2,False,6,693.4640856918636,fault_test,0.047619047619047616,True
1.5kW,1.5kW_coil_current_23p2pct,intercoil,23.2,False,7,687.9014221768243,fault_test,0.047619047619047616,True
1.5kW,1.5kW_coil_current_23p2pct,intercoil,23.2,False,8,714.1379096955304,fault_test,0.047619047619047616,True
1.5kW,1.5kW_coil_current_23p2pct,intercoil,23.2,False,9,633.8583035795948,fault_test,0.047619047619047616,True
1.5kW,1.5kW_coil_current_23p2pct,intercoil,23.2,False,10,749.3976167250904,fault_test,0.047619047619047616,True
1.5kW,1.5kW_coil_current_23p2pct,intercoil,23.2,False,11,723.4429593050035,fault_test,0.047619047619047616,True
1.5kW,1.5kW_coil_current_23p2pct,intercoil,23.2,False,12,697.6879439393886,fault_test,0.047619047619047616,True
1.5kW,1.5kW_coil_current_23p2pct,intercoil,23.2,False,13,688.4041354855077,fault_test,0.047619047619047616,True
1.5kW,1.5kW_coil_current_23p2pct,intercoil,23.2,False,14,701.7311814445414,fault_test,0.047619047619047616,True
1.5kW,1.5kW_coil_current_23p2pct,intercoil,23.2,False,15,687.210119088984,fault_test,0.047619047619047616,True
1.5kW,1.5kW_coil_current_23p2pct,intercoil,23.2,False,16,687.8632583906934,fault_test,0.047619047619047616,True
1.5kW,1.5kW_coil_current_23p2pct,intercoil,23.2,False,17,663.8018526391121,fault_test,0.047619047619047616,True
1.5kW,1.5kW_coil_current_23p2pct,intercoil,23.2,False,18,669.9007826278088,fault_test,0.047619047619047616,True
1.5kW,1.5kW_coil_current_23p2pct,intercoil,23.2,False,19,755.7227842062589,fault_test,0.047619047619047616,True
1.5kW,1.5kW_coil_current_23p2pct,intercoil,23.2,False,20,637.3124373210543,fault_test,0.047619047619047616,True
1.5kW,1.5kW_coil_current_23p2pct,intercoil,23.2,False,21,727.9186870550941,fault_test,0.047619047619047616,True
1.5kW,1.5kW_coil_current_23p2pct,intercoil,23.2,False,22,711.0930256793005,fault_test,0.047619047619047616,True
1.5kW,1.5kW_coil_current_23p2pct,intercoil,23.2,False,23,731.4878722908647,fault_test,0.047619047619047616,True
1.5kW,1.5kW_coil_current_23p2pct,intercoil,23.2,False,24,689.8502786223867,fault_test,0.047619047619047616,True
1.5kW,1.5kW_coil_current_23p2pct,intercoil,23.2,False,25,763.5445051111323,fault_test,0.047619047619047616,True
1.5kW,1.5kW_coil_current_23p2pct,intercoil,23.2,False,26,677.868771833133,fault_test,0.047619047619047616,True
1.5kW,1.5kW_coil_current_23p2pct,intercoil,23.2,False,27,772.6269182418635,fault_test,0.047619047619047616,True
1.5kW,1.5kW_coil_current_23p2pct,intercoil,23.2,False,28,712.7176632341672,fault_test,0.047619047619047616,True
1.5kW,1.5kW_coil_current_23p2pct,intercoil,23.2,False,29,659.3032808979852,fault_test,0.047619047619047616,True
1.5kW,1.5kW_coil_current_23p2pct,intercoil,23.2,False,30,712.5084237625229,fault_test,0.047619047619047616,True
1.5kW,1.5kW_coil_current_23p2pct,intercoil,23.2,False,31,710.6688218981093,fault_test,0.047619047619047616,True
1.5kW,1.5kW_coil_current_23p2pct,intercoil,23.2,False,32,694.8360686732926,fault_test,0.047619047619047616,True
1.5kW,1.5kW_coil_current_23p2pct,intercoil,23.2,False,33,725.4389829123876,fault_test,0.047619047619047616,True
1.5kW,1.5kW_coil_current_23p2pct,intercoil,23.2,False,34,670.6729769355134,fault_test,0.047619047619047616,True
1.5kW,1.5kW_coil_current_23p2pct,intercoil,23.2,False,35,692.5069728393534,fault_test,0.047619047619047616,True
1.5kW,1.5kW_coil_current_23p2pct,intercoil,23.2,False,36,692.3585530193743,fault_test,0.047619047619047616,True
1.5kW,1.5kW_coil_current_23p2pct,intercoil,23.2,False,37,705.6154233825853,fault_test,0.047619047619047616,True
1.5kW,1.5kW_coil_current_23p2pct,intercoil,23.2,False,38,693.0150164972895,fault_test,0.047619047619047616,True
1.5kW,1.5kW_coil_current_23p2pct,intercoil,23.2,False,39,690.225033154861,fault_test,0.047619047619047616,True
1.5kW,1.5kW_coil_current_37p66pct,intercoil,37.66,False,0,245.9619827555328,fault_test,0.047619047619047616,True
1.5kW,1.5kW_coil_current_37p66pct,intercoil,37.66,False,1,249.0774479308172,fault_test,0.047619047619047616,True
1.5kW,1.5kW_coil_current_37p66pct,intercoil,37.66,False,2,232.01703444110626,fault_test,0.047619047619047616,True
1.5kW,1.5kW_coil_current_37p66pct,intercoil,37.66,False,3,237.97370694368232,fault_test,0.047619047619047616,True
1.5kW,1.5kW_coil_current_37p66pct,intercoil,37.66,False,4,238.52885855331778,fault_test,0.047619047619047616,True
1.5kW,1.5kW_coil_current_37p66pct,intercoil,37.66,False,5,220.37398818183965,fault_test,0.047619047619047616,True
1.5kW,1.5kW_coil_current_37p66pct,intercoil,37.66,False,6,209.71921039668078,fault_test,0.047619047619047616,True
1.5kW,1.5kW_coil_current_37p66pct,intercoil,37.66,False,7,234.08329187286958,fault_test,0.047619047619047616,True
1.5kW,1.5kW_coil_current_37p66pct,intercoil,37.66,False,8,224.83666832267872,fault_test,0.047619047619047616,True
1.5kW,1.5kW_coil_current_37p66pct,intercoil,37.66,False,9,227.87076313495683,fault_test,0.047619047619047616,True
1.5kW,1.5kW_coil_current_37p66pct,intercoil,37.66,False,10,203.00947000168776,fault_test,0.047619047619047616,True
1.5kW,1.5kW_coil_current_37p66pct,intercoil,37.66,False,11,230.10308915985564,fault_test,0.047619047619047616,True
1.5kW,1.5kW_coil_current_37p66pct,intercoil,37.66,False,12,214.55519960414665,fault_test,0.047619047619047616,True
1.5kW,1.5kW_coil_current_37p66pct,intercoil,37.66,False,13,191.85413577245802,fault_test,0.047619047619047616,True
1.5kW,1.5kW_coil_current_37p66pct,intercoil,37.66,False,14,270.48025855436555,fault_test,0.047619047619047616,True
1.5kW,1.5kW_coil_current_37p66pct,intercoil,37.66,False,15,179.16198190529425,fault_test,0.047619047619047616,True
1.5kW,1.5kW_coil_current_37p66pct,intercoil,37.66,False,16,182.4650366299966,fault_test,0.047619047619047616,True
1.5kW,1.5kW_coil_current_37p66pct,intercoil,37.66,False,17,216.66233716628147,fault_test,0.047619047619047616,True
1.5kW,1.5kW_coil_current_37p66pct,intercoil,37.66,False,18,217.86183663982567,fault_test,0.047619047619047616,True
1.5kW,1.5kW_coil_current_37p66pct,intercoil,37.66,False,19,171.5692105362811,fault_test,0.047619047619047616,True
1.5kW,1.5kW_coil_current_37p66pct,intercoil,37.66,False,20,215.48763952117062,fault_test,0.047619047619047616,True
1.5kW,1.5kW_coil_current_37p66pct,intercoil,37.66,False,21,202.87619336645704,fault_test,0.047619047619047616,True
1.5kW,1.5kW_coil_current_37p66pct,intercoil,37.66,False,22,220.3863457948216,fault_test,0.047619047619047616,True
1.5kW,1.5kW_coil_current_37p66pct,intercoil,37.66,False,23,287.8662180156958,fault_test,0.047619047619047616,True
1.5kW,1.5kW_coil_current_37p66pct,intercoil,37.66,False,24,246.4570506365927,fault_test,0.047619047619047616,True
1.5kW,1.5kW_coil_current_37p66pct,intercoil,37.66,False,25,206.82342321460138,fault_test,0.047619047619047616,True
1.5kW,1.5kW_coil_current_37p66pct,intercoil,37.66,False,26,198.2448984867871,fault_test,0.047619047619047616,True
1.5kW,1.5kW_coil_current_37p66pct,intercoil,37.66,False,27,220.22583640896846,fault_test,0.047619047619047616,True
1.5kW,1.5kW_coil_current_37p66pct,intercoil,37.66,False,28,186.10469877930691,fault_test,0.047619047619047616,True
1.5kW,1.5kW_coil_current_37p66pct,intercoil,37.66,False,29,241.27680346278274,fault_test,0.047619047619047616,True
1.5kW,1.5kW_coil_current_37p66pct,intercoil,37.66,False,30,204.37043153252745,fault_test,0.047619047619047616,True
1.5kW,1.5kW_coil_current_37p66pct,intercoil,37.66,False,31,167.7682272671061,fault_test,0.047619047619047616,True
1.5kW,1.5kW_coil_current_37p66pct,intercoil,37.66,False,32,192.36282261429608,fault_test,0.047619047619047616,True
1.5kW,1.5kW_coil_current_37p66pct,intercoil,37.66,False,33,174.99446484049133,fault_test,0.047619047619047616,True
1.5kW,1.5kW_coil_current_37p66pct,intercoil,37.66,False,34,175.42586666775227,fault_test,0.047619047619047616,True
1.5kW,1.5kW_coil_current_37p66pct,intercoil,37.66,False,35,158.48848124989394,fault_test,0.047619047619047616,True
1.5kW,1.5kW_coil_current_37p66pct,intercoil,37.66,False,36,120.32360283637897,fault_test,0.23809523809523808,False
1.5kW,1.5kW_coil_current_37p66pct,intercoil,37.66,False,37,122.02786813328237,fault_test,0.23809523809523808,False
1.5kW,1.5kW_coil_current_37p66pct,intercoil,37.66,False,38,161.99222932978705,fault_test,0.047619047619047616,True
1.5kW,1.5kW_coil_current_37p66pct,intercoil,37.66,False,39,132.30723434085775,fault_test,0.23809523809523808,False
1.5kW,1.5kW_coil_current_4p79pct,intercoil,4.79,False,0,710.2424471422179,fault_test,0.047619047619047616,True
1.5kW,1.5kW_coil_current_4p79pct,intercoil,4.79,False,1,718.7985379934903,fault_test,0.047619047619047616,True
1.5kW,1.5kW_coil_current_4p79pct,intercoil,4.79,False,2,773.7985574973964,fault_test,0.047619047619047616,True
1.5kW,1.5kW_coil_current_4p79pct,intercoil,4.79,False,3,744.8476275549083,fault_test,0.047619047619047616,True
1.5kW,1.5kW_coil_current_4p79pct,intercoil,4.79,False,4,724.653694061361,fault_test,0.047619047619047616,True
1.5kW,1.5kW_coil_current_4p79pct,intercoil,4.79,False,5,689.8938515603962,fault_test,0.047619047619047616,True
1.5kW,1.5kW_coil_current_4p79pct,intercoil,4.79,False,6,769.6183102147602,fault_test,0.047619047619047616,True
1.5kW,1.5kW_coil_current_4p79pct,intercoil,4.79,False,7,807.1458599757752,fault_test,0.047619047619047616,True
1.5kW,1.5kW_coil_current_4p79pct,intercoil,4.79,False,8,875.850963708176,fault_test,0.047619047619047616,True
1.5kW,1.5kW_coil_current_4p79pct,intercoil,4.79,False,9,835.6196151426313,fault_test,0.047619047619047616,True
1.5kW,1.5kW_coil_current_4p79pct,intercoil,4.79,False,10,822.8715781212878,fault_test,0.047619047619047616,True
1.5kW,1.5kW_coil_current_4p79pct,intercoil,4.79,False,11,782.9518403476452,fault_test,0.047619047619047616,True
1.5kW,1.5kW_coil_current_4p79pct,intercoil,4.79,False,12,758.0444989570543,fault_test,0.047619047619047616,True
1.5kW,1.5kW_coil_current_4p79pct,intercoil,4.79,False,13,747.2916252652542,fault_test,0.047619047619047616,True
1.5kW,1.5kW_coil_current_4p79pct,intercoil,4.79,False,14,696.5384479989807,fault_test,0.047619047619047616,True
1.5kW,1.5kW_coil_current_4p79pct,intercoil,4.79,False,15,776.7476167204962,fault_test,0.047619047619047616,True
1.5kW,1.5kW_coil_current_4p79pct,intercoil,4.79,False,16,792.2112788160551,fault_test,0.047619047619047616,True
1.5kW,1.5kW_coil_current_4p79pct,intercoil,4.79,False,17,769.9611353365495,fault_test,0.047619047619047616,True
1.5kW,1.5kW_coil_current_4p79pct,intercoil,4.79,False,18,737.1538358354449,fault_test,0.047619047619047616,True
1.5kW,1.5kW_coil_current_4p79pct,intercoil,4.79,False,19,727.2273645641066,fault_test,0.047619047619047616,True
1.5kW,1.5kW_coil_current_4p79pct,intercoil,4.79,False,20,765.921465317494,fault_test,0.047619047619047616,True
1.5kW,1.5kW_coil_current_4p79pct,intercoil,4.79,False,21,729.1126752766753,fault_test,0.047619047619047616,True
1.5kW,1.5kW_coil_current_4p79pct,intercoil,4.79,False,22,723.9050345435779,fault_test,0.047619047619047616,True
1.5kW,1.5kW_coil_current_4p79pct,intercoil,4.79,False,23,718.7210522560545,fault_test,0.047619047619047616,True
1.5kW,1.5kW_coil_current_4p79pct,intercoil,4.79,False,24,724.3761111144614,fault_test,0.047619047619047616,True
1.5kW,1.5kW_coil_current_4p79pct,intercoil,4.79,False,25,762.5708164618624,fault_test,0.047619047619047616,True
1.5kW,1.5kW_coil_current_4p79pct,intercoil,4.79,False,26,707.589007707423,fault_test,0.047619047619047616,True
1.5kW,1.5kW_coil_current_4p79pct,intercoil,4.79,False,27,743.1633779544516,fault_test,0.047619047619047616,True
1.5kW,1.5kW_coil_current_4p79pct,intercoil,4.79,False,28,746.0224894359823,fault_test,0.047619047619047616,True
1.5kW,1.5kW_coil_current_4p79pct,intercoil,4.79,False,29,764.4935438936914,fault_test,0.047619047619047616,True
1.5kW,1.5kW_coil_current_4p79pct,intercoil,4.79,False,30,698.1963292651877,fault_test,0.047619047619047616,True
1.5kW,1.5kW_coil_current_4p79pct,intercoil,4.79,False,31,700.3366289523273,fault_test,0.047619047619047616,True
1.5kW,1.5kW_coil_current_4p79pct,intercoil,4.79,False,32,743.9933387023713,fault_test,0.047619047619047616,True
1.5kW,1.5kW_coil_current_4p79pct,intercoil,4.79,False,33,741.6046956069196,fault_test,0.047619047619047616,True
1.5kW,1.5kW_coil_current_4p79pct,intercoil,4.79,False,34,712.1598030720261,fault_test,0.047619047619047616,True
1.5kW,1.5kW_coil_current_4p79pct,intercoil,4.79,False,35,820.7089049572636,fault_test,0.047619047619047616,True
1.5kW,1.5kW_coil_current_4p79pct,intercoil,4.79,False,36,712.7245795384933,fault_test,0.047619047619047616,True
1.5kW,1.5kW_coil_current_4p79pct,intercoil,4.79,False,37,782.8012852486441,fault_test,0.047619047619047616,True
1.5kW,1.5kW_coil_current_4p79pct,intercoil,4.79,False,38,728.2763364990078,fault_test,0.047619047619047616,True
1.5kW,1.5kW_coil_current_4p79pct,intercoil,4.79,False,39,709.4106338775817,fault_test,0.047619047619047616,True
1.5kW,1.5kW_coil_current_5p7pct,intercoil,5.7,False,0,757.6352949912464,fault_test,0.047619047619047616,True
1.5kW,1.5kW_coil_current_5p7pct,intercoil,5.7,False,1,750.261356756874,fault_test,0.047619047619047616,True
1.5kW,1.5kW_coil_current_5p7pct,intercoil,5.7,False,2,843.1193866102478,fault_test,0.047619047619047616,True
1.5kW,1.5kW_coil_current_5p7pct,intercoil,5.7,False,3,765.4031593497772,fault_test,0.047619047619047616,True
1.5kW,1.5kW_coil_current_5p7pct,intercoil,5.7,False,4,789.1713730726503,fault_test,0.047619047619047616,True
1.5kW,1.5kW_coil_current_5p7pct,intercoil,5.7,False,5,779.1528459654487,fault_test,0.047619047619047616,True
1.5kW,1.5kW_coil_current_5p7pct,intercoil,5.7,False,6,851.0241728726064,fault_test,0.047619047619047616,True
1.5kW,1.5kW_coil_current_5p7pct,intercoil,5.7,False,7,809.395410177546,fault_test,0.047619047619047616,True
1.5kW,1.5kW_coil_current_5p7pct,intercoil,5.7,False,8,812.6093659796022,fault_test,0.047619047619047616,True
1.5kW,1.5kW_coil_current_5p7pct,intercoil,5.7,False,9,775.5113701366129,fault_test,0.047619047619047616,True
1.5kW,1.5kW_coil_current_5p7pct,intercoil,5.7,False,10,791.1448181621299,fault_test,0.047619047619047616,True
1.5kW,1.5kW_coil_current_5p7pct,intercoil,5.7,False,11,782.6695746252378,fault_test,0.047619047619047616,True
1.5kW,1.5kW_coil_current_5p7pct,intercoil,5.7,False,12,763.5375140370368,fault_test,0.047619047619047616,True
1.5kW,1.5kW_coil_current_5p7pct,intercoil,5.7,False,13,779.8062204152001,fault_test,0.047619047619047616,True
1.5kW,1.5kW_coil_current_5p7pct,intercoil,5.7,False,14,826.6462856039421,fault_test,0.047619047619047616,True
1.5kW,1.5kW_coil_current_5p7pct,intercoil,5.7,False,15,830.9547004974158,fault_test,0.047619047619047616,True
1.5kW,1.5kW_coil_current_5p7pct,intercoil,5.7,False,16,798.965707367727,fault_test,0.047619047619047616,True
1.5kW,1.5kW_coil_current_5p7pct,intercoil,5.7,False,17,749.3057957556631,fault_test,0.047619047619047616,True
1.5kW,1.5kW_coil_current_5p7pct,intercoil,5.7,False,18,725.3849661009046,fault_test,0.047619047619047616,True
1.5kW,1.5kW_coil_current_5p7pct,intercoil,5.7,False,19,747.2801669023241,fault_test,0.047619047619047616,True
1.5kW,1.5kW_coil_current_5p7pct,intercoil,5.7,False,20,753.1283400592079,fault_test,0.047619047619047616,True
1.5kW,1.5kW_coil_current_5p7pct,intercoil,5.7,False,21,787.132835596452,fault_test,0.047619047619047616,True
1.5kW,1.5kW_coil_current_5p7pct,intercoil,5.7,False,22,811.3009446144958,fault_test,0.047619047619047616,True
1.5kW,1.5kW_coil_current_5p7pct,intercoil,5.7,False,23,738.1578290591378,fault_test,0.047619047619047616,True
1.5kW,1.5kW_coil_current_5p7pct,intercoil,5.7,False,24,796.2819133468014,fault_test,0.047619047619047616,True
1.5kW,1.5kW_coil_current_5p7pct,intercoil,5.7,False,25,813.3334127430402,fault_test,0.047619047619047616,True
1.5kW,1.5kW_coil_current_5p7pct,intercoil,5.7,False,26,801.748168568781,fault_test,0.047619047619047616,True
1.5kW,1.5kW_coil_current_5p7pct,intercoil,5.7,False,27,790.1510584051488,fault_test,0.047619047619047616,True
1.5kW,1.5kW_coil_current_5p7pct,intercoil,5.7,False,28,769.1809301246685,fault_test,0.047619047619047616,True
1.5kW,1.5kW_coil_current_5p7pct,intercoil,5.7,False,29,771.1595199770079,fault_test,0.047619047619047616,True
1.5kW,1.5kW_coil_current_5p7pct,intercoil,5.7,False,30,856.6043744646216,fault_test,0.047619047619047616,True
1.5kW,1.5kW_coil_current_5p7pct,intercoil,5.7,False,31,750.2350639480107,fault_test,0.047619047619047616,True
1.5kW,1.5kW_coil_current_5p7pct,intercoil,5.7,False,32,829.3953908135766,fault_test,0.047619047619047616,True
1.5kW,1.5kW_coil_current_5p7pct,intercoil,5.7,False,33,773.2082984168147,fault_test,0.047619047619047616,True
1.5kW,1.5kW_coil_current_5p7pct,intercoil,5.7,False,34,784.940450392985,fault_test,0.047619047619047616,True
1.5kW,1.5kW_coil_current_5p7pct,intercoil,5.7,False,35,790.6095287790322,fault_test,0.047619047619047616,True
1.5kW,1.5kW_coil_current_5p7pct,intercoil,5.7,False,36,832.5643618776287,fault_test,0.047619047619047616,True
1.5kW,1.5kW_coil_current_5p7pct,intercoil,5.7,False,37,753.8788984827078,fault_test,0.047619047619047616,True
1.5kW,1.5kW_coil_current_5p7pct,intercoil,5.7,False,38,827.5519606699506,fault_test,0.047619047619047616,True
1.5kW,1.5kW_coil_current_5p7pct,intercoil,5.7,False,39,796.1804525381144,fault_test,0.047619047619047616,True
1.5kW,1.5kW_coil_current_7p02pct,intercoil,7.02,False,0,130.91445203554005,fault_test,0.23809523809523808,False
1.5kW,1.5kW_coil_current_7p02pct,intercoil,7.02,False,1,136.0737766099203,fault_test,0.23809523809523808,False
1.5kW,1.5kW_coil_current_7p02pct,intercoil,7.02,False,2,153.6292514455956,fault_test,0.047619047619047616,True
1.5kW,1.5kW_coil_current_7p02pct,intercoil,7.02,False,3,166.61338172563944,fault_test,0.047619047619047616,True
1.5kW,1.5kW_coil_current_7p02pct,intercoil,7.02,False,4,173.08214168858933,fault_test,0.047619047619047616,True
1.5kW,1.5kW_coil_current_7p02pct,intercoil,7.02,False,5,157.85132276395905,fault_test,0.047619047619047616,True
1.5kW,1.5kW_coil_current_7p02pct,intercoil,7.02,False,6,199.47971919642117,fault_test,0.047619047619047616,True
1.5kW,1.5kW_coil_current_7p02pct,intercoil,7.02,False,7,197.16820066616725,fault_test,0.047619047619047616,True
1.5kW,1.5kW_coil_current_7p02pct,intercoil,7.02,False,8,219.57643642766345,fault_test,0.047619047619047616,True
1.5kW,1.5kW_coil_current_7p02pct,intercoil,7.02,False,9,176.66551832818965,fault_test,0.047619047619047616,True
1.5kW,1.5kW_coil_current_7p02pct,intercoil,7.02,False,10,210.1782413106244,fault_test,0.047619047619047616,True
1.5kW,1.5kW_coil_current_7p02pct,intercoil,7.02,False,11,210.57207801486535,fault_test,0.047619047619047616,True
1.5kW,1.5kW_coil_current_7p02pct,intercoil,7.02,False,12,212.0974806607683,fault_test,0.047619047619047616,True
1.5kW,1.5kW_coil_current_7p02pct,intercoil,7.02,False,13,185.59077060877956,fault_test,0.047619047619047616,True
1.5kW,1.5kW_coil_current_7p02pct,intercoil,7.02,False,14,186.63706330197704,fault_test,0.047619047619047616,True
1.5kW,1.5kW_coil_current_7p02pct,intercoil,7.02,False,15,182.15130871539753,fault_test,0.047619047619047616,True
1.5kW,1.5kW_coil_current_7p02pct,intercoil,7.02,False,16,184.47622333969304,fault_test,0.047619047619047616,True
1.5kW,1.5kW_coil_current_7p02pct,intercoil,7.02,False,17,229.4671771341955,fault_test,0.047619047619047616,True
1.5kW,1.5kW_coil_current_7p02pct,intercoil,7.02,False,18,185.02823308357853,fault_test,0.047619047619047616,True
1.5kW,1.5kW_coil_current_7p02pct,intercoil,7.02,False,19,138.07945201617403,fault_test,0.23809523809523808,False
1.5kW,1.5kW_coil_current_7p02pct,intercoil,7.02,False,20,115.861174275484,fault_test,0.23809523809523808,False
1.5kW,1.5kW_coil_current_7p02pct,intercoil,7.02,False,21,117.31961824959492,fault_test,0.23809523809523808,False
1.5kW,1.5kW_coil_current_7p02pct,intercoil,7.02,False,22,133.56487643769157,fault_test,0.23809523809523808,False
1.5kW,1.5kW_coil_current_7p02pct,intercoil,7.02,False,23,125.30140219160889,fault_test,0.23809523809523808,False
1.5kW,1.5kW_coil_current_7p02pct,intercoil,7.02,False,24,119.46658899181499,fault_test,0.23809523809523808,False
1.5kW,1.5kW_coil_current_7p02pct,intercoil,7.02,False,25,127.40394503924051,fault_test,0.23809523809523808,False
1.5kW,1.5kW_coil_current_7p02pct,intercoil,7.02,False,26,125.75422150350376,fault_test,0.23809523809523808,False
1.5kW,1.5kW_coil_current_7p02pct,intercoil,7.02,False,27,144.31077338228553,fault_test,0.047619047619047616,True
1.5kW,1.5kW_coil_current_7p02pct,intercoil,7.02,False,28,159.5350984611849,fault_test,0.047619047619047616,True
1.5kW,1.5kW_coil_current_7p02pct,intercoil,7.02,False,29,145.9135055491089,fault_test,0.047619047619047616,True
1.5kW,1.5kW_coil_current_7p02pct,intercoil,7.02,False,30,159.95408682779293,fault_test,0.047619047619047616,True
1.5kW,1.5kW_coil_current_7p02pct,intercoil,7.02,False,31,166.09175749938757,fault_test,0.047619047619047616,True
1.5kW,1.5kW_coil_current_7p02pct,intercoil,7.02,False,32,135.8444165395182,fault_test,0.23809523809523808,False
1.5kW,1.5kW_coil_current_7p02pct,intercoil,7.02,False,33,124.92953545307498,fault_test,0.23809523809523808,False
1.5kW,1.5kW_coil_current_7p02pct,intercoil,7.02,False,34,180.23665098363563,fault_test,0.047619047619047616,True
1.5kW,1.5kW_coil_current_7p02pct,intercoil,7.02,False,35,167.24862760193514,fault_test,0.047619047619047616,True
1.5kW,1.5kW_coil_current_7p02pct,intercoil,7.02,False,36,237.64104008633745,fault_test,0.047619047619047616,True
1.5kW,1.5kW_coil_current_7p02pct,intercoil,7.02,False,37,205.01533086374766,fault_test,0.047619047619047616,True
1.5kW,1.5kW_coil_current_7p02pct,intercoil,7.02,False,38,191.9619790029979,fault_test,0.047619047619047616,True
1.5kW,1.5kW_coil_current_7p02pct,intercoil,7.02,False,39,175.56879399090312,fault_test,0.047619047619047616,True
1.5kW,1.5kW_coil_current_9p15pct,intercoil,9.15,False,0,678.2640978359898,fault_test,0.047619047619047616,True
1.5kW,1.5kW_coil_current_9p15pct,intercoil,9.15,False,1,703.8185850314377,fault_test,0.047619047619047616,True
1.5kW,1.5kW_coil_current_9p15pct,intercoil,9.15,False,2,719.7041727994676,fault_test,0.047619047619047616,True
1.5kW,1.5kW_coil_current_9p15pct,intercoil,9.15,False,3,685.912081762044,fault_test,0.047619047619047616,True
1.5kW,1.5kW_coil_current_9p15pct,intercoil,9.15,False,4,693.217847540781,fault_test,0.047619047619047616,True
1.5kW,1.5kW_coil_current_9p15pct,intercoil,9.15,False,5,690.9979487103109,fault_test,0.047619047619047616,True
1.5kW,1.5kW_coil_current_9p15pct,intercoil,9.15,False,6,698.4939402355933,fault_test,0.047619047619047616,True
1.5kW,1.5kW_coil_current_9p15pct,intercoil,9.15,False,7,722.4122363841601,fault_test,0.047619047619047616,True
1.5kW,1.5kW_coil_current_9p15pct,intercoil,9.15,False,8,716.2482732164951,fault_test,0.047619047619047616,True
1.5kW,1.5kW_coil_current_9p15pct,intercoil,9.15,False,9,699.7037413236493,fault_test,0.047619047619047616,True
1.5kW,1.5kW_coil_current_9p15pct,intercoil,9.15,False,10,772.1075774478841,fault_test,0.047619047619047616,True
1.5kW,1.5kW_coil_current_9p15pct,intercoil,9.15,False,11,710.6200472519488,fault_test,0.047619047619047616,True
1.5kW,1.5kW_coil_current_9p15pct,intercoil,9.15,False,12,707.3587814275368,fault_test,0.047619047619047616,True
1.5kW,1.5kW_coil_current_9p15pct,intercoil,9.15,False,13,707.9530998814286,fault_test,0.047619047619047616,True
1.5kW,1.5kW_coil_current_9p15pct,intercoil,9.15,False,14,709.4309866872592,fault_test,0.047619047619047616,True
1.5kW,1.5kW_coil_current_9p15pct,intercoil,9.15,False,15,696.1105865455066,fault_test,0.047619047619047616,True
1.5kW,1.5kW_coil_current_9p15pct,intercoil,9.15,False,16,693.908600445495,fault_test,0.047619047619047616,True
1.5kW,1.5kW_coil_current_9p15pct,intercoil,9.15,False,17,714.1608855907256,fault_test,0.047619047619047616,True
1.5kW,1.5kW_coil_current_9p15pct,intercoil,9.15,False,18,688.6673666931688,fault_test,0.047619047619047616,True
1.5kW,1.5kW_coil_current_9p15pct,intercoil,9.15,False,19,676.6073039541246,fault_test,0.047619047619047616,True
1.5kW,1.5kW_coil_current_9p15pct,intercoil,9.15,False,20,655.909312047817,fault_test,0.047619047619047616,True
1.5kW,1.5kW_coil_current_9p15pct,intercoil,9.15,False,21,717.8633016444951,fault_test,0.047619047619047616,True
1.5kW,1.5kW_coil_current_9p15pct,intercoil,9.15,False,22,719.3892027037507,fault_test,0.047619047619047616,True
1.5kW,1.5kW_coil_current_9p15pct,intercoil,9.15,False,23,660.4526961322798,fault_test,0.047619047619047616,True
1.5kW,1.5kW_coil_current_9p15pct,intercoil,9.15,False,24,723.226358487893,fault_test,0.047619047619047616,True
1.5kW,1.5kW_coil_current_9p15pct,intercoil,9.15,False,25,682.4839889189199,fault_test,0.047619047619047616,True
1.5kW,1.5kW_coil_current_9p15pct,intercoil,9.15,False,26,734.6570951776089,fault_test,0.047619047619047616,True
1.5kW,1.5kW_coil_current_9p15pct,intercoil,9.15,False,27,668.7658889317404,fault_test,0.047619047619047616,True
1.5kW,1.5kW_coil_current_9p15pct,intercoil,9.15,False,28,665.8062889603516,fault_test,0.047619047619047616,True
1.5kW,1.5kW_coil_current_9p15pct,intercoil,9.15,False,29,663.1718239685376,fault_test,0.047619047619047616,True
1.5kW,1.5kW_coil_current_9p15pct,intercoil,9.15,False,30,690.5826041006812,fault_test,0.047619047619047616,True
1.5kW,1.5kW_coil_current_9p15pct,intercoil,9.15,False,31,724.3923974301754,fault_test,0.047619047619047616,True
1.5kW,1.5kW_coil_current_9p15pct,intercoil,9.15,False,32,643.5922404008277,fault_test,0.047619047619047616,True
1.5kW,1.5kW_coil_current_9p15pct,intercoil,9.15,False,33,663.0711271829718,fault_test,0.047619047619047616,True
1.5kW,1.5kW_coil_current_9p15pct,intercoil,9.15,False,34,677.716516225291,fault_test,0.047619047619047616,True
1.5kW,1.5kW_coil_current_9p15pct,intercoil,9.15,False,35,709.3869210084855,fault_test,0.047619047619047616,True
1.5kW,1.5kW_coil_current_9p15pct,intercoil,9.15,False,36,698.8967575468037,fault_test,0.047619047619047616,True
1.5kW,1.5kW_coil_current_9p15pct,intercoil,9.15,False,37,645.559184916639,fault_test,0.047619047619047616,True
1.5kW,1.5kW_coil_current_9p15pct,intercoil,9.15,False,38,762.9758173516377,fault_test,0.047619047619047616,True
1.5kW,1.5kW_coil_current_9p15pct,intercoil,9.15,False,39,678.8097916650189,fault_test,0.047619047619047616,True
1.5kW,1.5kW_turn_current_16p08pct,interturn,16.08,False,0,1297.862895428034,fault_test,0.047619047619047616,True
1.5kW,1.5kW_turn_current_16p08pct,interturn,16.08,False,1,1254.7977297861858,fault_test,0.047619047619047616,True
1.5kW,1.5kW_turn_current_16p08pct,interturn,16.08,False,2,1261.3927105979503,fault_test,0.047619047619047616,True
1.5kW,1.5kW_turn_current_16p08pct,interturn,16.08,False,3,1269.1612909983396,fault_test,0.047619047619047616,True
1.5kW,1.5kW_turn_current_16p08pct,interturn,16.08,False,4,1238.3647571214383,fault_test,0.047619047619047616,True
1.5kW,1.5kW_turn_current_16p08pct,interturn,16.08,False,5,1274.062162224885,fault_test,0.047619047619047616,True
1.5kW,1.5kW_turn_current_16p08pct,interturn,16.08,False,6,1245.0053922431712,fault_test,0.047619047619047616,True
1.5kW,1.5kW_turn_current_16p08pct,interturn,16.08,False,7,1218.3137987459745,fault_test,0.047619047619047616,True
1.5kW,1.5kW_turn_current_16p08pct,interturn,16.08,False,8,1199.488528189399,fault_test,0.047619047619047616,True
1.5kW,1.5kW_turn_current_16p08pct,interturn,16.08,False,9,1166.4947755995256,fault_test,0.047619047619047616,True
1.5kW,1.5kW_turn_current_16p08pct,interturn,16.08,False,10,1177.740051126237,fault_test,0.047619047619047616,True
1.5kW,1.5kW_turn_current_16p08pct,interturn,16.08,False,11,1254.0506180316925,fault_test,0.047619047619047616,True
1.5kW,1.5kW_turn_current_16p08pct,interturn,16.08,False,12,1183.4113658437102,fault_test,0.047619047619047616,True
1.5kW,1.5kW_turn_current_16p08pct,interturn,16.08,False,13,1156.8573585717768,fault_test,0.047619047619047616,True
1.5kW,1.5kW_turn_current_16p08pct,interturn,16.08,False,14,1153.215662915687,fault_test,0.047619047619047616,True
1.5kW,1.5kW_turn_current_16p08pct,interturn,16.08,False,15,1188.9748444370912,fault_test,0.047619047619047616,True
1.5kW,1.5kW_turn_current_16p08pct,interturn,16.08,False,16,1197.477770072322,fault_test,0.047619047619047616,True
1.5kW,1.5kW_turn_current_16p08pct,interturn,16.08,False,17,1185.2358578149574,fault_test,0.047619047619047616,True
1.5kW,1.5kW_turn_current_16p08pct,interturn,16.08,False,18,1156.8545232906454,fault_test,0.047619047619047616,True
1.5kW,1.5kW_turn_current_16p08pct,interturn,16.08,False,19,1239.3656962804612,fault_test,0.047619047619047616,True
1.5kW,1.5kW_turn_current_16p08pct,interturn,16.08,False,20,1223.672087445067,fault_test,0.047619047619047616,True
1.5kW,1.5kW_turn_current_16p08pct,interturn,16.08,False,21,1180.7094645333636,fault_test,0.047619047619047616,True
1.5kW,1.5kW_turn_current_16p08pct,interturn,16.08,False,22,1215.192203871497,fault_test,0.047619047619047616,True
1.5kW,1.5kW_turn_current_16p08pct,interturn,16.08,False,23,1236.667791115982,fault_test,0.047619047619047616,True
1.5kW,1.5kW_turn_current_16p08pct,interturn,16.08,False,24,1248.2660608304182,fault_test,0.047619047619047616,True
1.5kW,1.5kW_turn_current_16p08pct,interturn,16.08,False,25,1198.3233126912914,fault_test,0.047619047619047616,True
1.5kW,1.5kW_turn_current_16p08pct,interturn,16.08,False,26,1142.0722256348777,fault_test,0.047619047619047616,True
1.5kW,1.5kW_turn_current_16p08pct,interturn,16.08,False,27,1230.2047428635058,fault_test,0.047619047619047616,True
1.5kW,1.5kW_turn_current_16p08pct,interturn,16.08,False,28,1237.1257349062348,fault_test,0.047619047619047616,True
1.5kW,1.5kW_turn_current_16p08pct,interturn,16.08,False,29,1212.3968228302483,fault_test,0.047619047619047616,True
1.5kW,1.5kW_turn_current_16p08pct,interturn,16.08,False,30,1198.9998537914316,fault_test,0.047619047619047616,True
1.5kW,1.5kW_turn_current_16p08pct,interturn,16.08,False,31,1262.9734808839135,fault_test,0.047619047619047616,True
1.5kW,1.5kW_turn_current_16p08pct,interturn,16.08,False,32,1214.743394410192,fault_test,0.047619047619047616,True
1.5kW,1.5kW_turn_current_16p08pct,interturn,16.08,False,33,1143.3850836503586,fault_test,0.047619047619047616,True
1.5kW,1.5kW_turn_current_16p08pct,interturn,16.08,False,34,1246.169314369451,fault_test,0.047619047619047616,True
1.5kW,1.5kW_turn_current_16p08pct,interturn,16.08,False,35,1200.9930895503558,fault_test,0.047619047619047616,True
1.5kW,1.5kW_turn_current_16p08pct,interturn,16.08,False,36,1210.712474378137,fault_test,0.047619047619047616,True
1.5kW,1.5kW_turn_current_16p08pct,interturn,16.08,False,37,1154.2750544149212,fault_test,0.047619047619047616,True
1.5kW,1.5kW_turn_current_16p08pct,interturn,16.08,False,38,1213.1516534925313,fault_test,0.047619047619047616,True
1.5kW,1.5kW_turn_current_16p08pct,interturn,16.08,False,39,1200.3982633602836,fault_test,0.047619047619047616,True
1.5kW,1.5kW_turn_current_1p57pct,interturn,1.57,False,0,550.2876043660541,fault_test,0.047619047619047616,True
1.5kW,1.5kW_turn_current_1p57pct,interturn,1.57,False,1,571.7585762092792,fault_test,0.047619047619047616,True
1.5kW,1.5kW_turn_current_1p57pct,interturn,1.57,False,2,564.3284551015951,fault_test,0.047619047619047616,True
1.5kW,1.5kW_turn_current_1p57pct,interturn,1.57,False,3,578.1360393198207,fault_test,0.047619047619047616,True
1.5kW,1.5kW_turn_current_1p57pct,interturn,1.57,False,4,577.7042013538403,fault_test,0.047619047619047616,True
1.5kW,1.5kW_turn_current_1p57pct,interturn,1.57,False,5,613.2359241964574,fault_test,0.047619047619047616,True
1.5kW,1.5kW_turn_current_1p57pct,interturn,1.57,False,6,573.4610861249133,fault_test,0.047619047619047616,True
1.5kW,1.5kW_turn_current_1p57pct,interturn,1.57,False,7,582.3485117298328,fault_test,0.047619047619047616,True
1.5kW,1.5kW_turn_current_1p57pct,interturn,1.57,False,8,593.8071289338529,fault_test,0.047619047619047616,True
1.5kW,1.5kW_turn_current_1p57pct,interturn,1.57,False,9,585.7584401508219,fault_test,0.047619047619047616,True
1.5kW,1.5kW_turn_current_1p57pct,interturn,1.57,False,10,575.7494238999739,fault_test,0.047619047619047616,True
1.5kW,1.5kW_turn_current_1p57pct,interturn,1.57,False,11,592.6712463033896,fault_test,0.047619047619047616,True
1.5kW,1.5kW_turn_current_1p57pct,interturn,1.57,False,12,569.7642351893862,fault_test,0.047619047619047616,True
1.5kW,1.5kW_turn_current_1p57pct,interturn,1.57,False,13,553.4362974363294,fault_test,0.047619047619047616,True
1.5kW,1.5kW_turn_current_1p57pct,interturn,1.57,False,14,581.3405188704958,fault_test,0.047619047619047616,True
1.5kW,1.5kW_turn_current_1p57pct,interturn,1.57,False,15,542.6396210650206,fault_test,0.047619047619047616,True
1.5kW,1.5kW_turn_current_1p57pct,interturn,1.57,False,16,538.4665733305582,fault_test,0.047619047619047616,True
1.5kW,1.5kW_turn_current_1p57pct,interturn,1.57,False,17,588.180063248637,fault_test,0.047619047619047616,True
1.5kW,1.5kW_turn_current_1p57pct,interturn,1.57,False,18,559.5008864706863,fault_test,0.047619047619047616,True
1.5kW,1.5kW_turn_current_1p57pct,interturn,1.57,False,19,567.8569565772177,fault_test,0.047619047619047616,True
1.5kW,1.5kW_turn_current_1p57pct,interturn,1.57,False,20,570.4375174451003,fault_test,0.047619047619047616,True
1.5kW,1.5kW_turn_current_1p57pct,interturn,1.57,False,21,565.6183783143476,fault_test,0.047619047619047616,True
1.5kW,1.5kW_turn_current_1p57pct,interturn,1.57,False,22,566.9568230895549,fault_test,0.047619047619047616,True
1.5kW,1.5kW_turn_current_1p57pct,interturn,1.57,False,23,559.9897080249493,fault_test,0.047619047619047616,True
1.5kW,1.5kW_turn_current_1p57pct,interturn,1.57,False,24,599.7913403812561,fault_test,0.047619047619047616,True
1.5kW,1.5kW_turn_current_1p57pct,interturn,1.57,False,25,563.8870734090798,fault_test,0.047619047619047616,True
1.5kW,1.5kW_turn_current_1p57pct,interturn,1.57,False,26,562.9805153604705,fault_test,0.047619047619047616,True
1.5kW,1.5kW_turn_current_1p57pct,interturn,1.57,False,27,585.1974015734376,fault_test,0.047619047619047616,True
1.5kW,1.5kW_turn_current_1p57pct,interturn,1.57,False,28,602.0580202693574,fault_test,0.047619047619047616,True
1.5kW,1.5kW_turn_current_1p57pct,interturn,1.57,False,29,585.0309245007793,fault_test,0.047619047619047616,True
1.5kW,1.5kW_turn_current_1p57pct,interturn,1.57,False,30,589.3138527711664,fault_test,0.047619047619047616,True
1.5kW,1.5kW_turn_current_1p57pct,interturn,1.57,False,31,555.9861921442367,fault_test,0.047619047619047616,True
1.5kW,1.5kW_turn_current_1p57pct,interturn,1.57,False,32,577.4452262700938,fault_test,0.047619047619047616,True
1.5kW,1.5kW_turn_current_1p57pct,interturn,1.57,False,33,548.5766715392825,fault_test,0.047619047619047616,True
1.5kW,1.5kW_turn_current_1p57pct,interturn,1.57,False,34,580.2488454497854,fault_test,0.047619047619047616,True
1.5kW,1.5kW_turn_current_1p57pct,interturn,1.57,False,35,555.2145903613646,fault_test,0.047619047619047616,True
1.5kW,1.5kW_turn_current_1p57pct,interturn,1.57,False,36,588.3615903586644,fault_test,0.047619047619047616,True
1.5kW,1.5kW_turn_current_1p57pct,interturn,1.57,False,37,578.4013062846911,fault_test,0.047619047619047616,True
1.5kW,1.5kW_turn_current_1p57pct,interturn,1.57,False,38,589.1680329405391,fault_test,0.047619047619047616,True
1.5kW,1.5kW_turn_current_1p57pct,interturn,1.57,False,39,550.4510352096252,fault_test,0.047619047619047616,True
1.5kW,1.5kW_turn_current_1p88pct,interturn,1.88,False,0,807.3943218928965,fault_test,0.047619047619047616,True
1.5kW,1.5kW_turn_current_1p88pct,interturn,1.88,False,1,722.9217782187865,fault_test,0.047619047619047616,True
1.5kW,1.5kW_turn_current_1p88pct,interturn,1.88,False,2,707.634760772325,fault_test,0.047619047619047616,True
1.5kW,1.5kW_turn_current_1p88pct,interturn,1.88,False,3,722.3185532653603,fault_test,0.047619047619047616,True
1.5kW,1.5kW_turn_current_1p88pct,interturn,1.88,False,4,725.2783633338555,fault_test,0.047619047619047616,True
1.5kW,1.5kW_turn_current_1p88pct,interturn,1.88,False,5,744.5701013046482,fault_test,0.047619047619047616,True
1.5kW,1.5kW_turn_current_1p88pct,interturn,1.88,False,6,747.7402603446267,fault_test,0.047619047619047616,True
1.5kW,1.5kW_turn_current_1p88pct,interturn,1.88,False,7,744.6919059633129,fault_test,0.047619047619047616,True
1.5kW,1.5kW_turn_current_1p88pct,interturn,1.88,False,8,737.0883317826006,fault_test,0.047619047619047616,True
1.5kW,1.5kW_turn_current_1p88pct,interturn,1.88,False,9,747.2352412443156,fault_test,0.047619047619047616,True
1.5kW,1.5kW_turn_current_1p88pct,interturn,1.88,False,10,725.7695315992041,fault_test,0.047619047619047616,True
1.5kW,1.5kW_turn_current_1p88pct,interturn,1.88,False,11,712.0355485411945,fault_test,0.047619047619047616,True
1.5kW,1.5kW_turn_current_1p88pct,interturn,1.88,False,12,737.4749340320485,fault_test,0.047619047619047616,True
1.5kW,1.5kW_turn_current_1p88pct,interturn,1.88,False,13,745.891160575342,fault_test,0.047619047619047616,True
1.5kW,1.5kW_turn_current_1p88pct,interturn,1.88,False,14,718.131571060887,fault_test,0.047619047619047616,True
1.5kW,1.5kW_turn_current_1p88pct,interturn,1.88,False,15,687.8586312549565,fault_test,0.047619047619047616,True
1.5kW,1.5kW_turn_current_1p88pct,interturn,1.88,False,16,710.1912862437526,fault_test,0.047619047619047616,True
1.5kW,1.5kW_turn_current_1p88pct,interturn,1.88,False,17,704.7655899869326,fault_test,0.047619047619047616,True
1.5kW,1.5kW_turn_current_1p88pct,interturn,1.88,False,18,738.0418988968047,fault_test,0.047619047619047616,True
1.5kW,1.5kW_turn_current_1p88pct,interturn,1.88,False,19,725.602733476437,fault_test,0.047619047619047616,True
1.5kW,1.5kW_turn_current_1p88pct,interturn,1.88,False,20,700.2589871632114,fault_test,0.047619047619047616,True
1.5kW,1.5kW_turn_current_1p88pct,interturn,1.88,False,21,738.3339350092399,fault_test,0.047619047619047616,True
1.5kW,1.5kW_turn_current_1p88pct,interturn,1.88,False,22,695.1850283121689,fault_test,0.047619047619047616,True
1.5kW,1.5kW_turn_current_1p88pct,interturn,1.88,False,23,699.3246692438682,fault_test,0.047619047619047616,True
1.5kW,1.5kW_turn_current_1p88pct,interturn,1.88,False,24,731.5520210194678,fault_test,0.047619047619047616,True
1.5kW,1.5kW_turn_current_1p88pct,interturn,1.88,False,25,733.339661871754,fault_test,0.047619047619047616,True
1.5kW,1.5kW_turn_current_1p88pct,interturn,1.88,False,26,713.5266929614809,fault_test,0.047619047619047616,True
1.5kW,1.5kW_turn_current_1p88pct,interturn,1.88,False,27,727.1834965304638,fault_test,0.047619047619047616,True
1.5kW,1.5kW_turn_current_1p88pct,interturn,1.88,False,28,699.4798596696833,fault_test,0.047619047619047616,True
1.5kW,1.5kW_turn_current_1p88pct,interturn,1.88,False,29,710.1255443652476,fault_test,0.047619047619047616,True
1.5kW,1.5kW_turn_current_1p88pct,interturn,1.88,False,30,697.7019936761436,fault_test,0.047619047619047616,True
1.5kW,1.5kW_turn_current_1p88pct,interturn,1.88,False,31,704.7260485998663,fault_test,0.047619047619047616,True
1.5kW,1.5kW_turn_current_1p88pct,interturn,1.88,False,32,744.7546721114592,fault_test,0.047619047619047616,True
1.5kW,1.5kW_turn_current_1p88pct,interturn,1.88,False,33,726.1158787172718,fault_test,0.047619047619047616,True
1.5kW,1.5kW_turn_current_1p88pct,interturn,1.88,False,34,739.7694077185889,fault_test,0.047619047619047616,True
1.5kW,1.5kW_turn_current_1p88pct,interturn,1.88,False,35,729.2076203637816,fault_test,0.047619047619047616,True
1.5kW,1.5kW_turn_current_1p88pct,interturn,1.88,False,36,709.1084835973481,fault_test,0.047619047619047616,True
1.5kW,1.5kW_turn_current_1p88pct,interturn,1.88,False,37,729.4593986282821,fault_test,0.047619047619047616,True
1.5kW,1.5kW_turn_current_1p88pct,interturn,1.88,False,38,690.727885984313,fault_test,0.047619047619047616,True
1.5kW,1.5kW_turn_current_1p88pct,interturn,1.88,False,39,687.8487708060394,fault_test,0.047619047619047616,True
1.5kW,1.5kW_turn_current_2p34pct,interturn,2.34,False,0,229.65187570951738,fault_test,0.047619047619047616,True
1.5kW,1.5kW_turn_current_2p34pct,interturn,2.34,False,1,153.2644139551578,fault_test,0.047619047619047616,True
1.5kW,1.5kW_turn_current_2p34pct,interturn,2.34,False,2,185.48689319814542,fault_test,0.047619047619047616,True
1.5kW,1.5kW_turn_current_2p34pct,interturn,2.34,False,3,179.35017232209012,fault_test,0.047619047619047616,True
1.5kW,1.5kW_turn_current_2p34pct,interturn,2.34,False,4,256.9105536256427,fault_test,0.047619047619047616,True
1.5kW,1.5kW_turn_current_2p34pct,interturn,2.34,False,5,203.70799135784785,fault_test,0.047619047619047616,True
1.5kW,1.5kW_turn_current_2p34pct,interturn,2.34,False,6,157.12374272639903,fault_test,0.047619047619047616,True
1.5kW,1.5kW_turn_current_2p34pct,interturn,2.34,False,7,153.1687404092417,fault_test,0.047619047619047616,True
1.5kW,1.5kW_turn_current_2p34pct,interturn,2.34,False,8,210.0117544409355,fault_test,0.047619047619047616,True
1.5kW,1.5kW_turn_current_2p34pct,interturn,2.34,False,9,119.95762224184806,fault_test,0.23809523809523808,False
1.5kW,1.5kW_turn_current_2p34pct,interturn,2.34,False,10,115.0914030180917,fault_test,0.23809523809523808,False
1.5kW,1.5kW_turn_current_2p34pct,interturn,2.34,False,11,164.47409195050392,fault_test,0.047619047619047616,True
1.5kW,1.5kW_turn_current_2p34pct,interturn,2.34,False,12,132.84866819508187,fault_test,0.23809523809523808,False
1.5kW,1.5kW_turn_current_2p34pct,interturn,2.34,False,13,152.91376006027366,fault_test,0.047619047619047616,True
1.5kW,1.5kW_turn_current_2p34pct,interturn,2.34,False,14,148.66840184593036,fault_test,0.047619047619047616,True
1.5kW,1.5kW_turn_current_2p34pct,interturn,2.34,False,15,195.5404788877285,fault_test,0.047619047619047616,True
1.5kW,1.5kW_turn_current_2p34pct,interturn,2.34,False,16,209.9279348325365,fault_test,0.047619047619047616,True
1.5kW,1.5kW_turn_current_2p34pct,interturn,2.34,False,17,230.51761114849214,fault_test,0.047619047619047616,True
1.5kW,1.5kW_turn_current_2p34pct,interturn,2.34,False,18,195.94289373618938,fault_test,0.047619047619047616,True
1.5kW,1.5kW_turn_current_2p34pct,interturn,2.34,False,19,192.95476564534144,fault_test,0.047619047619047616,True
1.5kW,1.5kW_turn_current_2p34pct,interturn,2.34,False,20,179.90026944629827,fault_test,0.047619047619047616,True
1.5kW,1.5kW_turn_current_2p34pct,interturn,2.34,False,21,146.77706449288178,fault_test,0.047619047619047616,True
1.5kW,1.5kW_turn_current_2p34pct,interturn,2.34,False,22,154.22160339439577,fault_test,0.047619047619047616,True
1.5kW,1.5kW_turn_current_2p34pct,interturn,2.34,False,23,156.91497642035932,fault_test,0.047619047619047616,True
1.5kW,1.5kW_turn_current_2p34pct,interturn,2.34,False,24,156.76499946976466,fault_test,0.047619047619047616,True
1.5kW,1.5kW_turn_current_2p34pct,interturn,2.34,False,25,134.94576592924594,fault_test,0.23809523809523808,False
1.5kW,1.5kW_turn_current_2p34pct,interturn,2.34,False,26,140.04276563620812,fault_test,0.23809523809523808,False
1.5kW,1.5kW_turn_current_2p34pct,interturn,2.34,False,27,149.09079315827285,fault_test,0.047619047619047616,True
1.5kW,1.5kW_turn_current_2p34pct,interturn,2.34,False,28,134.53176641113163,fault_test,0.23809523809523808,False
1.5kW,1.5kW_turn_current_2p34pct,interturn,2.34,False,29,158.77642350565094,fault_test,0.047619047619047616,True
1.5kW,1.5kW_turn_current_2p34pct,interturn,2.34,False,30,151.91212791466575,fault_test,0.047619047619047616,True
1.5kW,1.5kW_turn_current_2p34pct,interturn,2.34,False,31,176.27564828509614,fault_test,0.047619047619047616,True
1.5kW,1.5kW_turn_current_2p34pct,interturn,2.34,False,32,142.9420813385794,fault_test,0.14285714285714285,False
1.5kW,1.5kW_turn_current_2p34pct,interturn,2.34,False,33,136.37878767903558,fault_test,0.23809523809523808,False
1.5kW,1.5kW_turn_current_2p34pct,interturn,2.34,False,34,161.58859464869514,fault_test,0.047619047619047616,True
1.5kW,1.5kW_turn_current_2p34pct,interturn,2.34,False,35,143.67992784790374,fault_test,0.14285714285714285,False
1.5kW,1.5kW_turn_current_2p34pct,interturn,2.34,False,36,121.02177431117651,fault_test,0.23809523809523808,False
1.5kW,1.5kW_turn_current_2p34pct,interturn,2.34,False,37,145.39081356247618,fault_test,0.047619047619047616,True
1.5kW,1.5kW_turn_current_2p34pct,interturn,2.34,False,38,143.644230885997,fault_test,0.14285714285714285,False
1.5kW,1.5kW_turn_current_2p34pct,interturn,2.34,False,39,129.647300600174,fault_test,0.23809523809523808,False
1.5kW,1.5kW_turn_current_3p1pct,interturn,3.1,False,0,924.5009835597223,fault_test,0.047619047619047616,True
1.5kW,1.5kW_turn_current_3p1pct,interturn,3.1,False,1,929.396660643069,fault_test,0.047619047619047616,True
1.5kW,1.5kW_turn_current_3p1pct,interturn,3.1,False,2,911.6680551049731,fault_test,0.047619047619047616,True
1.5kW,1.5kW_turn_current_3p1pct,interturn,3.1,False,3,936.0409681663015,fault_test,0.047619047619047616,True
1.5kW,1.5kW_turn_current_3p1pct,interturn,3.1,False,4,878.8784838872282,fault_test,0.047619047619047616,True
1.5kW,1.5kW_turn_current_3p1pct,interturn,3.1,False,5,886.5325386507118,fault_test,0.047619047619047616,True
1.5kW,1.5kW_turn_current_3p1pct,interturn,3.1,False,6,892.475029877041,fault_test,0.047619047619047616,True
1.5kW,1.5kW_turn_current_3p1pct,interturn,3.1,False,7,835.011355324567,fault_test,0.047619047619047616,True
1.5kW,1.5kW_turn_current_3p1pct,interturn,3.1,False,8,895.4360892172974,fault_test,0.047619047619047616,True
1.5kW,1.5kW_turn_current_3p1pct,interturn,3.1,False,9,884.63589276664,fault_test,0.047619047619047616,True
1.5kW,1.5kW_turn_current_3p1pct,interturn,3.1,False,10,911.0308234406884,fault_test,0.047619047619047616,True
1.5kW,1.5kW_turn_current_3p1pct,interturn,3.1,False,11,895.8818469003149,fault_test,0.047619047619047616,True
1.5kW,1.5kW_turn_current_3p1pct,interturn,3.1,False,12,856.1096499040999,fault_test,0.047619047619047616,True
1.5kW,1.5kW_turn_current_3p1pct,interturn,3.1,False,13,863.3249338699411,fault_test,0.047619047619047616,True
1.5kW,1.5kW_turn_current_3p1pct,interturn,3.1,False,14,885.4569099235342,fault_test,0.047619047619047616,True
1.5kW,1.5kW_turn_current_3p1pct,interturn,3.1,False,15,866.5060794240773,fault_test,0.047619047619047616,True
1.5kW,1.5kW_turn_current_3p1pct,interturn,3.1,False,16,894.8066616373328,fault_test,0.047619047619047616,True
1.5kW,1.5kW_turn_current_3p1pct,interturn,3.1,False,17,899.1972584617225,fault_test,0.047619047619047616,True
1.5kW,1.5kW_turn_current_3p1pct,interturn,3.1,False,18,877.2542370136894,fault_test,0.047619047619047616,True
1.5kW,1.5kW_turn_current_3p1pct,interturn,3.1,False,19,907.8195740524934,fault_test,0.047619047619047616,True
1.5kW,1.5kW_turn_current_3p1pct,interturn,3.1,False,20,893.3205325570498,fault_test,0.047619047619047616,True
1.5kW,1.5kW_turn_current_3p1pct,interturn,3.1,False,21,876.2808201936675,fault_test,0.047619047619047616,True
1.5kW,1.5kW_turn_current_3p1pct,interturn,3.1,False,22,902.5727999408211,fault_test,0.047619047619047616,True
1.5kW,1.5kW_turn_current_3p1pct,interturn,3.1,False,23,906.2998231562292,fault_test,0.047619047619047616,True
1.5kW,1.5kW_turn_current_3p1pct,interturn,3.1,False,24,887.8197521689,fault_test,0.047619047619047616,True
1.5kW,1.5kW_turn_current_3p1pct,interturn,3.1,False,25,901.628693000309,fault_test,0.047619047619047616,True
1.5kW,1.5kW_turn_current_3p1pct,interturn,3.1,False,26,882.8620944371163,fault_test,0.047619047619047616,True
1.5kW,1.5kW_turn_current_3p1pct,interturn,3.1,False,27,889.4217917219229,fault_test,0.047619047619047616,True
1.5kW,1.5kW_turn_current_3p1pct,interturn,3.1,False,28,882.578758451114,fault_test,0.047619047619047616,True
1.5kW,1.5kW_turn_current_3p1pct,interturn,3.1,False,29,913.2903355081353,fault_test,0.047619047619047616,True
1.5kW,1.5kW_turn_current_3p1pct,interturn,3.1,False,30,905.142377672512,fault_test,0.047619047619047616,True
1.5kW,1.5kW_turn_current_3p1pct,interturn,3.1,False,31,916.8570272383632,fault_test,0.047619047619047616,True
1.5kW,1.5kW_turn_current_3p1pct,interturn,3.1,False,32,944.0256769635237,fault_test,0.047619047619047616,True
1.5kW,1.5kW_turn_current_3p1pct,interturn,3.1,False,33,913.1532585813904,fault_test,0.047619047619047616,True
1.5kW,1.5kW_turn_current_3p1pct,interturn,3.1,False,34,938.9331418241809,fault_test,0.047619047619047616,True
1.5kW,1.5kW_turn_current_3p1pct,interturn,3.1,False,35,894.4361395369538,fault_test,0.047619047619047616,True
1.5kW,1.5kW_turn_current_3p1pct,interturn,3.1,False,36,869.42275229117,fault_test,0.047619047619047616,True
1.5kW,1.5kW_turn_current_3p1pct,interturn,3.1,False,37,903.7768915499223,fault_test,0.047619047619047616,True
1.5kW,1.5kW_turn_current_3p1pct,interturn,3.1,False,38,891.2032221469053,fault_test,0.047619047619047616,True
1.5kW,1.5kW_turn_current_3p1pct,interturn,3.1,False,39,935.2882151202454,fault_test,0.047619047619047616,True
1.5kW,1.5kW_turn_current_4p57pct,interturn,4.57,False,0,315.732537918914,fault_test,0.047619047619047616,True
1.5kW,1.5kW_turn_current_4p57pct,interturn,4.57,False,1,291.44744025829453,fault_test,0.047619047619047616,True
1.5kW,1.5kW_turn_current_4p57pct,interturn,4.57,False,2,300.095400492999,fault_test,0.047619047619047616,True
1.5kW,1.5kW_turn_current_4p57pct,interturn,4.57,False,3,373.498109073426,fault_test,0.047619047619047616,True
1.5kW,1.5kW_turn_current_4p57pct,interturn,4.57,False,4,289.61602185077703,fault_test,0.047619047619047616,True
1.5kW,1.5kW_turn_current_4p57pct,interturn,4.57,False,5,325.3683242472106,fault_test,0.047619047619047616,True
1.5kW,1.5kW_turn_current_4p57pct,interturn,4.57,False,6,331.8410538605057,fault_test,0.047619047619047616,True
1.5kW,1.5kW_turn_current_4p57pct,interturn,4.57,False,7,306.0496088457638,fault_test,0.047619047619047616,True
1.5kW,1.5kW_turn_current_4p57pct,interturn,4.57,False,8,328.94067828839917,fault_test,0.047619047619047616,True
1.5kW,1.5kW_turn_current_4p57pct,interturn,4.57,False,9,330.1716115459934,fault_test,0.047619047619047616,True
1.5kW,1.5kW_turn_current_4p57pct,interturn,4.57,False,10,318.2615094515403,fault_test,0.047619047619047616,True
1.5kW,1.5kW_turn_current_4p57pct,interturn,4.57,False,11,334.67872382647363,fault_test,0.047619047619047616,True
1.5kW,1.5kW_turn_current_4p57pct,interturn,4.57,False,12,342.184773436917,fault_test,0.047619047619047616,True
1.5kW,1.5kW_turn_current_4p57pct,interturn,4.57,False,13,330.56411305969294,fault_test,0.047619047619047616,True
1.5kW,1.5kW_turn_current_4p57pct,interturn,4.57,False,14,327.79503421126174,fault_test,0.047619047619047616,True
1.5kW,1.5kW_turn_current_4p57pct,interturn,4.57,False,15,313.44437045314965,fault_test,0.047619047619047616,True
1.5kW,1.5kW_turn_current_4p57pct,interturn,4.57,False,16,320.2718193327477,fault_test,0.047619047619047616,True
1.5kW,1.5kW_turn_current_4p57pct,interturn,4.57,False,17,344.0478959243344,fault_test,0.047619047619047616,True
1.5kW,1.5kW_turn_current_4p57pct,interturn,4.57,False,18,338.55839001430553,fault_test,0.047619047619047616,True
1.5kW,1.5kW_turn_current_4p57pct,interturn,4.57,False,19,280.73210655947673,fault_test,0.047619047619047616,True
1.5kW,1.5kW_turn_current_4p57pct,interturn,4.57,False,20,306.37136939484276,fault_test,0.047619047619047616,True
1.5kW,1.5kW_turn_current_4p57pct,interturn,4.57,False,21,299.89822855480236,fault_test,0.047619047619047616,True
1.5kW,1.5kW_turn_current_4p57pct,interturn,4.57,False,22,297.61077253958143,fault_test,0.047619047619047616,True
1.5kW,1.5kW_turn_current_4p57pct,interturn,4.57,False,23,299.1878982993927,fault_test,0.047619047619047616,True
1.5kW,1.5kW_turn_current_4p57pct,interturn,4.57,False,24,330.52693594162565,fault_test,0.047619047619047616,True
1.5kW,1.5kW_turn_current_4p57pct,interturn,4.57,False,25,340.04716166621824,fault_test,0.047619047619047616,True
1.5kW,1.5kW_turn_current_4p57pct,interturn,4.57,False,26,333.62147107756795,fault_test,0.047619047619047616,True
1.5kW,1.5kW_turn_current_4p57pct,interturn,4.57,False,27,338.84631011208876,fault_test,0.047619047619047616,True
1.5kW,1.5kW_turn_current_4p57pct,interturn,4.57,False,28,303.28988442826886,fault_test,0.047619047619047616,True
1.5kW,1.5kW_turn_current_4p57pct,interturn,4.57,False,29,301.94895526802713,fault_test,0.047619047619047616,True
1.5kW,1.5kW_turn_current_4p57pct,interturn,4.57,False,30,319.9659153992621,fault_test,0.047619047619047616,True
1.5kW,1.5kW_turn_current_4p57pct,interturn,4.57,False,31,334.0051249216593,fault_test,0.047619047619047616,True
1.5kW,1.5kW_turn_current_4p57pct,interturn,4.57,False,32,278.78536303060366,fault_test,0.047619047619047616,True
1.5kW,1.5kW_turn_current_4p57pct,interturn,4.57,False,33,314.2642620089669,fault_test,0.047619047619047616,True
1.5kW,1.5kW_turn_current_4p57pct,interturn,4.57,False,34,307.62063917097146,fault_test,0.047619047619047616,True
1.5kW,1.5kW_turn_current_4p57pct,interturn,4.57,False,35,295.2288505130076,fault_test,0.047619047619047616,True
1.5kW,1.5kW_turn_current_4p57pct,interturn,4.57,False,36,289.8903159558131,fault_test,0.047619047619047616,True
1.5kW,1.5kW_turn_current_4p57pct,interturn,4.57,False,37,298.4990918041128,fault_test,0.047619047619047616,True
1.5kW,1.5kW_turn_current_4p57pct,interturn,4.57,False,38,317.111986277597,fault_test,0.047619047619047616,True
1.5kW,1.5kW_turn_current_4p57pct,interturn,4.57,False,39,315.2261737625426,fault_test,0.047619047619047616,True
1.5kW,1.5kW_turn_current_8p74pct,interturn,8.74,False,0,1456.2378782104133,fault_test,0.047619047619047616,True
1.5kW,1.5kW_turn_current_8p74pct,interturn,8.74,False,1,1433.1530374347399,fault_test,0.047619047619047616,True
1.5kW,1.5kW_turn_current_8p74pct,interturn,8.74,False,2,1430.0749652692516,fault_test,0.047619047619047616,True
1.5kW,1.5kW_turn_current_8p74pct,interturn,8.74,False,3,1435.1130619647681,fault_test,0.047619047619047616,True
1.5kW,1.5kW_turn_current_8p74pct,interturn,8.74,False,4,1452.4464731845487,fault_test,0.047619047619047616,True
1.5kW,1.5kW_turn_current_8p74pct,interturn,8.74,False,5,1446.048278880703,fault_test,0.047619047619047616,True
1.5kW,1.5kW_turn_current_8p74pct,interturn,8.74,False,6,1460.3557694986184,fault_test,0.047619047619047616,True
1.5kW,1.5kW_turn_current_8p74pct,interturn,8.74,False,7,1425.5988348862436,fault_test,0.047619047619047616,True
1.5kW,1.5kW_turn_current_8p74pct,interturn,8.74,False,8,1445.8724111225404,fault_test,0.047619047619047616,True
1.5kW,1.5kW_turn_current_8p74pct,interturn,8.74,False,9,1425.13882807884,fault_test,0.047619047619047616,True
1.5kW,1.5kW_turn_current_8p74pct,interturn,8.74,False,10,1442.2815330530323,fault_test,0.047619047619047616,True
1.5kW,1.5kW_turn_current_8p74pct,interturn,8.74,False,11,1521.1834646685986,fault_test,0.047619047619047616,True
1.5kW,1.5kW_turn_current_8p74pct,interturn,8.74,False,12,1452.1113376891128,fault_test,0.047619047619047616,True
1.5kW,1.5kW_turn_current_8p74pct,interturn,8.74,False,13,1459.5494515933854,fault_test,0.047619047619047616,True
1.5kW,1.5kW_turn_current_8p74pct,interturn,8.74,False,14,1434.9120196735607,fault_test,0.047619047619047616,True
1.5kW,1.5kW_turn_current_8p74pct,interturn,8.74,False,15,1408.4359922321412,fault_test,0.047619047619047616,True
1.5kW,1.5kW_turn_current_8p74pct,interturn,8.74,False,16,1463.314537040748,fault_test,0.047619047619047616,True
1.5kW,1.5kW_turn_current_8p74pct,interturn,8.74,False,17,1476.426274626826,fault_test,0.047619047619047616,True
1.5kW,1.5kW_turn_current_8p74pct,interturn,8.74,False,18,1413.1755316469569,fault_test,0.047619047619047616,True
1.5kW,1.5kW_turn_current_8p74pct,interturn,8.74,False,19,1417.624772574292,fault_test,0.047619047619047616,True
1.5kW,1.5kW_turn_current_8p74pct,interturn,8.74,False,20,1407.2870918850695,fault_test,0.047619047619047616,True
1.5kW,1.5kW_turn_current_8p74pct,interturn,8.74,False,21,1441.9175695323117,fault_test,0.047619047619047616,True
1.5kW,1.5kW_turn_current_8p74pct,interturn,8.74,False,22,1387.450098362743,fault_test,0.047619047619047616,True
1.5kW,1.5kW_turn_current_8p74pct,interturn,8.74,False,23,1386.8671840332754,fault_test,0.047619047619047616,True
1.5kW,1.5kW_turn_current_8p74pct,interturn,8.74,False,24,1376.5576671027175,fault_test,0.047619047619047616,True
1.5kW,1.5kW_turn_current_8p74pct,interturn,8.74,False,25,1427.4937025764514,fault_test,0.047619047619047616,True
1.5kW,1.5kW_turn_current_8p74pct,interturn,8.74,False,26,1381.5700680512869,fault_test,0.047619047619047616,True
1.5kW,1.5kW_turn_current_8p74pct,interturn,8.74,False,27,1357.8589661798817,fault_test,0.047619047619047616,True
1.5kW,1.5kW_turn_current_8p74pct,interturn,8.74,False,28,1412.6576175084044,fault_test,0.047619047619047616,True
1.5kW,1.5kW_turn_current_8p74pct,interturn,8.74,False,29,1417.9114030750422,fault_test,0.047619047619047616,True
1.5kW,1.5kW_turn_current_8p74pct,interturn,8.74,False,30,1349.623846049192,fault_test,0.047619047619047616,True
1.5kW,1.5kW_turn_current_8p74pct,interturn,8.74,False,31,1373.6230027863626,fault_test,0.047619047619047616,True
1.5kW,1.5kW_turn_current_8p74pct,interturn,8.74,False,32,1369.5838424654137,fault_test,0.047619047619047616,True
1.5kW,1.5kW_turn_current_8p74pct,interturn,8.74,False,33,1390.0167742586407,fault_test,0.047619047619047616,True
1.5kW,1.5kW_turn_current_8p74pct,interturn,8.74,False,34,1390.8944577759285,fault_test,0.047619047619047616,True
1.5kW,1.5kW_turn_current_8p74pct,interturn,8.74,False,35,1380.4829169863838,fault_test,0.047619047619047616,True
1.5kW,1.5kW_turn_current_8p74pct,interturn,8.74,False,36,1366.5509765469963,fault_test,0.047619047619047616,True
1.5kW,1.5kW_turn_current_8p74pct,interturn,8.74,False,37,1378.317074617839,fault_test,0.047619047619047616,True
1.5kW,1.5kW_turn_current_8p74pct,interturn,8.74,False,38,1407.6691854134833,fault_test,0.047619047619047616,True
1.5kW,1.5kW_turn_current_8p74pct,interturn,8.74,False,39,1371.4844902507728,fault_test,0.047619047619047616,True
