fault_family,severity_percent,blocks,score_mean,detection_rate
intercoil,4.79,40,6918.018158631928,1.0
intercoil,5.7,40,7171.806982489108,1.0
intercoil,7.02,40,2594.4661702058884,1.0
intercoil,9.15,40,5838.307499176692,1.0
intercoil,13.12,40,2941.3907032066827,1.0
intercoil,23.2,40,6491.138158225489,1.0
intercoil,37.66,40,3990.784807990137,1.0
interturn,1.57,40,1649.4889945382697,1.0
interturn,1.88,40,1275.8232439521175,1.0
interturn,2.34,40,371.39462797191425,0.4
interturn,3.1,40,1674.625734173306,1.0
interturn,4.57,40,2216.919910971247,1.0
interturn,8.74,40,8577.711323833817,1.0
interturn,16.08,40,39838.343991266695,1.0
