record_id,load_nm,block_id,subsystem_count,score,subsystem_score_SubSys1,subsystem_score_SubSys2,is_healthy,fault_turns,fault_phase,role,p_value,alarm,method
external_dual_three_phase_flt0z_load_0nm,0.0,0,2,929.2004715035071,421.0269524365725,929.2004715035071,True,0,,adaptation,0.4,False,log_euclidean_entity_covariance
external_dual_three_phase_flt0z_load_0nm,0.0,1,2,1248.2981596119462,123.18377923349031,1248.2981596119462,True,0,,adaptation,0.36,False,log_euclidean_entity_covariance
external_dual_three_phase_flt0z_load_0nm,0.0,2,2,821.0171868223654,146.2203214702019,821.0171868223654,True,0,,adaptation,0.4,False,log_euclidean_entity_covariance
external_dual_three_phase_flt0z_load_0nm,0.0,3,2,708.1319400868521,708.1319400868521,545.0589307736191,True,0,,adaptation,0.4,False,log_euclidean_entity_covariance
external_dual_three_phase_flt0z_load_0nm,0.0,4,2,886.5484511853771,578.6101179688311,886.5484511853771,True,0,,unused,0.4,False,log_euclidean_entity_covariance
external_dual_three_phase_flt0z_load_0nm,0.0,5,2,4811.077927321907,4811.077927321907,3169.13984201471,True,0,,unused,0.16,False,log_euclidean_entity_covariance
external_dual_three_phase_flt0z_load_0nm,0.0,6,2,8483.644471445548,8483.644471445548,7822.015446357223,True,0,,unused,0.04,True,log_euclidean_entity_covariance
external_dual_three_phase_flt0z_load_0nm,0.0,7,2,7376.74683448783,7376.74683448783,5985.282040369397,True,0,,unused,0.04,True,log_euclidean_entity_covariance
external_dual_three_phase_flt0z_load_10nm,10.0,0,2,469.7820057106335,394.4721548752093,469.7820057106335,True,0,,calibration,0.6,False,log_euclidean_entity_covariance
external_dual_three_phase_flt0z_load_10nm,10.0,1,2,215.9329192177933,134.40143064662874,215.9329192177933,True,0,,calibration,0.96,False,log_euclidean_entity_covariance
external_dual_three_phase_flt0z_load_10nm,10.0,2,2,210.2663335774704,142.58542032187756,210.2663335774704,True,0,,calibration,1.0,False,log_euclidean_entity_covariance
external_dual_three_phase_flt0z_load_10nm,10.0,3,2,320.3835442859306,272.2513181714923,320.3835442859306,True,0,,calibration,0.76,False,log_euclidean_entity_covariance
external_dual_three_phase_flt0z_load_10nm,10.0,4,2,631.3595348797057,594.8630976790292,631.3595348797057,True,0,,calibration,0.52,False,log_euclidean_entity_covariance
external_dual_three_phase_flt0z_load_10nm,10.0,5,2,1244.4687850514902,1233.8037046079926,1244.4687850514902,True,0,,calibration,0.4,False,log_euclidean_entity_covariance
external_dual_three_phase_flt0z_load_10nm,10.0,6,2,2581.686140702674,2581.686140702674,2571.464435282507,True,0,,calibration,0.28,False,log_euclidean_entity_covariance
external_dual_three_phase_flt0z_load_10nm,10.0,7,2,5110.832024042196,5110.832024042196,5035.700597390881,True,0,,calibration,0.12,False,log_euclidean_entity_covariance
external_dual_three_phase_flt0z_load_15nm,15.0,0,2,432.7220577479877,417.54537052872627,432.7220577479877,True,0,,health_test,0.64,False,log_euclidean_entity_covariance
external_dual_three_phase_flt0z_load_15nm,15.0,1,2,237.5195099763795,140.99334566301653,237.5195099763795,True,0,,health_test,0.8,False,log_euclidean_entity_covariance
external_dual_three_phase_flt0z_load_15nm,15.0,2,2,218.48348983196468,149.24399469167122,218.48348983196468,True,0,,health_test,0.92,False,log_euclidean_entity_covariance
external_dual_three_phase_flt0z_load_15nm,15.0,3,2,321.6420868463214,275.35994792829894,321.6420868463214,True,0,,health_test,0.72,False,log_euclidean_entity_covariance
external_dual_three_phase_flt0z_load_15nm,15.0,4,2,632.865060921081,600.3961962702713,632.865060921081,True,0,,health_test,0.48,False,log_euclidean_entity_covariance
external_dual_three_phase_flt0z_load_15nm,15.0,5,2,1259.6809792272913,1235.1399774019917,1259.6809792272913,True,0,,health_test,0.36,False,log_euclidean_entity_covariance
external_dual_three_phase_flt0z_load_15nm,15.0,6,2,2584.2970761788038,2584.2970761788038,2577.916846913646,True,0,,health_test,0.24,False,log_euclidean_entity_covariance
external_dual_three_phase_flt0z_load_15nm,15.0,7,2,5109.242062153439,5109.242062153439,5050.583756553641,True,0,,health_test,0.12,False,log_euclidean_entity_covariance
external_dual_three_phase_flt0z_load_20nm,20.0,0,2,450.01503304728783,398.12208814528924,450.01503304728783,True,0,,calibration,0.64,False,log_euclidean_entity_covariance
external_dual_three_phase_flt0z_load_20nm,20.0,1,2,235.987934420307,143.3173085664888,235.987934420307,True,0,,calibration,0.84,False,log_euclidean_entity_covariance
external_dual_three_phase_flt0z_load_20nm,20.0,2,2,227.84626771938514,154.66691205386456,227.84626771938514,True,0,,calibration,0.92,False,log_euclidean_entity_covariance
external_dual_three_phase_flt0z_load_20nm,20.0,3,2,340.38443465358944,276.7704767729345,340.38443465358944,True,0,,calibration,0.72,False,log_euclidean_entity_covariance
external_dual_three_phase_flt0z_load_20nm,20.0,4,2,670.6706260422228,600.2096767869915,670.6706260422228,True,0,,calibration,0.44,False,log_euclidean_entity_covariance
external_dual_three_phase_flt0z_load_20nm,20.0,5,2,1277.2985987512502,1234.8071721673127,1277.2985987512502,True,0,,calibration,0.36,False,log_euclidean_entity_covariance
external_dual_three_phase_flt0z_load_20nm,20.0,6,2,2587.4667026971324,2585.500624661763,2587.4667026971324,True,0,,calibration,0.24,False,log_euclidean_entity_covariance
external_dual_three_phase_flt0z_load_20nm,20.0,7,2,5108.625876154176,5108.625876154176,5062.975145843537,True,0,,calibration,0.16,False,log_euclidean_entity_covariance
external_dual_three_phase_flt0z_load_25nm,25.0,0,2,453.6415985017828,388.3592003598097,453.6415985017828,True,0,,health_test,0.6,False,log_euclidean_entity_covariance
external_dual_three_phase_flt0z_load_25nm,25.0,1,2,238.2187154913155,146.315901736258,238.2187154913155,True,0,,health_test,0.8,False,log_euclidean_entity_covariance
external_dual_three_phase_flt0z_load_25nm,25.0,2,2,229.50024714352188,153.04625518383244,229.50024714352188,True,0,,health_test,0.88,False,log_euclidean_entity_covariance
external_dual_three_phase_flt0z_load_25nm,25.0,3,2,343.34633162143933,276.11015889906025,343.34633162143933,True,0,,health_test,0.68,False,log_euclidean_entity_covariance
external_dual_three_phase_flt0z_load_25nm,25.0,4,2,670.0052056031194,603.1612209494372,670.0052056031194,True,0,,health_test,0.44,False,log_euclidean_entity_covariance
external_dual_three_phase_flt0z_load_25nm,25.0,5,2,1290.75588132755,1236.0742731591588,1290.75588132755,True,0,,health_test,0.32,False,log_euclidean_entity_covariance
external_dual_three_phase_flt0z_load_25nm,25.0,6,2,2593.0509803121904,2587.3624718695155,2593.0509803121904,True,0,,health_test,0.2,False,log_euclidean_entity_covariance
external_dual_three_phase_flt0z_load_25nm,25.0,7,2,5111.139808279167,5111.139808279167,5067.151818786667,True,0,,health_test,0.08,False,log_euclidean_entity_covariance
external_dual_three_phase_flt0z_load_30nm,30.0,0,2,476.3974049660265,413.14125659974127,476.3974049660265,True,0,,calibration,0.56,False,log_euclidean_entity_covariance
external_dual_three_phase_flt0z_load_30nm,30.0,1,2,242.16617742996633,143.81257634409494,242.16617742996633,True,0,,calibration,0.8,False,log_euclidean_entity_covariance
external_dual_three_phase_flt0z_load_30nm,30.0,2,2,232.5102764805588,150.87088986885053,232.5102764805588,True,0,,calibration,0.88,False,log_euclidean_entity_covariance
external_dual_three_phase_flt0z_load_30nm,30.0,3,2,354.02740668617224,277.6792947220002,354.02740668617224,True,0,,calibration,0.68,False,log_euclidean_entity_covariance
external_dual_three_phase_flt0z_load_30nm,30.0,4,2,657.1039372932078,605.9529128030576,657.1039372932078,True,0,,calibration,0.48,False,log_euclidean_entity_covariance
external_dual_three_phase_flt0z_load_30nm,30.0,5,2,1292.6735286944722,1238.4040260434429,1292.6735286944722,True,0,,calibration,0.32,False,log_euclidean_entity_covariance
external_dual_three_phase_flt0z_load_30nm,30.0,6,2,2601.617862394559,2588.3219120267104,2601.617862394559,True,0,,calibration,0.2,False,log_euclidean_entity_covariance
external_dual_three_phase_flt0z_load_30nm,30.0,7,2,5112.633937635434,5112.633937635434,5073.803755332088,True,0,,calibration,0.08,False,log_euclidean_entity_covariance
external_dual_three_phase_flt0z_load_35nm,35.0,0,2,451.65377311267474,418.041819650454,451.65377311267474,True,0,,health_test,0.6,False,log_euclidean_entity_covariance
external_dual_three_phase_flt0z_load_35nm,35.0,1,2,237.8984252453396,144.7866222413599,237.8984252453396,True,0,,health_test,0.8,False,log_euclidean_entity_covariance
external_dual_three_phase_flt0z_load_35nm,35.0,2,2,223.6051549943957,159.71444707487004,223.6051549943957,True,0,,health_test,0.92,False,log_euclidean_entity_covariance
external_dual_three_phase_flt0z_load_35nm,35.0,3,2,346.76829031570264,276.7704400628523,346.76829031570264,True,0,,health_test,0.68,False,log_euclidean_entity_covariance
external_dual_three_phase_flt0z_load_35nm,35.0,4,2,685.1697962905471,604.1685238675454,685.1697962905471,True,0,,health_test,0.4,False,log_euclidean_entity_covariance
external_dual_three_phase_flt0z_load_35nm,35.0,5,2,1295.4219835638767,1238.7010166492896,1295.4219835638767,True,0,,health_test,0.28,False,log_euclidean_entity_covariance
external_dual_three_phase_flt0z_load_35nm,35.0,6,2,2613.1562161875745,2588.072600681558,2613.1562161875745,True,0,,health_test,0.16,False,log_euclidean_entity_covariance
external_dual_three_phase_flt0z_load_35nm,35.0,7,2,5115.063556597425,5115.063556597425,5083.236039820332,True,0,,health_test,0.04,True,log_euclidean_entity_covariance
external_dual_three_phase_flt0z_load_5nm,5.0,0,2,434.88043753332096,390.5263052331454,434.88043753332096,True,0,,health_test,0.64,False,log_euclidean_entity_covariance
external_dual_three_phase_flt0z_load_5nm,5.0,1,2,212.36371985484817,125.47243075840856,212.36371985484817,True,0,,health_test,0.96,False,log_euclidean_entity_covariance
external_dual_three_phase_flt0z_load_5nm,5.0,2,2,186.11618943744222,137.04587763272818,186.11618943744222,True,0,,health_test,1.0,False,log_euclidean_entity_covariance
external_dual_three_phase_flt0z_load_5nm,5.0,3,2,288.7063513691974,252.19243336346648,288.7063513691974,True,0,,health_test,0.76,False,log_euclidean_entity_covariance
external_dual_three_phase_flt0z_load_5nm,5.0,4,2,594.2249725331027,585.4535721419124,594.2249725331027,True,0,,health_test,0.52,False,log_euclidean_entity_covariance
external_dual_three_phase_flt0z_load_5nm,5.0,5,2,1235.2424671684987,1235.2424671684987,1207.212297075313,True,0,,health_test,0.4,False,log_euclidean_entity_covariance
external_dual_three_phase_flt0z_load_5nm,5.0,6,2,2580.9420463712972,2580.9420463712972,2547.611290427603,True,0,,health_test,0.28,False,log_euclidean_entity_covariance
external_dual_three_phase_flt0z_load_5nm,5.0,7,2,5106.441986634226,5106.441986634226,4985.4327260509435,True,0,,health_test,0.16,False,log_euclidean_entity_covariance
external_dual_three_phase_flt1zu_load_0nm,0.0,0,2,570.2009040514082,476.8749674118226,570.2009040514082,False,1,u,fault_test,0.52,False,log_euclidean_entity_covariance
external_dual_three_phase_flt1zu_load_0nm,0.0,1,2,467.77978409572336,199.62160141694068,467.77978409572336,False,1,u,fault_test,0.6,False,log_euclidean_entity_covariance
external_dual_three_phase_flt1zu_load_0nm,0.0,2,2,384.1298939340719,384.1298939340719,300.7347259630878,False,1,u,fault_test,0.64,False,log_euclidean_entity_covariance
external_dual_three_phase_flt1zu_load_0nm,0.0,3,2,427.69843241481914,427.69843241481914,354.8898905969787,False,1,u,fault_test,0.64,False,log_euclidean_entity_covariance
external_dual_three_phase_flt1zu_load_0nm,0.0,4,2,1461.8986160813859,778.4816423735151,1461.8986160813859,False,1,u,fault_test,0.28,False,log_euclidean_entity_covariance
external_dual_three_phase_flt1zu_load_0nm,0.0,5,2,4302.0250729024965,1558.0815631713367,4302.0250729024965,False,1,u,fault_test,0.16,False,log_euclidean_entity_covariance
external_dual_three_phase_flt1zu_load_0nm,0.0,6,2,8456.878022299272,3012.0103087369866,8456.878022299272,False,1,u,fault_test,0.04,True,log_euclidean_entity_covariance
external_dual_three_phase_flt1zu_load_0nm,0.0,7,2,14272.773532489622,5680.209362475863,14272.773532489622,False,1,u,fault_test,0.04,True,log_euclidean_entity_covariance
external_dual_three_phase_flt1zu_load_10nm,10.0,0,2,449.0333145855462,414.59161735468126,449.0333145855462,False,1,u,fault_test,0.64,False,log_euclidean_entity_covariance
external_dual_three_phase_flt1zu_load_10nm,10.0,1,2,255.04582990087485,142.4317787904541,255.04582990087485,False,1,u,fault_test,0.76,False,log_euclidean_entity_covariance
external_dual_three_phase_flt1zu_load_10nm,10.0,2,2,198.37547448768248,160.95943853452283,198.37547448768248,False,1,u,fault_test,1.0,False,log_euclidean_entity_covariance
external_dual_three_phase_flt1zu_load_10nm,10.0,3,2,293.3311320832911,293.3311320832911,269.1076653361581,False,1,u,fault_test,0.76,False,log_euclidean_entity_covariance
external_dual_three_phase_flt1zu_load_10nm,10.0,4,2,641.0327512792852,641.0327512792852,633.6227224301534,False,1,u,fault_test,0.48,False,log_euclidean_entity_covariance
external_dual_three_phase_flt1zu_load_10nm,10.0,5,2,1525.4923430737622,1319.8161103093435,1525.4923430737622,False,1,u,fault_test,0.28,False,log_euclidean_entity_covariance
external_dual_three_phase_flt1zu_load_10nm,10.0,6,2,3433.007111817685,2715.217236097345,3433.007111817685,False,1,u,fault_test,0.16,False,log_euclidean_entity_covariance
external_dual_three_phase_flt1zu_load_10nm,10.0,7,2,7318.93475770574,5485.148022823336,7318.93475770574,False,1,u,fault_test,0.04,True,log_euclidean_entity_covariance
external_dual_three_phase_flt1zu_load_15nm,15.0,0,2,464.36316340036325,395.9761661464293,464.36316340036325,False,1,u,fault_test,0.6,False,log_euclidean_entity_covariance
external_dual_three_phase_flt1zu_load_15nm,15.0,1,2,240.4402724770693,146.63865539365997,240.4402724770693,False,1,u,fault_test,0.8,False,log_euclidean_entity_covariance
external_dual_three_phase_flt1zu_load_15nm,15.0,2,2,203.14485251924526,172.45764670386347,203.14485251924526,False,1,u,fault_test,1.0,False,log_euclidean_entity_covariance
external_dual_three_phase_flt1zu_load_15nm,15.0,3,2,294.94215523850744,294.94215523850744,280.4483856381303,False,1,u,fault_test,0.76,False,log_euclidean_entity_covariance
external_dual_three_phase_flt1zu_load_15nm,15.0,4,2,625.288396574198,625.288396574198,602.3116370638326,False,1,u,fault_test,0.52,False,log_euclidean_entity_covariance
external_dual_three_phase_flt1zu_load_15nm,15.0,5,2,1325.2284301763107,1281.50764048087,1325.2284301763107,False,1,u,fault_test,0.28,False,log_euclidean_entity_covariance
external_dual_three_phase_flt1zu_load_15nm,15.0,6,2,3002.4423916719743,2693.322947762256,3002.4423916719743,False,1,u,fault_test,0.16,False,log_euclidean_entity_covariance
external_dual_three_phase_flt1zu_load_15nm,15.0,7,2,6244.583871737987,5284.776969217276,6244.583871737987,False,1,u,fault_test,0.04,True,log_euclidean_entity_covariance
external_dual_three_phase_flt1zu_load_20nm,20.0,0,2,465.5516002938739,428.2065794352576,465.5516002938739,False,1,u,fault_test,0.6,False,log_euclidean_entity_covariance
external_dual_three_phase_flt1zu_load_20nm,20.0,1,2,251.42641702664443,143.63067920523707,251.42641702664443,False,1,u,fault_test,0.76,False,log_euclidean_entity_covariance
external_dual_three_phase_flt1zu_load_20nm,20.0,2,2,218.36823952514166,160.18416039107152,218.36823952514166,False,1,u,fault_test,0.92,False,log_euclidean_entity_covariance
external_dual_three_phase_flt1zu_load_20nm,20.0,3,2,302.39627647335664,289.5961672301391,302.39627647335664,False,1,u,fault_test,0.76,False,log_euclidean_entity_covariance
external_dual_three_phase_flt1zu_load_20nm,20.0,4,2,621.0943477509832,621.0943477509832,604.0493415928071,False,1,u,fault_test,0.52,False,log_euclidean_entity_covariance
external_dual_three_phase_flt1zu_load_20nm,20.0,5,2,1277.712571678758,1277.712571678758,1258.648599417559,False,1,u,fault_test,0.32,False,log_euclidean_entity_covariance
external_dual_three_phase_flt1zu_load_20nm,20.0,6,2,2763.3203008668206,2656.4739583475125,2763.3203008668206,False,1,u,fault_test,0.16,False,log_euclidean_entity_covariance
external_dual_three_phase_flt1zu_load_20nm,20.0,7,2,5716.92087173108,5238.931374158531,5716.92087173108,False,1,u,fault_test,0.04,True,log_euclidean_entity_covariance
external_dual_three_phase_flt1zu_load_25nm,25.0,0,2,458.3306934810023,417.65025021049627,458.3306934810023,False,1,u,fault_test,0.6,False,log_euclidean_entity_covariance
external_dual_three_phase_flt1zu_load_25nm,25.0,1,2,259.612233220525,144.1169475292306,259.612233220525,False,1,u,fault_test,0.76,False,log_euclidean_entity_covariance
external_dual_three_phase_flt1zu_load_25nm,25.0,2,2,227.37752868620154,167.7326720064986,227.37752868620154,False,1,u,fault_test,0.92,False,log_euclidean_entity_covariance
external_dual_three_phase_flt1zu_load_25nm,25.0,3,2,314.1284590873429,287.9839122510553,314.1284590873429,False,1,u,fault_test,0.76,False,log_euclidean_entity_covariance
external_dual_three_phase_flt1zu_load_25nm,25.0,4,2,621.0113028731752,621.0113028731752,608.2640160837049,False,1,u,fault_test,0.52,False,log_euclidean_entity_covariance
external_dual_three_phase_flt1zu_load_25nm,25.0,5,2,1268.916928874381,1268.916928874381,1235.22527863683,False,1,u,fault_test,0.36,False,log_euclidean_entity_covariance
external_dual_three_phase_flt1zu_load_25nm,25.0,6,2,2655.667545601378,2640.003133191909,2655.667545601378,False,1,u,fault_test,0.16,False,log_euclidean_entity_covariance
external_dual_three_phase_flt1zu_load_25nm,25.0,7,2,5471.581788182954,5219.211656416185,5471.581788182954,False,1,u,fault_test,0.04,True,log_euclidean_entity_covariance
external_dual_three_phase_flt1zu_load_30nm,30.0,0,2,469.9889474983415,399.92998316072783,469.9889474983415,False,1,u,fault_test,0.56,False,log_euclidean_entity_covariance
external_dual_three_phase_flt1zu_load_30nm,30.0,1,2,263.218664591852,148.98118425387665,263.218664591852,False,1,u,fault_test,0.76,False,log_euclidean_entity_covariance
external_dual_three_phase_flt1zu_load_30nm,30.0,2,2,244.4721598211509,159.78124911649877,244.4721598211509,False,1,u,fault_test,0.76,False,log_euclidean_entity_covariance
external_dual_three_phase_flt1zu_load_30nm,30.0,3,2,323.88276437358564,290.18542892583935,323.88276437358564,False,1,u,fault_test,0.72,False,log_euclidean_entity_covariance
external_dual_three_phase_flt1zu_load_30nm,30.0,4,2,623.1148182810491,620.880706192323,623.1148182810491,False,1,u,fault_test,0.52,False,log_euclidean_entity_covariance
external_dual_three_phase_flt1zu_load_30nm,30.0,5,2,1263.111688872211,1263.111688872211,1230.3570603222015,False,1,u,fault_test,0.36,False,log_euclidean_entity_covariance
external_dual_three_phase_flt1zu_load_30nm,30.0,6,2,2632.048864064464,2632.048864064464,2609.6916654312254,False,1,u,fault_test,0.16,False,log_euclidean_entity_covariance
external_dual_three_phase_flt1zu_load_30nm,30.0,7,2,5331.7129257514,5207.533522787846,5331.7129257514,False,1,u,fault_test,0.04,True,log_euclidean_entity_covariance
external_dual_three_phase_flt1zu_load_35nm,35.0,0,2,441.611212155421,418.10149514945766,441.611212155421,False,1,u,fault_test,0.64,False,log_euclidean_entity_covariance
external_dual_three_phase_flt1zu_load_35nm,35.0,1,2,254.15740739993646,147.2979263827109,254.15740739993646,False,1,u,fault_test,0.76,False,log_euclidean_entity_covariance
external_dual_three_phase_flt1zu_load_35nm,35.0,2,2,252.64586619945936,157.81606797829602,252.64586619945936,False,1,u,fault_test,0.76,False,log_euclidean_entity_covariance
external_dual_three_phase_flt1zu_load_35nm,35.0,3,2,333.81920551327914,285.89679754711176,333.81920551327914,False,1,u,fault_test,0.72,False,log_euclidean_entity_covariance
external_dual_three_phase_flt1zu_load_35nm,35.0,4,2,625.6796546542031,622.5151885812134,625.6796546542031,False,1,u,fault_test,0.52,False,log_euclidean_entity_covariance
external_dual_three_phase_flt1zu_load_35nm,35.0,5,2,1258.8934462753023,1258.8934462753023,1236.0302222773598,False,1,u,fault_test,0.36,False,log_euclidean_entity_covariance
external_dual_three_phase_flt1zu_load_35nm,35.0,6,2,2627.9922254810094,2627.9922254810094,2580.2330097886056,False,1,u,fault_test,0.16,False,log_euclidean_entity_covariance
external_dual_three_phase_flt1zu_load_35nm,35.0,7,2,5232.117094435146,5189.399511571426,5232.117094435146,False,1,u,fault_test,0.04,True,log_euclidean_entity_covariance
external_dual_three_phase_flt1zu_load_5nm,5.0,0,2,491.325777198541,369.8948506600359,491.325777198541,False,1,u,fault_test,0.52,False,log_euclidean_entity_covariance
external_dual_three_phase_flt1zu_load_5nm,5.0,1,2,221.77370948739826,130.50761742098115,221.77370948739826,False,1,u,fault_test,0.92,False,log_euclidean_entity_covariance
external_dual_three_phase_flt1zu_load_5nm,5.0,2,2,186.0707118903586,154.26486850285485,186.0707118903586,False,1,u,fault_test,1.0,False,log_euclidean_entity_covariance
external_dual_three_phase_flt1zu_load_5nm,5.0,3,2,325.3525626719507,325.3525626719507,309.682289333324,False,1,u,fault_test,0.72,False,log_euclidean_entity_covariance
external_dual_three_phase_flt1zu_load_5nm,5.0,4,2,1015.7633264689448,721.0403621979402,1015.7633264689448,False,1,u,fault_test,0.4,False,log_euclidean_entity_covariance
external_dual_three_phase_flt1zu_load_5nm,5.0,5,2,2445.299563297971,1481.2009400278614,2445.299563297971,False,1,u,fault_test,0.28,False,log_euclidean_entity_covariance
external_dual_three_phase_flt1zu_load_5nm,5.0,6,2,5536.674152431021,2982.3445326522196,5536.674152431021,False,1,u,fault_test,0.04,True,log_euclidean_entity_covariance
external_dual_three_phase_flt1zu_load_5nm,5.0,7,2,11215.757073207984,5773.890869380398,11215.757073207984,False,1,u,fault_test,0.04,True,log_euclidean_entity_covariance
external_dual_three_phase_flt2zv_load_0nm,0.0,0,2,889.0674925859232,339.395585930064,889.0674925859232,False,2,v,fault_test,0.4,False,log_euclidean_entity_covariance
external_dual_three_phase_flt2zv_load_0nm,0.0,1,2,2037.105616468824,102.97149432881629,2037.105616468824,False,2,v,fault_test,0.28,False,log_euclidean_entity_covariance
external_dual_three_phase_flt2zv_load_0nm,0.0,2,2,3595.2844748661487,132.37687657068733,3595.2844748661487,False,2,v,fault_test,0.16,False,log_euclidean_entity_covariance
external_dual_three_phase_flt2zv_load_0nm,0.0,3,2,6622.382320356099,246.81177290950663,6622.382320356099,False,2,v,fault_test,0.04,True,log_euclidean_entity_covariance
external_dual_three_phase_flt2zv_load_0nm,0.0,4,2,11179.754403870977,556.2494062168555,11179.754403870977,False,2,v,fault_test,0.04,True,log_euclidean_entity_covariance
external_dual_three_phase_flt2zv_load_0nm,0.0,5,2,16732.209914140316,1203.1080417497715,16732.209914140316,False,2,v,fault_test,0.04,True,log_euclidean_entity_covariance
external_dual_three_phase_flt2zv_load_0nm,0.0,6,2,21176.539208858056,2593.3565039593154,21176.539208858056,False,2,v,fault_test,0.04,True,log_euclidean_entity_covariance
external_dual_three_phase_flt2zv_load_0nm,0.0,7,2,19660.8521898028,5140.711500650763,19660.8521898028,False,2,v,fault_test,0.04,True,log_euclidean_entity_covariance
external_dual_three_phase_flt2zv_load_10nm,10.0,0,2,411.5243161181804,388.780975520827,411.5243161181804,False,2,v,fault_test,0.64,False,log_euclidean_entity_covariance
external_dual_three_phase_flt2zv_load_10nm,10.0,1,2,148.81839733069742,143.6050317518377,148.81839733069742,False,2,v,fault_test,1.0,False,log_euclidean_entity_covariance
external_dual_three_phase_flt2zv_load_10nm,10.0,2,2,440.7968660009273,155.28497921907652,440.7968660009273,False,2,v,fault_test,0.64,False,log_euclidean_entity_covariance
external_dual_three_phase_flt2zv_load_10nm,10.0,3,2,834.1821483726457,275.48555572188496,834.1821483726457,False,2,v,fault_test,0.4,False,log_euclidean_entity_covariance
external_dual_three_phase_flt2zv_load_10nm,10.0,4,2,1664.9186103255445,604.302573786179,1664.9186103255445,False,2,v,fault_test,0.28,False,log_euclidean_entity_covariance
external_dual_three_phase_flt2zv_load_10nm,10.0,5,2,2824.5099343084516,1244.3770246164684,2824.5099343084516,False,2,v,fault_test,0.16,False,log_euclidean_entity_covariance
external_dual_three_phase_flt2zv_load_10nm,10.0,6,2,4757.802206074504,2605.1271566646,4757.802206074504,False,2,v,fault_test,0.16,False,log_euclidean_entity_covariance
external_dual_three_phase_flt2zv_load_10nm,10.0,7,2,8277.873660723333,5277.880361224349,8277.873660723333,False,2,v,fault_test,0.04,True,log_euclidean_entity_covariance
external_dual_three_phase_flt2zv_load_15nm,15.0,0,2,442.30095058102455,400.99380479832274,442.30095058102455,False,2,v,fault_test,0.64,False,log_euclidean_entity_covariance
external_dual_three_phase_flt2zv_load_15nm,15.0,1,2,154.82233742459275,147.7604498506175,154.82233742459275,False,2,v,fault_test,1.0,False,log_euclidean_entity_covariance
external_dual_three_phase_flt2zv_load_15nm,15.0,2,2,271.83932623855503,158.25599522929522,271.83932623855503,False,2,v,fault_test,0.76,False,log_euclidean_entity_covariance
external_dual_three_phase_flt2zv_load_15nm,15.0,3,2,631.1551177576699,281.240588897201,631.1551177576699,False,2,v,fault_test,0.52,False,log_euclidean_entity_covariance
external_dual_three_phase_flt2zv_load_15nm,15.0,4,2,1304.5460538703949,607.6858856613769,1304.5460538703949,False,2,v,fault_test,0.28,False,log_euclidean_entity_covariance
external_dual_three_phase_flt2zv_load_15nm,15.0,5,2,2310.0895351307804,1246.028212905343,2310.0895351307804,False,2,v,fault_test,0.28,False,log_euclidean_entity_covariance
external_dual_three_phase_flt2zv_load_15nm,15.0,6,2,4091.525601434154,2604.049356169615,4091.525601434154,False,2,v,fault_test,0.16,False,log_euclidean_entity_covariance
external_dual_three_phase_flt2zv_load_15nm,15.0,7,2,7472.126477714111,5277.934364602417,7472.126477714111,False,2,v,fault_test,0.04,True,log_euclidean_entity_covariance
external_dual_three_phase_flt2zv_load_20nm,20.0,0,2,431.4170578425036,406.03826780554033,431.4170578425036,False,2,v,fault_test,0.64,False,log_euclidean_entity_covariance
external_dual_three_phase_flt2zv_load_20nm,20.0,1,2,175.94111874635675,150.68652249893594,175.94111874635675,False,2,v,fault_test,1.0,False,log_euclidean_entity_covariance
external_dual_three_phase_flt2zv_load_20nm,20.0,2,2,242.78269909135986,156.64723752964184,242.78269909135986,False,2,v,fault_test,0.76,False,log_euclidean_entity_covariance
external_dual_three_phase_flt2zv_load_20nm,20.0,3,2,482.2819561331417,283.271049215698,482.2819561331417,False,2,v,fault_test,0.52,False,log_euclidean_entity_covariance
external_dual_three_phase_flt2zv_load_20nm,20.0,4,2,1109.6763023880262,610.6827035489902,1109.6763023880262,False,2,v,fault_test,0.4,False,log_euclidean_entity_covariance
external_dual_three_phase_flt2zv_load_20nm,20.0,5,2,2033.7198485818096,1247.2897568759986,2033.7198485818096,False,2,v,fault_test,0.28,False,log_euclidean_entity_covariance
external_dual_three_phase_flt2zv_load_20nm,20.0,6,2,3732.814354543808,2605.66999217145,3732.814354543808,False,2,v,fault_test,0.16,False,log_euclidean_entity_covariance
external_dual_three_phase_flt2zv_load_20nm,20.0,7,2,7038.744604844177,5276.831308724108,7038.744604844177,False,2,v,fault_test,0.04,True,log_euclidean_entity_covariance
external_dual_three_phase_flt2zv_load_25nm,25.0,0,2,410.1152269263624,410.1152269263624,385.4353963368357,False,2,v,fault_test,0.64,False,log_euclidean_entity_covariance
external_dual_three_phase_flt2zv_load_25nm,25.0,1,2,188.26834188106642,145.97318359888578,188.26834188106642,False,2,v,fault_test,1.0,False,log_euclidean_entity_covariance
external_dual_three_phase_flt2zv_load_25nm,25.0,2,2,193.848037381566,161.56117779968946,193.848037381566,False,2,v,fault_test,1.0,False,log_euclidean_entity_covariance
external_dual_three_phase_flt2zv_load_25nm,25.0,3,2,443.9232255183256,282.16199306282175,443.9232255183256,False,2,v,fault_test,0.64,False,log_euclidean_entity_covariance
external_dual_three_phase_flt2zv_load_25nm,25.0,4,2,951.4791610263152,611.2157325890423,951.4791610263152,False,2,v,fault_test,0.4,False,log_euclidean_entity_covariance
external_dual_three_phase_flt2zv_load_25nm,25.0,5,2,1843.0458940157046,1248.9659175619886,1843.0458940157046,False,2,v,fault_test,0.28,False,log_euclidean_entity_covariance
external_dual_three_phase_flt2zv_load_25nm,25.0,6,2,3563.4659304794286,2605.6103887275012,3563.4659304794286,False,2,v,fault_test,0.16,False,log_euclidean_entity_covariance
external_dual_three_phase_flt2zv_load_25nm,25.0,7,2,6777.922608414227,5277.981610126472,6777.922608414227,False,2,v,fault_test,0.04,True,log_euclidean_entity_covariance
external_dual_three_phase_flt2zv_load_30nm,30.0,0,2,418.76493578569085,418.76493578569085,391.0260660792711,False,2,v,fault_test,0.64,False,log_euclidean_entity_covariance
external_dual_three_phase_flt2zv_load_30nm,30.0,1,2,188.43774978665067,145.96679330547948,188.43774978665067,False,2,v,fault_test,1.0,False,log_euclidean_entity_covariance
external_dual_three_phase_flt2zv_load_30nm,30.0,2,2,183.19949809589784,162.52839622748752,183.19949809589784,False,2,v,fault_test,1.0,False,log_euclidean_entity_covariance
external_dual_three_phase_flt2zv_load_30nm,30.0,3,2,384.3751425783783,284.01042117713354,384.3751425783783,False,2,v,fault_test,0.64,False,log_euclidean_entity_covariance
external_dual_three_phase_flt2zv_load_30nm,30.0,4,2,876.1541852992684,613.4114545248119,876.1541852992684,False,2,v,fault_test,0.4,False,log_euclidean_entity_covariance
external_dual_three_phase_flt2zv_load_30nm,30.0,5,2,1779.0466249542303,1249.9034156895887,1779.0466249542303,False,2,v,fault_test,0.28,False,log_euclidean_entity_covariance
external_dual_three_phase_flt2zv_load_30nm,30.0,6,2,3426.9815188631005,2606.0432334828347,3426.9815188631005,False,2,v,fault_test,0.16,False,log_euclidean_entity_covariance
external_dual_three_phase_flt2zv_load_30nm,30.0,7,2,6484.09644374248,5141.98736970121,6484.09644374248,False,2,v,fault_test,0.04,True,log_euclidean_entity_covariance
external_dual_three_phase_flt2zv_load_35nm,35.0,0,2,421.9290750309394,407.3316099196861,421.9290750309394,False,2,v,fault_test,0.64,False,log_euclidean_entity_covariance
external_dual_three_phase_flt2zv_load_35nm,35.0,1,2,205.12352882383666,146.6763420054272,205.12352882383666,False,2,v,fault_test,1.0,False,log_euclidean_entity_covariance
external_dual_three_phase_flt2zv_load_35nm,35.0,2,2,175.33970665788678,160.32909028887968,175.33970665788678,False,2,v,fault_test,1.0,False,log_euclidean_entity_covariance
external_dual_three_phase_flt2zv_load_35nm,35.0,3,2,357.3921231411319,285.58581813733736,357.3921231411319,False,2,v,fault_test,0.64,False,log_euclidean_entity_covariance
external_dual_three_phase_flt2zv_load_35nm,35.0,4,2,835.6436580666466,614.4397592668954,835.6436580666466,False,2,v,fault_test,0.4,False,log_euclidean_entity_covariance
external_dual_three_phase_flt2zv_load_35nm,35.0,5,2,1706.085543281138,1250.6526704954488,1706.085543281138,False,2,v,fault_test,0.28,False,log_euclidean_entity_covariance
external_dual_three_phase_flt2zv_load_35nm,35.0,6,2,3352.319389899808,2605.674445979955,3352.319389899808,False,2,v,fault_test,0.16,False,log_euclidean_entity_covariance
external_dual_three_phase_flt2zv_load_35nm,35.0,7,2,6393.5591280839535,5141.228138742391,6393.5591280839535,False,2,v,fault_test,0.04,True,log_euclidean_entity_covariance
external_dual_three_phase_flt2zv_load_5nm,5.0,0,2,390.62634333044593,390.62634333044593,336.01636447865087,False,2,v,fault_test,0.64,False,log_euclidean_entity_covariance
external_dual_three_phase_flt2zv_load_5nm,5.0,1,2,331.30019509626175,137.6442216349127,331.30019509626175,False,2,v,fault_test,0.72,False,log_euclidean_entity_covariance
external_dual_three_phase_flt2zv_load_5nm,5.0,2,2,788.4058075595156,148.1038847612861,788.4058075595156,False,2,v,fault_test,0.4,False,log_euclidean_entity_covariance
external_dual_three_phase_flt2zv_load_5nm,5.0,3,2,1489.3627599483775,265.97632651726457,1489.3627599483775,False,2,v,fault_test,0.28,False,log_euclidean_entity_covariance
external_dual_three_phase_flt2zv_load_5nm,5.0,4,2,2767.3995940690543,598.0515466993489,2767.3995940690543,False,2,v,fault_test,0.16,False,log_euclidean_entity_covariance
external_dual_three_phase_flt2zv_load_5nm,5.0,5,2,4263.530099357991,1240.2357897457855,4263.530099357991,False,2,v,fault_test,0.16,False,log_euclidean_entity_covariance
external_dual_three_phase_flt2zv_load_5nm,5.0,6,2,6426.584283448104,2599.9650942490416,6426.584283448104,False,2,v,fault_test,0.04,True,log_euclidean_entity_covariance
external_dual_three_phase_flt2zv_load_5nm,5.0,7,2,10135.920130218852,5275.525725564615,10135.920130218852,False,2,v,fault_test,0.04,True,log_euclidean_entity_covariance
external_dual_three_phase_flt3zu_load_0nm,0.0,0,2,486.35816647291114,357.2945820056074,486.35816647291114,False,3,u,fault_test,0.52,False,log_euclidean_entity_covariance
external_dual_three_phase_flt3zu_load_0nm,0.0,1,2,300.9996102507116,114.26938222162994,300.9996102507116,False,3,u,fault_test,0.76,False,log_euclidean_entity_covariance
external_dual_three_phase_flt3zu_load_0nm,0.0,2,2,1815.7271087619577,124.63569333702524,1815.7271087619577,False,3,u,fault_test,0.28,False,log_euclidean_entity_covariance
external_dual_three_phase_flt3zu_load_0nm,0.0,3,2,6789.439049048607,252.45151716069697,6789.439049048607,False,3,u,fault_test,0.04,True,log_euclidean_entity_covariance
external_dual_three_phase_flt3zu_load_0nm,0.0,4,2,14691.117452200371,613.1473705682674,14691.117452200371,False,3,u,fault_test,0.04,True,log_euclidean_entity_covariance
external_dual_three_phase_flt3zu_load_0nm,0.0,5,2,24638.15439780992,1288.1053689880862,24638.15439780992,False,3,u,fault_test,0.04,True,log_euclidean_entity_covariance
external_dual_three_phase_flt3zu_load_0nm,0.0,6,2,35575.35946359502,2690.667619356276,35575.35946359502,False,3,u,fault_test,0.04,True,log_euclidean_entity_covariance
external_dual_three_phase_flt3zu_load_0nm,0.0,7,2,36659.12644194254,5167.725112050486,36659.12644194254,False,3,u,fault_test,0.04,True,log_euclidean_entity_covariance
external_dual_three_phase_flt3zu_load_10nm,10.0,0,2,511.7418527179342,392.0961796516065,511.7418527179342,False,3,u,fault_test,0.52,False,log_euclidean_entity_covariance
external_dual_three_phase_flt3zu_load_10nm,10.0,1,2,183.81174580929763,145.37280735668364,183.81174580929763,False,3,u,fault_test,1.0,False,log_euclidean_entity_covariance
external_dual_three_phase_flt3zu_load_10nm,10.0,2,2,268.23364434039706,158.29870340672545,268.23364434039706,False,3,u,fault_test,0.76,False,log_euclidean_entity_covariance
external_dual_three_phase_flt3zu_load_10nm,10.0,3,2,1018.997773688987,287.96959842753057,1018.997773688987,False,3,u,fault_test,0.4,False,log_euclidean_entity_covariance
external_dual_three_phase_flt3zu_load_10nm,10.0,4,2,2551.0578811533996,622.2710321524812,2551.0578811533996,False,3,u,fault_test,0.28,False,log_euclidean_entity_covariance
external_dual_three_phase_flt3zu_load_10nm,10.0,5,2,5191.12514568706,1255.1835913270845,5191.12514568706,False,3,u,fault_test,0.04,True,log_euclidean_entity_covariance
external_dual_three_phase_flt3zu_load_10nm,10.0,6,2,9199.540102681476,2611.5325064420717,9199.540102681476,False,3,u,fault_test,0.04,True,log_euclidean_entity_covariance
external_dual_three_phase_flt3zu_load_10nm,10.0,7,2,17033.10581752103,5283.343145002568,17033.10581752103,False,3,u,fault_test,0.04,True,log_euclidean_entity_covariance
external_dual_three_phase_flt3zu_load_15nm,15.0,0,2,490.2262099843206,404.61526034365517,490.2262099843206,False,3,u,fault_test,0.52,False,log_euclidean_entity_covariance
external_dual_three_phase_flt3zu_load_15nm,15.0,1,2,213.7793002032162,152.88515599356194,213.7793002032162,False,3,u,fault_test,0.96,False,log_euclidean_entity_covariance
external_dual_three_phase_flt3zu_load_15nm,15.0,2,2,181.20356581284014,159.6519320772864,181.20356581284014,False,3,u,fault_test,1.0,False,log_euclidean_entity_covariance
external_dual_three_phase_flt3zu_load_15nm,15.0,3,2,588.515377678482,287.1984579879463,588.515377678482,False,3,u,fault_test,0.52,False,log_euclidean_entity_covariance
external_dual_three_phase_flt3zu_load_15nm,15.0,4,2,1687.6535842292294,621.5173005932895,1687.6535842292294,False,3,u,fault_test,0.28,False,log_euclidean_entity_covariance
external_dual_three_phase_flt3zu_load_15nm,15.0,5,2,3559.8224294068937,1254.178661433883,3559.8224294068937,False,3,u,fault_test,0.16,False,log_euclidean_entity_covariance
external_dual_three_phase_flt3zu_load_15nm,15.0,6,2,7047.4183410725045,2613.3045807441363,7047.4183410725045,False,3,u,fault_test,0.04,True,log_euclidean_entity_covariance
external_dual_three_phase_flt3zu_load_15nm,15.0,7,2,13316.105882739908,5278.562203646705,13316.105882739908,False,3,u,fault_test,0.04,True,log_euclidean_entity_covariance
external_dual_three_phase_flt3zu_load_20nm,20.0,0,2,496.9458203331698,420.631485551308,496.9458203331698,False,3,u,fault_test,0.52,False,log_euclidean_entity_covariance
external_dual_three_phase_flt3zu_load_20nm,20.0,1,2,221.68047765416725,152.04184817860485,221.68047765416725,False,3,u,fault_test,0.92,False,log_euclidean_entity_covariance
external_dual_three_phase_flt3zu_load_20nm,20.0,2,2,164.61339421641105,164.61339421641105,163.55500828340666,False,3,u,fault_test,1.0,False,log_euclidean_entity_covariance
external_dual_three_phase_flt3zu_load_20nm,20.0,3,2,449.7461302527118,289.28983272310256,449.7461302527118,False,3,u,fault_test,0.64,False,log_euclidean_entity_covariance
external_dual_three_phase_flt3zu_load_20nm,20.0,4,2,1308.490063608658,619.321517155633,1308.490063608658,False,3,u,fault_test,0.28,False,log_euclidean_entity_covariance
external_dual_three_phase_flt3zu_load_20nm,20.0,5,2,2831.8132328800643,1257.0716220215127,2831.8132328800643,False,3,u,fault_test,0.16,False,log_euclidean_entity_covariance
external_dual_three_phase_flt3zu_load_20nm,20.0,6,2,5745.875420528452,2609.819889150366,5745.875420528452,False,3,u,fault_test,0.04,True,log_euclidean_entity_covariance
external_dual_three_phase_flt3zu_load_20nm,20.0,7,2,11222.601265877764,5278.599177729804,11222.601265877764,False,3,u,fault_test,0.04,True,log_euclidean_entity_covariance
external_dual_three_phase_flt3zu_load_25nm,25.0,0,2,482.36122015308047,418.4524324765984,482.36122015308047,False,3,u,fault_test,0.52,False,log_euclidean_entity_covariance
external_dual_three_phase_flt3zu_load_25nm,25.0,1,2,242.4423889377952,147.9761442781088,242.4423889377952,False,3,u,fault_test,0.76,False,log_euclidean_entity_covariance
external_dual_three_phase_flt3zu_load_25nm,25.0,2,2,162.23465819476218,162.23465819476218,156.9114388384124,False,3,u,fault_test,1.0,False,log_euclidean_entity_covariance
external_dual_three_phase_flt3zu_load_25nm,25.0,3,2,353.53183087894513,287.987879633108,353.53183087894513,False,3,u,fault_test,0.68,False,log_euclidean_entity_covariance
external_dual_three_phase_flt3zu_load_25nm,25.0,4,2,1006.9635626036115,620.1388981044232,1006.9635626036115,False,3,u,fault_test,0.4,False,log_euclidean_entity_covariance
external_dual_three_phase_flt3zu_load_25nm,25.0,5,2,2242.1346328447707,1254.8408877704826,2242.1346328447707,False,3,u,fault_test,0.28,False,log_euclidean_entity_covariance
external_dual_three_phase_flt3zu_load_25nm,25.0,6,2,4840.962979756108,2610.828212738491,4840.962979756108,False,3,u,fault_test,0.16,False,log_euclidean_entity_covariance
external_dual_three_phase_flt3zu_load_25nm,25.0,7,2,9777.080009746129,5278.509261532966,9777.080009746129,False,3,u,fault_test,0.04,True,log_euclidean_entity_covariance
external_dual_three_phase_flt3zu_load_30nm,30.0,0,2,480.5397387657025,414.9047897435906,480.5397387657025,False,3,u,fault_test,0.52,False,log_euclidean_entity_covariance
external_dual_three_phase_flt3zu_load_30nm,30.0,1,2,248.264040702936,153.82351413320168,248.264040702936,False,3,u,fault_test,0.76,False,log_euclidean_entity_covariance
external_dual_three_phase_flt3zu_load_30nm,30.0,2,2,162.6019811985451,162.6019811985451,157.04844100208186,False,3,u,fault_test,1.0,False,log_euclidean_entity_covariance
external_dual_three_phase_flt3zu_load_30nm,30.0,3,2,317.86343261464503,286.7854867721338,317.86343261464503,False,3,u,fault_test,0.76,False,log_euclidean_entity_covariance
external_dual_three_phase_flt3zu_load_30nm,30.0,4,2,885.1662233280373,619.9164500772974,885.1662233280373,False,3,u,fault_test,0.4,False,log_euclidean_entity_covariance
external_dual_three_phase_flt3zu_load_30nm,30.0,5,2,2032.9458311154604,1255.1837393604276,2032.9458311154604,False,3,u,fault_test,0.28,False,log_euclidean_entity_covariance
external_dual_three_phase_flt3zu_load_30nm,30.0,6,2,4328.004579544185,2609.2408342640297,4328.004579544185,False,3,u,fault_test,0.16,False,log_euclidean_entity_covariance
external_dual_three_phase_flt3zu_load_30nm,30.0,7,2,8915.532924065346,5277.489834777402,8915.532924065346,False,3,u,fault_test,0.04,True,log_euclidean_entity_covariance
external_dual_three_phase_flt3zu_load_35nm,35.0,0,2,482.0501338930967,409.6025001647652,482.0501338930967,False,3,u,fault_test,0.52,False,log_euclidean_entity_covariance
external_dual_three_phase_flt3zu_load_35nm,35.0,1,2,237.60588163009638,152.881334500072,237.60588163009638,False,3,u,fault_test,0.8,False,log_euclidean_entity_covariance
external_dual_three_phase_flt3zu_load_35nm,35.0,2,2,181.195617129182,161.35725382387872,181.195617129182,False,3,u,fault_test,1.0,False,log_euclidean_entity_covariance
external_dual_three_phase_flt3zu_load_35nm,35.0,3,2,291.5662791138844,288.27205248775664,291.5662791138844,False,3,u,fault_test,0.76,False,log_euclidean_entity_covariance
external_dual_three_phase_flt3zu_load_35nm,35.0,4,2,753.903994304862,619.1203654733373,753.903994304862,False,3,u,fault_test,0.4,False,log_euclidean_entity_covariance
external_dual_three_phase_flt3zu_load_35nm,35.0,5,2,1746.76215927983,1255.1026239576158,1746.76215927983,False,3,u,fault_test,0.28,False,log_euclidean_entity_covariance
external_dual_three_phase_flt3zu_load_35nm,35.0,6,2,3781.159822543595,2608.355903452638,3781.159822543595,False,3,u,fault_test,0.16,False,log_euclidean_entity_covariance
external_dual_three_phase_flt3zu_load_35nm,35.0,7,2,8074.7381409421805,5278.4472956088985,8074.7381409421805,False,3,u,fault_test,0.04,True,log_euclidean_entity_covariance
external_dual_three_phase_flt3zu_load_5nm,5.0,0,2,514.5771167569739,402.9113196373977,514.5771167569739,False,3,u,fault_test,0.52,False,log_euclidean_entity_covariance
external_dual_three_phase_flt3zu_load_5nm,5.0,1,2,186.0694787348996,130.19990803311936,186.0694787348996,False,3,u,fault_test,1.0,False,log_euclidean_entity_covariance
external_dual_three_phase_flt3zu_load_5nm,5.0,2,2,695.5669090300486,158.11086610971856,695.5669090300486,False,3,u,fault_test,0.4,False,log_euclidean_entity_covariance
external_dual_three_phase_flt3zu_load_5nm,5.0,3,2,2224.211006058941,288.1225738136945,2224.211006058941,False,3,u,fault_test,0.28,False,log_euclidean_entity_covariance
external_dual_three_phase_flt3zu_load_5nm,5.0,4,2,4796.06769675474,612.7370242196855,4796.06769675474,False,3,u,fault_test,0.16,False,log_euclidean_entity_covariance
external_dual_three_phase_flt3zu_load_5nm,5.0,5,2,9452.515079094741,1259.9282760270512,9452.515079094741,False,3,u,fault_test,0.04,True,log_euclidean_entity_covariance
external_dual_three_phase_flt3zu_load_5nm,5.0,6,2,15668.48739424411,2619.1822211647304,15668.48739424411,False,3,u,fault_test,0.04,True,log_euclidean_entity_covariance
external_dual_three_phase_flt3zu_load_5nm,5.0,7,2,25100.234039192077,5286.079177973865,25100.234039192077,False,3,u,fault_test,0.04,True,log_euclidean_entity_covariance
external_dual_three_phase_flt4zv_load_0nm,0.0,0,2,848.1611397045182,362.56455066592565,848.1611397045182,False,4,v,fault_test,0.4,False,log_euclidean_entity_covariance
external_dual_three_phase_flt4zv_load_0nm,0.0,1,2,1937.5638460021155,105.43311800124111,1937.5638460021155,False,4,v,fault_test,0.28,False,log_euclidean_entity_covariance
external_dual_three_phase_flt4zv_load_0nm,0.0,2,2,4155.729921917262,105.42561176823824,4155.729921917262,False,4,v,fault_test,0.16,False,log_euclidean_entity_covariance
external_dual_three_phase_flt4zv_load_0nm,0.0,3,2,7548.52826932337,215.56866889173546,7548.52826932337,False,4,v,fault_test,0.04,True,log_euclidean_entity_covariance
external_dual_three_phase_flt4zv_load_0nm,0.0,4,2,12189.44809967607,552.2704413692228,12189.44809967607,False,4,v,fault_test,0.04,True,log_euclidean_entity_covariance
external_dual_three_phase_flt4zv_load_0nm,0.0,5,2,14672.881198898313,1161.8083890730163,14672.881198898313,False,4,v,fault_test,0.04,True,log_euclidean_entity_covariance
external_dual_three_phase_flt4zv_load_0nm,0.0,6,2,16013.716202991302,2600.478496964849,16013.716202991302,False,4,v,fault_test,0.04,True,log_euclidean_entity_covariance
external_dual_three_phase_flt4zv_load_0nm,0.0,7,2,10838.425752370633,5153.103814065401,10838.425752370633,False,4,v,fault_test,0.04,True,log_euclidean_entity_covariance
external_dual_three_phase_flt4zv_load_10nm,10.0,0,2,424.65430061902947,424.65430061902947,344.3313959357058,False,4,v,fault_test,0.64,False,log_euclidean_entity_covariance
external_dual_three_phase_flt4zv_load_10nm,10.0,1,2,366.668595736072,142.39672105003126,366.668595736072,False,4,v,fault_test,0.64,False,log_euclidean_entity_covariance
external_dual_three_phase_flt4zv_load_10nm,10.0,2,2,714.6761031771001,150.3600566304029,714.6761031771001,False,4,v,fault_test,0.4,False,log_euclidean_entity_covariance
external_dual_three_phase_flt4zv_load_10nm,10.0,3,2,1192.6812179749638,271.24194942856315,1192.6812179749638,False,4,v,fault_test,0.4,False,log_euclidean_entity_covariance
external_dual_three_phase_flt4zv_load_10nm,10.0,4,2,2002.0700671506484,602.0304633028495,2002.0700671506484,False,4,v,fault_test,0.28,False,log_euclidean_entity_covariance
external_dual_three_phase_flt4zv_load_10nm,10.0,5,2,3101.055663391774,1243.353363473671,3101.055663391774,False,4,v,fault_test,0.16,False,log_euclidean_entity_covariance
external_dual_three_phase_flt4zv_load_10nm,10.0,6,2,5098.434745485324,2603.7298909016567,5098.434745485324,False,4,v,fault_test,0.16,False,log_euclidean_entity_covariance
external_dual_three_phase_flt4zv_load_10nm,10.0,7,2,8577.857776789075,5140.566127061715,8577.857776789075,False,4,v,fault_test,0.04,True,log_euclidean_entity_covariance
external_dual_three_phase_flt4zv_load_15nm,15.0,0,2,415.8213276254492,415.8213276254492,346.1231449649577,False,4,v,fault_test,0.64,False,log_euclidean_entity_covariance
external_dual_three_phase_flt4zv_load_15nm,15.0,1,2,246.71713296365206,145.0250668507615,246.71713296365206,False,4,v,fault_test,0.76,False,log_euclidean_entity_covariance
external_dual_three_phase_flt4zv_load_15nm,15.0,2,2,502.7381846521523,156.12373585345222,502.7381846521523,False,4,v,fault_test,0.52,False,log_euclidean_entity_covariance
external_dual_three_phase_flt4zv_load_15nm,15.0,3,2,909.2365691915895,278.692435423827,909.2365691915895,False,4,v,fault_test,0.4,False,log_euclidean_entity_covariance
external_dual_three_phase_flt4zv_load_15nm,15.0,4,2,1613.411295662315,607.1175782653521,1613.411295662315,False,4,v,fault_test,0.28,False,log_euclidean_entity_covariance
external_dual_three_phase_flt4zv_load_15nm,15.0,5,2,2711.022199903272,1246.7531825631079,2711.022199903272,False,4,v,fault_test,0.16,False,log_euclidean_entity_covariance
external_dual_three_phase_flt4zv_load_15nm,15.0,6,2,4551.6810849993535,2605.257525554021,4551.6810849993535,False,4,v,fault_test,0.16,False,log_euclidean_entity_covariance
external_dual_three_phase_flt4zv_load_15nm,15.0,7,2,8080.623088690329,5277.508514910004,8080.623088690329,False,4,v,fault_test,0.04,True,log_euclidean_entity_covariance
external_dual_three_phase_flt4zv_load_20nm,20.0,0,2,432.58618794722247,432.58618794722247,352.62489733068566,False,4,v,fault_test,0.64,False,log_euclidean_entity_covariance
external_dual_three_phase_flt4zv_load_20nm,20.0,1,2,196.76435030247546,146.09875734094368,196.76435030247546,False,4,v,fault_test,1.0,False,log_euclidean_entity_covariance
external_dual_three_phase_flt4zv_load_20nm,20.0,2,2,430.1246564663232,158.84611559248927,430.1246564663232,False,4,v,fault_test,0.64,False,log_euclidean_entity_covariance
external_dual_three_phase_flt4zv_load_20nm,20.0,3,2,763.356265925627,280.03242491065333,763.356265925627,False,4,v,fault_test,0.4,False,log_euclidean_entity_covariance
external_dual_three_phase_flt4zv_load_20nm,20.0,4,2,1441.4573855179133,607.9346913804715,1441.4573855179133,False,4,v,fault_test,0.28,False,log_euclidean_entity_covariance
external_dual_three_phase_flt4zv_load_20nm,20.0,5,2,2451.903955483603,1247.0012275728182,2451.903955483603,False,4,v,fault_test,0.28,False,log_euclidean_entity_covariance
external_dual_three_phase_flt4zv_load_20nm,20.0,6,2,4295.47139650126,2606.9833550997128,4295.47139650126,False,4,v,fault_test,0.16,False,log_euclidean_entity_covariance
external_dual_three_phase_flt4zv_load_20nm,20.0,7,2,7773.009897164819,5278.152571723682,7773.009897164819,False,4,v,fault_test,0.04,True,log_euclidean_entity_covariance
external_dual_three_phase_flt4zv_load_25nm,25.0,0,2,402.9921789740973,402.9921789740973,374.8704017938326,False,4,v,fault_test,0.64,False,log_euclidean_entity_covariance
external_dual_three_phase_flt4zv_load_25nm,25.0,1,2,166.7781148782499,149.0866573984158,166.7781148782499,False,4,v,fault_test,1.0,False,log_euclidean_entity_covariance
external_dual_three_phase_flt4zv_load_25nm,25.0,2,2,355.77927494371175,162.95402056876546,355.77927494371175,False,4,v,fault_test,0.64,False,log_euclidean_entity_covariance
external_dual_three_phase_flt4zv_load_25nm,25.0,3,2,679.2634502639609,282.2755369067748,679.2634502639609,False,4,v,fault_test,0.4,False,log_euclidean_entity_covariance
external_dual_three_phase_flt4zv_load_25nm,25.0,4,2,1264.4417653463404,611.3154152287922,1264.4417653463404,False,4,v,fault_test,0.36,False,log_euclidean_entity_covariance
external_dual_three_phase_flt4zv_load_25nm,25.0,5,2,2295.8089761599863,1249.750783444458,2295.8089761599863,False,4,v,fault_test,0.28,False,log_euclidean_entity_covariance
external_dual_three_phase_flt4zv_load_25nm,25.0,6,2,4082.3395015690166,2607.450242977444,4082.3395015690166,False,4,v,fault_test,0.16,False,log_euclidean_entity_covariance
external_dual_three_phase_flt4zv_load_25nm,25.0,7,2,7628.674351875971,5279.548614738867,7628.674351875971,False,4,v,fault_test,0.04,True,log_euclidean_entity_covariance
external_dual_three_phase_flt4zv_load_30nm,30.0,0,2,417.82650497018824,406.2270972853556,417.82650497018824,False,4,v,fault_test,0.64,False,log_euclidean_entity_covariance
external_dual_three_phase_flt4zv_load_30nm,30.0,1,2,159.00305640857704,148.55029847457578,159.00305640857704,False,4,v,fault_test,1.0,False,log_euclidean_entity_covariance
external_dual_three_phase_flt4zv_load_30nm,30.0,2,2,291.8455498676808,161.02848131460368,291.8455498676808,False,4,v,fault_test,0.76,False,log_euclidean_entity_covariance
external_dual_three_phase_flt4zv_load_30nm,30.0,3,2,625.4496284855022,284.3513013121672,625.4496284855022,False,4,v,fault_test,0.52,False,log_euclidean_entity_covariance
external_dual_three_phase_flt4zv_load_30nm,30.0,4,2,1271.0617994200582,612.8633295687198,1271.0617994200582,False,4,v,fault_test,0.36,False,log_euclidean_entity_covariance
external_dual_three_phase_flt4zv_load_30nm,30.0,5,2,2190.031508957558,1251.1163036035466,2190.031508957558,False,4,v,fault_test,0.28,False,log_euclidean_entity_covariance
external_dual_three_phase_flt4zv_load_30nm,30.0,6,2,4008.2741630526116,2607.837176649868,4008.2741630526116,False,4,v,fault_test,0.16,False,log_euclidean_entity_covariance
external_dual_three_phase_flt4zv_load_30nm,30.0,7,2,7555.8636827180735,5280.834016191739,7555.8636827180735,False,4,v,fault_test,0.04,True,log_euclidean_entity_covariance
external_dual_three_phase_flt4zv_load_35nm,35.0,0,2,413.3278302549583,413.3278302549583,343.65380748435484,False,4,v,fault_test,0.64,False,log_euclidean_entity_covariance
external_dual_three_phase_flt4zv_load_35nm,35.0,1,2,158.19093299858162,145.80169482851338,158.19093299858162,False,4,v,fault_test,1.0,False,log_euclidean_entity_covariance
external_dual_three_phase_flt4zv_load_35nm,35.0,2,2,269.46883698129284,164.92140676496487,269.46883698129284,False,4,v,fault_test,0.76,False,log_euclidean_entity_covariance
external_dual_three_phase_flt4zv_load_35nm,35.0,3,2,571.9976747167732,284.88053466992113,571.9976747167732,False,4,v,fault_test,0.52,False,log_euclidean_entity_covariance
external_dual_three_phase_flt4zv_load_35nm,35.0,4,2,1191.1920147315116,613.7568500114347,1191.1920147315116,False,4,v,fault_test,0.4,False,log_euclidean_entity_covariance
external_dual_three_phase_flt4zv_load_35nm,35.0,5,2,2119.6751319649256,1251.5897489077686,2119.6751319649256,False,4,v,fault_test,0.28,False,log_euclidean_entity_covariance
external_dual_three_phase_flt4zv_load_35nm,35.0,6,2,3993.8431165965717,2609.0482307692196,3993.8431165965717,False,4,v,fault_test,0.16,False,log_euclidean_entity_covariance
external_dual_three_phase_flt4zv_load_35nm,35.0,7,2,7397.546738508024,5145.383089618239,7397.546738508024,False,4,v,fault_test,0.04,True,log_euclidean_entity_covariance
external_dual_three_phase_flt4zv_load_5nm,5.0,0,2,427.41486972785106,427.41486972785106,317.18057177915335,False,4,v,fault_test,0.64,False,log_euclidean_entity_covariance
external_dual_three_phase_flt4zv_load_5nm,5.0,1,2,705.7637592722239,137.03268961729302,705.7637592722239,False,4,v,fault_test,0.4,False,log_euclidean_entity_covariance
external_dual_three_phase_flt4zv_load_5nm,5.0,2,2,1335.4574229842622,139.54974751898942,1335.4574229842622,False,4,v,fault_test,0.28,False,log_euclidean_entity_covariance
external_dual_three_phase_flt4zv_load_5nm,5.0,3,2,1936.748160420128,255.33564389824156,1936.748160420128,False,4,v,fault_test,0.28,False,log_euclidean_entity_covariance
external_dual_three_phase_flt4zv_load_5nm,5.0,4,2,3220.826683962305,585.4762360748032,3220.826683962305,False,4,v,fault_test,0.16,False,log_euclidean_entity_covariance
external_dual_three_phase_flt4zv_load_5nm,5.0,5,2,4252.678961833488,1234.3012077155474,4252.678961833488,False,4,v,fault_test,0.16,False,log_euclidean_entity_covariance
external_dual_three_phase_flt4zv_load_5nm,5.0,6,2,6421.407650694762,2600.673856560047,6421.407650694762,False,4,v,fault_test,0.04,True,log_euclidean_entity_covariance
external_dual_three_phase_flt4zv_load_5nm,5.0,7,2,10584.190650573582,5141.367881849942,10584.190650573582,False,4,v,fault_test,0.04,True,log_euclidean_entity_covariance
external_dual_three_phase_flt5zu_load_0nm,0.0,0,2,408.5522558360504,408.5522558360504,279.1516153034946,False,5,u,fault_test,0.64,False,log_euclidean_entity_covariance
external_dual_three_phase_flt5zu_load_0nm,0.0,1,2,1570.4182483264874,385.12872221638605,1570.4182483264874,False,5,u,fault_test,0.28,False,log_euclidean_entity_covariance
external_dual_three_phase_flt5zu_load_0nm,0.0,2,2,4467.9264902261875,637.581084734694,4467.9264902261875,False,5,u,fault_test,0.16,False,log_euclidean_entity_covariance
external_dual_three_phase_flt5zu_load_0nm,0.0,3,2,9781.900714523203,1226.8567032161513,9781.900714523203,False,5,u,fault_test,0.04,True,log_euclidean_entity_covariance
external_dual_three_phase_flt5zu_load_0nm,0.0,4,2,20245.80623179342,2336.4061312678728,20245.80623179342,False,5,u,fault_test,0.04,True,log_euclidean_entity_covariance
external_dual_three_phase_flt5zu_load_0nm,0.0,5,2,31606.323702274705,5078.105852624873,31606.323702274705,False,5,u,fault_test,0.04,True,log_euclidean_entity_covariance
external_dual_three_phase_flt5zu_load_0nm,0.0,6,2,35886.5023988528,9907.278533023033,35886.5023988528,False,5,u,fault_test,0.04,True,log_euclidean_entity_covariance
external_dual_three_phase_flt5zu_load_0nm,0.0,7,2,30248.722429937086,29870.10195823168,30248.722429937086,False,5,u,fault_test,0.04,True,log_euclidean_entity_covariance
external_dual_three_phase_flt5zu_load_10nm,10.0,0,2,429.2692547171644,429.2692547171644,350.0499299878738,False,5,u,fault_test,0.64,False,log_euclidean_entity_covariance
external_dual_three_phase_flt5zu_load_10nm,10.0,1,2,228.77823666818688,154.4344695539266,228.77823666818688,False,5,u,fault_test,0.88,False,log_euclidean_entity_covariance
external_dual_three_phase_flt5zu_load_10nm,10.0,2,2,894.0356471709316,256.00388328997553,894.0356471709316,False,5,u,fault_test,0.4,False,log_euclidean_entity_covariance
external_dual_three_phase_flt5zu_load_10nm,10.0,3,2,1694.7201098759906,406.4397248853591,1694.7201098759906,False,5,u,fault_test,0.28,False,log_euclidean_entity_covariance
external_dual_three_phase_flt5zu_load_10nm,10.0,4,2,3242.145308257467,802.8511723303608,3242.145308257467,False,5,u,fault_test,0.16,False,log_euclidean_entity_covariance
external_dual_three_phase_flt5zu_load_10nm,10.0,5,2,5611.2154766020085,1529.105623844196,5611.2154766020085,False,5,u,fault_test,0.04,True,log_euclidean_entity_covariance
external_dual_three_phase_flt5zu_load_10nm,10.0,6,2,9453.081160805239,3009.2612206631193,9453.081160805239,False,5,u,fault_test,0.04,True,log_euclidean_entity_covariance
external_dual_three_phase_flt5zu_load_10nm,10.0,7,2,15256.002124355768,5724.03675296645,15256.002124355768,False,5,u,fault_test,0.04,True,log_euclidean_entity_covariance
external_dual_three_phase_flt5zu_load_15nm,15.0,0,2,413.0155647713804,413.0155647713804,396.55812153703556,False,5,u,fault_test,0.64,False,log_euclidean_entity_covariance
external_dual_three_phase_flt5zu_load_15nm,15.0,1,2,191.32134519207955,159.80040371078533,191.32134519207955,False,5,u,fault_test,1.0,False,log_euclidean_entity_covariance
external_dual_three_phase_flt5zu_load_15nm,15.0,2,2,436.8616245894663,199.88265032149639,436.8616245894663,False,5,u,fault_test,0.64,False,log_euclidean_entity_covariance
external_dual_three_phase_flt5zu_load_15nm,15.0,3,2,1117.2998402500034,374.91671357852624,1117.2998402500034,False,5,u,fault_test,0.4,False,log_euclidean_entity_covariance
external_dual_three_phase_flt5zu_load_15nm,15.0,4,2,2340.618652566509,769.4157720807477,2340.618652566509,False,5,u,fault_test,0.28,False,log_euclidean_entity_covariance
external_dual_three_phase_flt5zu_load_15nm,15.0,5,2,4139.209536781829,1481.2193691604894,4139.209536781829,False,5,u,fault_test,0.16,False,log_euclidean_entity_covariance
external_dual_three_phase_flt5zu_load_15nm,15.0,6,2,7211.883236872043,2939.218157639324,7211.883236872043,False,5,u,fault_test,0.04,True,log_euclidean_entity_covariance
external_dual_three_phase_flt5zu_load_15nm,15.0,7,2,12515.538665745824,5781.2096909802585,12515.538665745824,False,5,u,fault_test,0.04,True,log_euclidean_entity_covariance
external_dual_three_phase_flt5zu_load_20nm,20.0,0,2,412.24297082140623,412.24297082140623,410.0110139254052,False,5,u,fault_test,0.64,False,log_euclidean_entity_covariance
external_dual_three_phase_flt5zu_load_20nm,20.0,1,2,156.4572475252356,156.4572475252356,143.39448099385436,False,5,u,fault_test,1.0,False,log_euclidean_entity_covariance
external_dual_three_phase_flt5zu_load_20nm,20.0,2,2,333.0622955337066,193.5784476258066,333.0622955337066,False,5,u,fault_test,0.72,False,log_euclidean_entity_covariance
external_dual_three_phase_flt5zu_load_20nm,20.0,3,2,818.902493961997,359.19259836093477,818.902493961997,False,5,u,fault_test,0.4,False,log_euclidean_entity_covariance
external_dual_three_phase_flt5zu_load_20nm,20.0,4,2,1726.2162990891534,721.3797842955643,1726.2162990891534,False,5,u,fault_test,0.28,False,log_euclidean_entity_covariance
external_dual_three_phase_flt5zu_load_20nm,20.0,5,2,3280.676744201663,1426.5076783330555,3280.676744201663,False,5,u,fault_test,0.16,False,log_euclidean_entity_covariance
external_dual_three_phase_flt5zu_load_20nm,20.0,6,2,6071.0907265825535,2889.9530797581656,6071.0907265825535,False,5,u,fault_test,0.04,True,log_euclidean_entity_covariance
external_dual_three_phase_flt5zu_load_20nm,20.0,7,2,10886.985607848164,5731.986734730097,10886.985607848164,False,5,u,fault_test,0.04,True,log_euclidean_entity_covariance
external_dual_three_phase_flt5zu_load_25nm,25.0,0,2,443.65632215996584,411.57615590267005,443.65632215996584,False,5,u,fault_test,0.64,False,log_euclidean_entity_covariance
external_dual_three_phase_flt5zu_load_25nm,25.0,1,2,156.13061571978147,156.13061571978147,155.72836578976035,False,5,u,fault_test,1.0,False,log_euclidean_entity_covariance
external_dual_three_phase_flt5zu_load_25nm,25.0,2,2,248.39620069312232,186.95911390021902,248.39620069312232,False,5,u,fault_test,0.76,False,log_euclidean_entity_covariance
external_dual_three_phase_flt5zu_load_25nm,25.0,3,2,636.4646561948822,331.2059339405321,636.4646561948822,False,5,u,fault_test,0.48,False,log_euclidean_entity_covariance
external_dual_three_phase_flt5zu_load_25nm,25.0,4,2,1516.6527195404497,727.3820059935904,1516.6527195404497,False,5,u,fault_test,0.28,False,log_euclidean_entity_covariance
external_dual_three_phase_flt5zu_load_25nm,25.0,5,2,2844.6033438357613,1410.587879771166,2844.6033438357613,False,5,u,fault_test,0.16,False,log_euclidean_entity_covariance
external_dual_three_phase_flt5zu_load_25nm,25.0,6,2,5388.054094094663,2857.813610361563,5388.054094094663,False,5,u,fault_test,0.04,True,log_euclidean_entity_covariance
external_dual_three_phase_flt5zu_load_25nm,25.0,7,2,9915.0993250361,5689.66046616934,9915.0993250361,False,5,u,fault_test,0.04,True,log_euclidean_entity_covariance
external_dual_three_phase_flt5zu_load_30nm,30.0,0,2,438.74736602317734,427.98959215284765,438.74736602317734,False,5,u,fault_test,0.64,False,log_euclidean_entity_covariance
external_dual_three_phase_flt5zu_load_30nm,30.0,1,2,174.8544873990414,159.36644087966644,174.8544873990414,False,5,u,fault_test,1.0,False,log_euclidean_entity_covariance
external_dual_three_phase_flt5zu_load_30nm,30.0,2,2,203.53440922587058,177.00164543767704,203.53440922587058,False,5,u,fault_test,1.0,False,log_euclidean_entity_covariance
external_dual_three_phase_flt5zu_load_30nm,30.0,3,2,543.6593949155903,329.42126188440136,543.6593949155903,False,5,u,fault_test,0.52,False,log_euclidean_entity_covariance
external_dual_three_phase_flt5zu_load_30nm,30.0,4,2,1312.4373667247248,712.9594000128498,1312.4373667247248,False,5,u,fault_test,0.28,False,log_euclidean_entity_covariance
external_dual_three_phase_flt5zu_load_30nm,30.0,5,2,2501.839422864383,1389.168540415119,2501.839422864383,False,5,u,fault_test,0.28,False,log_euclidean_entity_covariance
external_dual_three_phase_flt5zu_load_30nm,30.0,6,2,4887.312918741269,2824.6415506347075,4887.312918741269,False,5,u,fault_test,0.16,False,log_euclidean_entity_covariance
external_dual_three_phase_flt5zu_load_30nm,30.0,7,2,9361.499599132425,5664.958065883455,9361.499599132425,False,5,u,fault_test,0.04,True,log_euclidean_entity_covariance
external_dual_three_phase_flt5zu_load_35nm,35.0,0,2,434.2269163942666,419.30314712702994,434.2269163942666,False,5,u,fault_test,0.64,False,log_euclidean_entity_covariance
external_dual_three_phase_flt5zu_load_35nm,35.0,1,2,178.26295952658685,151.69277696226203,178.26295952658685,False,5,u,fault_test,1.0,False,log_euclidean_entity_covariance
external_dual_three_phase_flt5zu_load_35nm,35.0,2,2,205.29626166058307,186.28914901247623,205.29626166058307,False,5,u,fault_test,1.0,False,log_euclidean_entity_covariance
external_dual_three_phase_flt5zu_load_35nm,35.0,3,2,463.70334193514844,322.87801322378533,463.70334193514844,False,5,u,fault_test,0.6,False,log_euclidean_entity_covariance
external_dual_three_phase_flt5zu_load_35nm,35.0,4,2,1136.2280884001264,692.3718081428802,1136.2280884001264,False,5,u,fault_test,0.4,False,log_euclidean_entity_covariance
external_dual_three_phase_flt5zu_load_35nm,35.0,5,2,2289.8688770602525,1377.0397851879445,2289.8688770602525,False,5,u,fault_test,0.28,False,log_euclidean_entity_covariance
external_dual_three_phase_flt5zu_load_35nm,35.0,6,2,4552.729618672342,2797.034485308868,4552.729618672342,False,5,u,fault_test,0.16,False,log_euclidean_entity_covariance
external_dual_three_phase_flt5zu_load_35nm,35.0,7,2,8181.4117914721455,5456.559123206524,8181.4117914721455,False,5,u,fault_test,0.04,True,log_euclidean_entity_covariance
external_dual_three_phase_flt5zu_load_5nm,5.0,0,2,422.22242430770206,422.22242430770206,314.43630269826997,False,5,u,fault_test,0.64,False,log_euclidean_entity_covariance
external_dual_three_phase_flt5zu_load_5nm,5.0,1,2,534.1670453758547,184.25034569644185,534.1670453758547,False,5,u,fault_test,0.52,False,log_euclidean_entity_covariance
external_dual_three_phase_flt5zu_load_5nm,5.0,2,2,1730.9564270856015,321.92983927549244,1730.9564270856015,False,5,u,fault_test,0.28,False,log_euclidean_entity_covariance
external_dual_three_phase_flt5zu_load_5nm,5.0,3,2,3451.8325574257797,487.85215851295277,3451.8325574257797,False,5,u,fault_test,0.16,False,log_euclidean_entity_covariance
external_dual_three_phase_flt5zu_load_5nm,5.0,4,2,6120.6734738297455,940.8543279680944,6120.6734738297455,False,5,u,fault_test,0.04,True,log_euclidean_entity_covariance
external_dual_three_phase_flt5zu_load_5nm,5.0,5,2,9949.970742959817,1630.0665871786052,9949.970742959817,False,5,u,fault_test,0.04,True,log_euclidean_entity_covariance
external_dual_three_phase_flt5zu_load_5nm,5.0,6,2,15760.817416079628,3187.4623976306516,15760.817416079628,False,5,u,fault_test,0.04,True,log_euclidean_entity_covariance
external_dual_three_phase_flt5zu_load_5nm,5.0,7,2,26268.37692850058,5875.999902258218,26268.37692850058,False,5,u,fault_test,0.04,True,log_euclidean_entity_covariance
external_dual_three_phase_flt6zu_load_0nm,0.0,0,2,400.09094835669197,400.09094835669197,340.12654405972074,False,6,u,fault_test,0.64,False,log_euclidean_entity_covariance
external_dual_three_phase_flt6zu_load_0nm,0.0,1,2,1591.6178045554009,418.18881612469244,1591.6178045554009,False,6,u,fault_test,0.28,False,log_euclidean_entity_covariance
external_dual_three_phase_flt6zu_load_0nm,0.0,2,2,4610.212497783056,548.6586419349992,4610.212497783056,False,6,u,fault_test,0.16,False,log_euclidean_entity_covariance
external_dual_three_phase_flt6zu_load_0nm,0.0,3,2,12014.603324957801,1351.8355432221133,12014.603324957801,False,6,u,fault_test,0.04,True,log_euclidean_entity_covariance
external_dual_three_phase_flt6zu_load_0nm,0.0,4,2,21788.87909982353,2459.462591013298,21788.87909982353,False,6,u,fault_test,0.04,True,log_euclidean_entity_covariance
external_dual_three_phase_flt6zu_load_0nm,0.0,5,2,32109.29114088276,5001.58034338315,32109.29114088276,False,6,u,fault_test,0.04,True,log_euclidean_entity_covariance
external_dual_three_phase_flt6zu_load_0nm,0.0,6,2,33704.15402520216,9529.763463562567,33704.15402520216,False,6,u,fault_test,0.04,True,log_euclidean_entity_covariance
external_dual_three_phase_flt6zu_load_0nm,0.0,7,2,29074.87171810328,17048.176336072313,29074.87171810328,False,6,u,fault_test,0.04,True,log_euclidean_entity_covariance
external_dual_three_phase_flt6zu_load_10nm,10.0,0,2,419.9742873312543,419.9742873312543,374.00785634113396,False,6,u,fault_test,0.64,False,log_euclidean_entity_covariance
external_dual_three_phase_flt6zu_load_10nm,10.0,1,2,332.52795310149975,159.3882665820984,332.52795310149975,False,6,u,fault_test,0.72,False,log_euclidean_entity_covariance
external_dual_three_phase_flt6zu_load_10nm,10.0,2,2,864.4070463847262,208.02267588693792,864.4070463847262,False,6,u,fault_test,0.4,False,log_euclidean_entity_covariance
external_dual_three_phase_flt6zu_load_10nm,10.0,3,2,1835.2494878122864,411.1319253023824,1835.2494878122864,False,6,u,fault_test,0.28,False,log_euclidean_entity_covariance
external_dual_three_phase_flt6zu_load_10nm,10.0,4,2,3608.1443319820514,830.027989186433,3608.1443319820514,False,6,u,fault_test,0.16,False,log_euclidean_entity_covariance
external_dual_three_phase_flt6zu_load_10nm,10.0,5,2,6030.231551103313,1509.9444558700275,6030.231551103313,False,6,u,fault_test,0.04,True,log_euclidean_entity_covariance
external_dual_three_phase_flt6zu_load_10nm,10.0,6,2,9922.033460871931,2978.254357951407,9922.033460871931,False,6,u,fault_test,0.04,True,log_euclidean_entity_covariance
external_dual_three_phase_flt6zu_load_10nm,10.0,7,2,15628.92847821632,5688.614026625351,15628.92847821632,False,6,u,fault_test,0.04,True,log_euclidean_entity_covariance
external_dual_three_phase_flt6zu_load_15nm,15.0,0,2,425.60428737593304,425.60428737593304,396.61509297731953,False,6,u,fault_test,0.64,False,log_euclidean_entity_covariance
external_dual_three_phase_flt6zu_load_15nm,15.0,1,2,258.4784002609366,164.17623438764622,258.4784002609366,False,6,u,fault_test,0.76,False,log_euclidean_entity_covariance
external_dual_three_phase_flt6zu_load_15nm,15.0,2,2,535.0579022417558,195.2124346518266,535.0579022417558,False,6,u,fault_test,0.52,False,log_euclidean_entity_covariance
external_dual_three_phase_flt6zu_load_15nm,15.0,3,2,1220.0757538717576,379.4938305801657,1220.0757538717576,False,6,u,fault_test,0.4,False,log_euclidean_entity_covariance
external_dual_three_phase_flt6zu_load_15nm,15.0,4,2,2492.5900893691037,755.9530023616902,2492.5900893691037,False,6,u,fault_test,0.28,False,log_euclidean_entity_covariance
external_dual_three_phase_flt6zu_load_15nm,15.0,5,2,4391.215689098143,1482.9315272723873,4391.215689098143,False,6,u,fault_test,0.16,False,log_euclidean_entity_covariance
external_dual_three_phase_flt6zu_load_15nm,15.0,6,2,7646.53460178675,2948.224078665186,7646.53460178675,False,6,u,fault_test,0.04,True,log_euclidean_entity_covariance
external_dual_three_phase_flt6zu_load_15nm,15.0,7,2,12940.983847350366,5767.173230529046,12940.983847350366,False,6,u,fault_test,0.04,True,log_euclidean_entity_covariance
external_dual_three_phase_flt6zu_load_20nm,20.0,0,2,422.99526738467245,422.99526738467245,386.60129594362377,False,6,u,fault_test,0.64,False,log_euclidean_entity_covariance
external_dual_three_phase_flt6zu_load_20nm,20.0,1,2,171.37357629440984,155.56674490225873,171.37357629440984,False,6,u,fault_test,1.0,False,log_euclidean_entity_covariance
external_dual_three_phase_flt6zu_load_20nm,20.0,2,2,403.81106818799327,198.08441066204577,403.81106818799327,False,6,u,fault_test,0.64,False,log_euclidean_entity_covariance
external_dual_three_phase_flt6zu_load_20nm,20.0,3,2,881.0897624392845,347.2470659194346,881.0897624392845,False,6,u,fault_test,0.4,False,log_euclidean_entity_covariance
external_dual_three_phase_flt6zu_load_20nm,20.0,4,2,1922.4829603843555,729.404699441215,1922.4829603843555,False,6,u,fault_test,0.28,False,log_euclidean_entity_covariance
external_dual_three_phase_flt6zu_load_20nm,20.0,5,2,3508.557608080497,1436.6884437644408,3508.557608080497,False,6,u,fault_test,0.16,False,log_euclidean_entity_covariance
external_dual_three_phase_flt6zu_load_20nm,20.0,6,2,6257.733425161082,2893.331418380623,6257.733425161082,False,6,u,fault_test,0.04,True,log_euclidean_entity_covariance
external_dual_three_phase_flt6zu_load_20nm,20.0,7,2,11278.992516783774,5717.002244393332,11278.992516783774,False,6,u,fault_test,0.04,True,log_euclidean_entity_covariance
external_dual_three_phase_flt6zu_load_25nm,25.0,0,2,431.9446189957099,419.30848287941814,431.9446189957099,False,6,u,fault_test,0.64,False,log_euclidean_entity_covariance
external_dual_three_phase_flt6zu_load_25nm,25.0,1,2,157.95499031008762,157.95499031008762,138.37643544081197,False,6,u,fault_test,1.0,False,log_euclidean_entity_covariance
external_dual_three_phase_flt6zu_load_25nm,25.0,2,2,273.08739309760045,180.14952518206667,273.08739309760045,False,6,u,fault_test,0.76,False,log_euclidean_entity_covariance
external_dual_three_phase_flt6zu_load_25nm,25.0,3,2,720.6312731878309,332.5098603931215,720.6312731878309,False,6,u,fault_test,0.4,False,log_euclidean_entity_covariance
external_dual_three_phase_flt6zu_load_25nm,25.0,4,2,1608.619561708032,722.9422646954635,1608.619561708032,False,6,u,fault_test,0.28,False,log_euclidean_entity_covariance
external_dual_three_phase_flt6zu_load_25nm,25.0,5,2,3001.1352149751688,1408.8652542692355,3001.1352149751688,False,6,u,fault_test,0.16,False,log_euclidean_entity_covariance
external_dual_three_phase_flt6zu_load_25nm,25.0,6,2,5511.952842345556,2839.956784377329,5511.952842345556,False,6,u,fault_test,0.04,True,log_euclidean_entity_covariance
external_dual_three_phase_flt6zu_load_25nm,25.0,7,2,10321.320012002332,5682.738274945134,10321.320012002332,False,6,u,fault_test,0.04,True,log_euclidean_entity_covariance
external_dual_three_phase_flt6zu_load_30nm,30.0,0,2,437.75587828288803,406.9217092842115,437.75587828288803,False,6,u,fault_test,0.64,False,log_euclidean_entity_covariance
external_dual_three_phase_flt6zu_load_30nm,30.0,1,2,159.8478175470917,156.54343503328838,159.8478175470917,False,6,u,fault_test,1.0,False,log_euclidean_entity_covariance
external_dual_three_phase_flt6zu_load_30nm,30.0,2,2,274.23179432266977,192.44847706345985,274.23179432266977,False,6,u,fault_test,0.76,False,log_euclidean_entity_covariance
external_dual_three_phase_flt6zu_load_30nm,30.0,3,2,615.8326295038305,332.4444179361958,615.8326295038305,False,6,u,fault_test,0.52,False,log_euclidean_entity_covariance
external_dual_three_phase_flt6zu_load_30nm,30.0,4,2,1393.1627810087043,699.042591405095,1393.1627810087043,False,6,u,fault_test,0.28,False,log_euclidean_entity_covariance
external_dual_three_phase_flt6zu_load_30nm,30.0,5,2,2663.0408698303627,1385.0153967101373,2663.0408698303627,False,6,u,fault_test,0.16,False,log_euclidean_entity_covariance
external_dual_three_phase_flt6zu_load_30nm,30.0,6,2,5166.8056241843815,2845.838227058556,5166.8056241843815,False,6,u,fault_test,0.04,True,log_euclidean_entity_covariance
external_dual_three_phase_flt6zu_load_30nm,30.0,7,2,9589.542607965725,5528.604664920398,9589.542607965725,False,6,u,fault_test,0.04,True,log_euclidean_entity_covariance
external_dual_three_phase_flt6zu_load_35nm,35.0,0,2,436.4267537734772,419.53761806905794,436.4267537734772,False,6,u,fault_test,0.64,False,log_euclidean_entity_covariance
external_dual_three_phase_flt6zu_load_35nm,35.0,1,2,177.1926620139036,157.9061864849998,177.1926620139036,False,6,u,fault_test,1.0,False,log_euclidean_entity_covariance
external_dual_three_phase_flt6zu_load_35nm,35.0,2,2,207.20786983243488,179.92418230800195,207.20786983243488,False,6,u,fault_test,1.0,False,log_euclidean_entity_covariance
external_dual_three_phase_flt6zu_load_35nm,35.0,3,2,510.9474341492192,320.23013185112967,510.9474341492192,False,6,u,fault_test,0.52,False,log_euclidean_entity_covariance
external_dual_three_phase_flt6zu_load_35nm,35.0,4,2,1191.8026537156309,685.062490506937,1191.8026537156309,False,6,u,fault_test,0.4,False,log_euclidean_entity_covariance
external_dual_three_phase_flt6zu_load_35nm,35.0,5,2,2459.051892716272,1384.1609645278036,2459.051892716272,False,6,u,fault_test,0.28,False,log_euclidean_entity_covariance
external_dual_three_phase_flt6zu_load_35nm,35.0,6,2,4709.701622713226,2808.735229285014,4709.701622713226,False,6,u,fault_test,0.16,False,log_euclidean_entity_covariance
external_dual_three_phase_flt6zu_load_35nm,35.0,7,2,8453.899523013379,5458.878221915329,8453.899523013379,False,6,u,fault_test,0.04,True,log_euclidean_entity_covariance
external_dual_three_phase_flt6zu_load_5nm,5.0,0,2,405.4192679727128,405.4192679727128,286.17653471884415,False,6,u,fault_test,0.64,False,log_euclidean_entity_covariance
external_dual_three_phase_flt6zu_load_5nm,5.0,1,2,794.7628416715012,191.05238118923245,794.7628416715012,False,6,u,fault_test,0.4,False,log_euclidean_entity_covariance
external_dual_three_phase_flt6zu_load_5nm,5.0,2,2,2008.3038003831966,286.0563231890703,2008.3038003831966,False,6,u,fault_test,0.28,False,log_euclidean_entity_covariance
external_dual_three_phase_flt6zu_load_5nm,5.0,3,2,3691.8345149833062,456.98460649612105,3691.8345149833062,False,6,u,fault_test,0.16,False,log_euclidean_entity_covariance
external_dual_three_phase_flt6zu_load_5nm,5.0,4,2,6280.6296200065,877.2944990989687,6280.6296200065,False,6,u,fault_test,0.04,True,log_euclidean_entity_covariance
external_dual_three_phase_flt6zu_load_5nm,5.0,5,2,10540.978159885179,1618.0936483538235,10540.978159885179,False,6,u,fault_test,0.04,True,log_euclidean_entity_covariance
external_dual_three_phase_flt6zu_load_5nm,5.0,6,2,17037.911164345936,3136.696600974308,17037.911164345936,False,6,u,fault_test,0.04,True,log_euclidean_entity_covariance
external_dual_three_phase_flt6zu_load_5nm,5.0,7,2,27954.774115515553,5931.405392824615,27954.774115515553,False,6,u,fault_test,0.04,True,log_euclidean_entity_covariance
